PWS_NAME,PWSID,CITIES_SERVED,STATE_CODE,ZIP_CODES_SERVED,COUNTIES_SERVED,EPA_REGION,REGISTRY_ID,INDIAN_COUNTRY,PWS_TYPE_CODE,PWS_TYPE_DESC,PRIMARY_SOURCE_CODE,PRIMARY_SOURCE_DESC,POPULATION_SERVED_COUNT,PWS_ACTIVITY_CODE,PWS_ACTIVITY_DESC,OWNER_TYPE_CODE,OWNER_DESC,QTRS_WITH_VIO,QTRS_WITH_SNC,SERIOUS_VIOLATOR,HEALTH_FLAG,MR_FLAG,PN_FLAG,OTHER_FLAG,NEW_VIO_FLG,RULES_VIO_3YR,RULES_VIO,VIOPACCR,VIOREMAIN,VIOFEANOT,VIORTCFEA,VIORTCNOFEA,IFEA,FEAS,SDW_DATE_LAST_IEA,SDW_DATE_LAST_IEA_EPA,SDW_DATE_LAST_IEA_ST,SDW_DATE_LAST_FEA,SDW_DATE_LAST_FEA_EPA,SDW_DATE_LAST_FEA_ST,SDWA_CONTAMINANTS_IN_VIOL_3YR,SDWA_CONTAMINANTS_IN_CUR_VIOL,PB_ALE,CU_ALE,RC_350_VIOL,DFR_URL,FIPS_CODES,SNC,GW_SW_CODE,SDWA_3YR_COMPL_QTRS_HISTORY,SDWA_CONTAMINANTS,TRIBAL_FLAG,FEA_FLAG,IEA_FLAG,SNC_FLAG,CURR_VIO_FLAG,VIO_FLAG,INSP_5YR_FLAG,SERVICE_AREA_TYPE_CODE,SERVICE_AREA_TYPE_DESC,VIOLATION_CATEGORIES,SANSURVEY5YR,DATE_LAST_SANSURVEY,DATE_LAST_SURVEY_ACT,SIGNIFICANT_DEFICIENCY_COUNT,SIGNIFICANT_DEFICIENCY_COUNT_ILS,SIG_DEF_COUNT_ILS_ACT,SDW_DATE_LAST_VISIT,SDW_DATE_LAST_VISIT_EPA,SDW_DATE_LAST_VISIT_STATE,SDW_DATE_LAST_VISIT_LOCAL,SITE_VISITS_5YR_ALL,SITE_VISITS_5YR_INSPECTIONS,SITE_VISITS_5YR_OTHER,WEB_DOCS,border_county
RIO WSC,TX2140016,,TX,,Starr,06,110013212521,N,CWS,Community water system,SW,Surface water,6939,A,Active,L,Local government,12,2,No,No,No,Yes,Yes,No,5,1,23,4,,,19,23,,03/16/2026,05/14/1991,03/16/2026,08/18/2020,,08/18/2020,0300=Interim Enhanced Surface Water Treatment Rule; 7500=Public Notice,7500=Public Notice,,,1,https://echo.epa.gov/detailed-facility-report?fid=110013212521,48427,In Violation,SW,VSVVVVVSVVVVV,0300=Interim Enhanced Surface Water Treatment Rule; 1040=Nitrate; 2456=Total Haloacetic Acids (HAA5); 2950=TTHM; 5000=Lead and Copper Rule; 5200=LEAD AND COPPER RULE REVISIONS; 7000=Consumer Confidence Rule; 7500=Public Notice,0,0,1,0,1,1,1,RA,Residential Area,Monitoring and Reporting | Other Violation | Reporting Violation | Treatment Technique Violation,4,01/21/2026,01/21/2026,,,,01/21/2026,,01/21/2026,,4,0,4,,Starr
EAST GATE MOBILE HOME PARK,TX2200207,,TX,,Hidalgo,06,110048924330,N,CWS,Community water system,GW,Ground water,195,I,Inactive,P,Private,0,0,No,No,No,No,No,No,0,0,0,0,,,,,,04/01/1985,,04/01/1985,,,,,,,,,https://echo.epa.gov/detailed-facility-report?fid=110048924330,48215,Inactive,GW,             ,,0,0,0,0,0,0,0,,,,,,,,,,,,,,0,0,,,Hidalgo
STRUVE IMPLEMENT CO,TX0950042,,TX,,Presidio,06,110049672270,N,TNCWS,Transient non-community system,GW,Ground water,50,I,Inactive,P,Private,0,0,No,No,No,No,No,No,0,0,0,0,,,,,,,,,,,,,,,,,https://echo.epa.gov/detailed-facility-report?fid=110049672270,48377,Inactive,GW,             ,,0,0,0,0,0,0,0,,,,,,,,,,,,,,0,0,,,Presidio
SOUTHERN COMFORT MOBILE HOME PARK,TX1080230,,TX,,Hidalgo,06,110052917705,N,NTNCWS,Non-Transient non-community system,SWP,Surface water purchased,600,I,Inactive,P,Private,0,0,No,No,No,No,No,No,0,0,0,0,,,,,,01/10/1995,01/10/1995,,,,,,,,,,https://echo.epa.gov/detailed-facility-report?fid=110052917705,48215,Inactive,SW,             ,,0,0,0,0,0,0,0,MH,Mobile Home Park,,,,,,,,,,,,0,0,,,Hidalgo
ZEBRA SHOW BAR,TX0710189,,TX,,El Paso,06,110053030536,N,TNCWS,Transient non-community system,GW,Ground water,109,N,Changed from public to non-public,P,Private,0,0,No,No,No,No,No,No,0,0,0,0,,,,,,09/14/2017,,09/14/2017,02/06/2015,,02/06/2015,,,,,,https://echo.epa.gov/detailed-facility-report?fid=110053030536,48141,Inactive,GW,             ,,0,0,0,0,0,0,0,OT,Other Transient Area,,,,,,,,,,06/17/2014,,0,0,,,El Paso
YAJUA CANDIES,TX0710213,,TX,,El Paso,06,110070784687,N,TNCWS,Transient non-community system,SWP,Surface water purchased,0,N,Changed from public to non-public,P,Private,0,0,No,No,No,No,No,No,0,0,0,0,,,,,,05/13/2019,,05/13/2019,,,,,,,,,https://echo.epa.gov/detailed-facility-report?fid=110070784687,48141,Inactive,SW,             ,,0,0,0,0,0,0,0,OT,Other Transient Area,,,,,,,,,,,,0,0,,,El Paso
FORT BLISS MAIN POST AREA,TX0710020,,TX,,El Paso,06,110012935226,N,CWS,Community water system,GW,Ground water,28000,A,Active,P,Private,0,0,No,No,No,No,No,No,0,0,0,0,,,,,,12/03/2018,06/28/1993,12/03/2018,,,,,,,,,https://echo.epa.gov/detailed-facility-report?fid=110012935226,48141,No Violation,GW,_____________,,0,0,0,0,0,0,1,OR,Other Residential,,1,10/19/2023,10/19/2023,,,,10/19/2023,,10/19/2023,,1,0,1,,El Paso
HILDE'S DINER,TX0710133,,TX,,El Paso,06,110049881393,N,TNCWS,Transient non-community system,GWP,Ground water purchased,25,I,Inactive,P,Private,0,0,No,No,No,No,No,No,0,0,0,0,,,,,,10/20/1991,,10/20/1991,,,,,,,,,https://echo.epa.gov/detailed-facility-report?fid=110049881393,48141,Inactive,GW,             ,,0,0,0,0,0,0,0,RS,Restaurant,,,,,,,,,,,,0,0,,,El Paso
POOVEY FARMS HOUSING (LC),TX0950023,,TX,,Presidio,06,110049672074,N,TNCWS,Transient non-community system,GW,Ground water,20,I,Inactive,P,Private,0,0,No,No,No,No,No,No,0,0,0,0,,,,,,08/01/1980,,08/01/1980,,,,,,,,,https://echo.epa.gov/detailed-facility-report?fid=110049672074,48377,Inactive,GW,             ,,0,0,0,0,0,0,0,,,,,,,,,,,,,,0,0,,,Presidio
PUEBLO NUEVO SUBDIVISION,TX2400038,,TX,,Webb,06,110048643367,N,CWS,Community water system,GW,Ground water,0,N,Changed from public to non-public,P,Private,0,0,No,No,No,No,No,No,0,0,0,0,,,,,,05/21/2012,,05/21/2012,,,,,,,,,https://echo.epa.gov/detailed-facility-report?fid=110048643367,48479,Inactive,GW,             ,,0,0,0,0,0,0,0,RA,Residential Area,,,,,,,,,,,,0,0,,,Webb
NATIONAL GUARD BASECAMP KELLY ZAPATA,TX2530027,,TX,,Zapata,06,110071300174,N,NTNCWS,Non-Transient non-community system,SWP,Surface water purchased,0,N,Changed from public to non-public,P,Private,5,1,No,No,No,No,No,No,4,0,22,0,,,22,43,,04/26/2024,,04/26/2024,,,,1040=Nitrate; 5000=Lead and Copper Rule; 8000=Revised Total Coliform Rule,,,,,https://echo.epa.gov/detailed-facility-report?fid=110071300174,48505,Inactive,SW,VVVSV        ,1040=Nitrate; 5000=Lead and Copper Rule; 7500=Public Notice; 8000=Revised Total Coliform Rule,0,0,1,0,0,1,0,ON,Other Non-transient Area,Monitoring Violation | Monitoring and Reporting | Other Violation,,,,,,,,,,,0,0,,,Zapata
CHAMBERS CO.-WHITE PARK,TX0360062,,TX,,El Paso,06,110049889992,N,TNCWS,Transient non-community system,GW,Ground water,50,I,Inactive,L,Local government,0,0,No,No,No,No,No,No,0,0,0,0,,,,,,04/01/1981,,04/01/1981,,,,,,,,,https://echo.epa.gov/detailed-facility-report?fid=110049889992,48141,Inactive,GW,             ,,0,0,0,0,0,0,0,,,,,,,,,,,,,,0,0,,,El Paso
PROLER INTERNATIONAL CORPORATON,TX0710054,,TX,,El Paso,06,110049962162,N,NTNCWS,Non-Transient non-community system,GW,Ground water,48,I,Inactive,P,Private,0,0,No,No,No,No,No,No,0,0,0,0,,,,,,07/01/1985,,07/01/1985,,,,,,,,,https://echo.epa.gov/detailed-facility-report?fid=110049962162,48141,Inactive,GW,             ,,0,0,0,0,0,0,0,IA,Industrial/Agricultural,,,,,,,,,,,,0,0,,,El Paso
SUNSET VILLA TRAILER PARK,TX2530012,,TX,,Zapata,06,110048923509,N,CWS,Community water system,SW,Surface water,100,I,Inactive,P,Private,0,0,No,No,No,No,No,No,0,0,0,0,,,,,,09/01/1981,,09/01/1981,06/12/1981,,06/12/1981,,,,,,https://echo.epa.gov/detailed-facility-report?fid=110048923509,48505,Inactive,SW,             ,,0,0,0,0,0,0,0,,,,,,,,,,,,,,0,0,,,Zapata
LOS BOTINES WSC,TX2400043,,TX,,Webb,06,110063341815,N,CWS,Community water system,GW,Ground water,54,A,Active,P,Private,12,12,Yes,No,Yes,Yes,Yes,Yes,9,3,135,127,57,,8,292,2,06/02/2026,,06/02/2026,06/26/2024,11/06/2017,06/26/2024,"0999=Chlorine; 1040=Nitrate; 2378=1,2,4-Trichlorobenzene; 2380=cis-1,2-Dichloroethylene; 2456=Total Haloacetic Acids (HAA5); 2950=TTHM; 2955=Xylenes, Total; 2964=DICHLOROMETHANE; 2968=o-Dichlorobenzene; 2969=p-Dichlorobenzene; 2976=Vinyl chloride; 2977=1,1-Dichloroethylene; 2979=trans-1,2-Dichloroethylene; 2980=1,2-Dichloroethane; 2981=1,1,1-Trichloroethane; 2982=Carbon tetrachloride; 2983=1,2-Dichloropropane; 2984=Trichloroethylene; 2985=1,1,2-Trichloroethane; 2987=Tetrachloroethylene; 2989=CHLOROBENZENE; 2990=Benzene; 2991=Toluene; 2992=Ethylbenzene; 2996=Styrene; 4000=Gross Alpha, Excl. Radon and U; 4006=Combined Uranium; 4010=Combined Radium (-226 and -228); 5000=Lead and Copper Rule; 7000=Consumer Confidence Rule; 7500=Public Notice; 8000=Revised Total Coliform Rule",5000=Lead and Copper Rule; 7000=Consumer Confidence Rule; 7500=Public Notice; 8000=Revised Total Coliform Rule,,,,https://echo.epa.gov/detailed-facility-report?fid=110063341815,48479,Enforcement Priority,GW,SSSSSSSSSSSSV,"0999=Chlorine; 1005=Arsenic; 1010=Barium; 1015=Cadmium; 1020=Chromium; 1024=CYANIDE; 1025=Fluoride; 1035=Mercury; 1040=Nitrate; 1041=Nitrite; 1045=Selenium; 1074=Antimony, Total; 1075=Beryllium, Total; 1085=Thallium, Total; 2031=Dalapon; 2036=OXAMYL; 2040=Picloram; 2041=Dinoseb; 2043=Aldicarb sulfoxide; 2044=Aldicarb sulfone; 2046=Carbofuran; 2047=Aldicarb; 2105=2,4-D; 2110=2,4,5-TP; 2378=1,2,4-Trichlorobenzene; 2380=cis-1,2-Dichloroethylene; 2456=Total Haloacetic Acids (HAA5); 2931=1,2-DIBROMO-3-CHLOROPROPANE; 2946=ETHYLENE DIBROMIDE; 2950=TTHM; 2955=Xylenes, Total; 2964=DICHLOROMETHANE; 2968=o-Dichlorobenzene; 2969=p-Dichlorobenzene; 2976=Vinyl chloride; 2977=1,1-Dichloroethylene; 2979=trans-1,2-Dichloroethylene; 2980=1,2-Dichloroethane; 2981=1,1,1-Trichloroethane; 2982=Carbon tetrachloride; 2983=1,2-Dichloropropane; 2984=Trichloroethylene; 2985=1,1,2-Trichloroethane; 2987=Tetrachloroethylene; 2989=CHLOROBENZENE; 2990=Benzene; 2991=Toluene; 2992=Ethylbenzene; 2996=Styrene; 4000=Gross Alpha, Excl. Radon and U; 4006=Combined Uranium; 4010=Combined Radium (-226 and -228); 5000=Lead and Copper Rule; 7000=Consumer Confidence Rule; 7500=Public Notice; 8000=Revised Total Coliform Rule",0,1,1,1,1,1,1,RA,Residential Area,Monitoring Violation | Monitoring and Reporting | Other Violation,2,05/20/2024,05/20/2024,,,,05/20/2024,,05/20/2024,,2,0,2,,Webb
EAST MONTANA WS E & L NONPROFIT WT,TX0710087,,TX,,El Paso,06,110049721878,N,CWS,Community water system,GW,Ground water,60,I,Inactive,L,Local government,0,0,No,No,No,No,No,No,0,0,0,0,,,,,,03/30/2000,03/30/2000,01/20/1991,,,,,,,,,https://echo.epa.gov/detailed-facility-report?fid=110049721878,48141,Inactive,GW,             ,,0,0,0,0,0,0,0,RA,Residential Area,,,,,,,,,,,,0,0,,,El Paso
CBP LAREDO SOFTSIDE FACILITY,TX2400047,,TX,,Webb,06,110071196206,N,TNCWS,Transient non-community system,SWP,Surface water purchased,0,N,Changed from public to non-public,P,Private,0,0,No,No,No,No,No,No,0,0,0,0,,,,,,,,,,,,,,,,,https://echo.epa.gov/detailed-facility-report?fid=110071196206,48479,Inactive,SW,_________    ,,0,0,0,0,0,0,0,OT,Other Transient Area,,,,,,,,,,,,0,0,,,Webb
MONTE ALTO WATER AND SEWER,TX1080069,,TX,,Hidalgo,06,110048223588,N,CWS,Community water system,SW,Surface water,1600,I,Inactive,P,Private,0,0,No,No,No,No,No,No,0,0,0,0,,,,,,07/20/1991,,07/20/1991,,,,,,,,,https://echo.epa.gov/detailed-facility-report?fid=110048223588,48215,Inactive,SW,             ,,0,0,0,0,0,0,0,RA,Residential Area,,,,,,,,,,,,0,0,,,Hidalgo
LANES CAFE,TX2140021,,TX,,Starr,06,110052933233,N,TNCWS,Transient non-community system,GW,Ground water,40,N,Changed from public to non-public,P,Private,0,0,No,No,No,No,No,No,0,0,0,0,,,,,,12/01/1984,,12/01/1984,,,,,,,,,https://echo.epa.gov/detailed-facility-report?fid=110052933233,48427,Inactive,GW,             ,,0,0,0,0,0,0,0,RS,Restaurant,,,,,,,,,,,,0,0,,,Starr
WEBB COUNTY DETENTION CENTER,TX2400020,,TX,,Webb,06,110052946611,N,TNCWS,Transient non-community system,SWP,Surface water purchased,150,I,Inactive,L,Local government,0,0,No,No,No,No,No,No,0,0,0,0,,,,,,09/01/1987,,09/01/1987,,,,,,,,,https://echo.epa.gov/detailed-facility-report?fid=110052946611,48479,Inactive,SW,             ,,0,0,0,0,0,0,0,,,,,,,,,,,,,,0,0,,,Webb
SUNNYSIDE SUB.,TX0360043,,TX,,El Paso,06,110049510640,N,CWS,Community water system,GW,Ground water,90,I,Inactive,P,Private,0,0,No,No,No,No,No,No,0,0,0,0,,,,,,06/01/1985,,06/01/1985,,,,,,,,,https://echo.epa.gov/detailed-facility-report?fid=110049510640,48141,Inactive,GW,             ,,0,0,0,0,0,0,0,,,,,,,,,,,,,,0,0,,,El Paso
VAQUERO WAREHOUSE,TX2400042,,TX,,Webb,06,110063371818,N,TNCWS,Transient non-community system,GW,Ground water,0,N,Changed from public to non-public,P,Private,0,0,No,No,No,No,No,No,0,0,0,0,,,,,,07/11/2013,,07/11/2013,,,,,,,,,https://echo.epa.gov/detailed-facility-report?fid=110063371818,48479,Inactive,GW,             ,,0,0,0,0,0,0,0,OT,Other Transient Area,,,,,,,,,,,,0,0,,,Webb
LINES CACTUS GROVE MHP,TX0220038,,TX,,Brewster,06,110022986296,N,CWS,Community water system,GW,Ground water,0,N,Changed from public to non-public,P,Private,0,0,No,No,No,No,No,No,0,0,0,0,,,,,,08/14/2012,,08/14/2012,05/03/2009,,05/03/2009,,,,,,https://echo.epa.gov/detailed-facility-report?fid=110022986296,48043,Inactive,GW,             ,,0,0,0,0,0,0,0,MH,Mobile Home Park,,,,,,,,,,04/17/2012,,0,0,,,Brewster
LUCYS BAKERY,TX0710142,,TX,,El Paso,06,110049525929,N,TNCWS,Transient non-community system,SWP,Surface water purchased,25,I,Inactive,P,Private,0,0,No,No,No,No,No,No,0,0,0,0,,,,,,04/30/1992,04/30/1992,07/20/1991,,,,,,,,,https://echo.epa.gov/detailed-facility-report?fid=110049525929,48141,Inactive,SW,             ,,0,0,0,0,0,0,0,OT,Other Transient Area,,,,,,,,,,,,0,0,,,El Paso
HOMESTEAD SUBDIVISION,TX0710092,,TX,,El Paso,06,110013277845,N,CWS,Community water system,SWP,Surface water purchased,4170,N,Changed from public to non-public,L,Local government,0,0,No,No,No,No,No,No,0,0,0,0,,,,,,07/21/2009,,07/21/2009,,,,,,,,,https://echo.epa.gov/detailed-facility-report?fid=110013277845,48141,Inactive,SW,             ,,0,0,0,0,0,0,0,RA,Residential Area,,,,,,,,,,10/16/2007,,0,0,,,El Paso
ESTHERS TAVERN,TX0710144,,TX,,El Paso,06,110049526161,N,TNCWS,Transient non-community system,SWP,Surface water purchased,25,I,Inactive,P,Private,0,0,No,No,No,No,No,No,0,0,0,0,,,,,,07/17/1991,07/17/1991,06/20/1991,,,,,,,,,https://echo.epa.gov/detailed-facility-report?fid=110049526161,48141,Inactive,SW,             ,,0,0,0,0,0,0,0,RS,Restaurant,,,,,,,,,,,,0,0,,,El Paso
RIO LOBO TRAILER PARK,TX0950052,,TX,,Presidio,06,110049672467,N,CWS,Community water system,GW,Ground water,38,I,Inactive,P,Private,0,0,No,No,No,No,No,No,0,0,0,0,,,,,,11/01/1982,,11/01/1982,,,,,,,,,https://echo.epa.gov/detailed-facility-report?fid=110049672467,48377,Inactive,GW,             ,,0,0,0,0,0,0,0,,,,,,,,,,,,,,0,0,,,Presidio
EL TIGRE ISLAND,TX2530021,,TX,,Zapata,06,110052916056,N,TNCWS,Transient non-community system,GW,Ground water,75,I,Inactive,P,Private,0,0,No,No,No,No,No,No,0,0,0,0,,,,,,09/01/1980,,09/01/1980,,,,,,,,,https://echo.epa.gov/detailed-facility-report?fid=110052916056,48505,Inactive,GW,             ,,0,0,0,0,0,0,0,,,,,,,,,,,,,,0,0,,,Zapata
CONTINENTAL OIL CO GAS PLT-RINCON,TX2140024,,TX,,Starr,06,110053510143,N,NTNCWS,Non-Transient non-community system,GW,Ground water,10,I,Inactive,P,Private,0,0,No,No,No,No,No,No,0,0,0,0,,,,,,11/01/1979,,11/01/1979,,,,,,,,,https://echo.epa.gov/detailed-facility-report?fid=110053510143,48427,Inactive,GW,             ,,0,0,0,0,0,0,0,IA,Industrial/Agricultural,,,,,,,,,,,,0,0,,,Starr
LYNDALL SHARP TRAILER PARK,TX0580003,,TX,,Hudspeth,06,110049867426,N,CWS,Community water system,GW,Ground water,11,I,Inactive,P,Private,0,0,No,No,No,No,No,No,0,0,0,0,,,,,,01/01/1980,,01/01/1980,,,,,,,,,https://echo.epa.gov/detailed-facility-report?fid=110049867426,48229,Inactive,GW,             ,,0,0,0,0,0,0,0,,,,,,,,,,,,,,0,0,,,Hudspeth
STARBASE SPACEX WATER HAULER,TX0310164,,TX,,Cameron,06,110071699570,N,TNCWS,Transient non-community system,SWP,Surface water purchased,806,A,Active,P,Private,0,0,No,No,No,No,No,No,0,0,0,0,,,,,,,,,,,,,,,,,https://echo.epa.gov/detailed-facility-report?fid=110071699570,48061,No Violation,SW,_____________,,0,0,0,0,0,0,0,DI,Dispenser,,,,,,,,,,,,0,0,,,Cameron
STORM SERVICES WATER HAULER DEL RIO,TX2330076,,TX,,Val Verde,06,110071341864,N,TNCWS,Transient non-community system,SWP,Surface water purchased,0,N,Changed from public to non-public,P,Private,6,1,No,No,No,No,No,No,3,0,23,0,,,23,33,,06/27/2024,,06/27/2024,,,,1040=Nitrate; 8000=Revised Total Coliform Rule,,,,,https://echo.epa.gov/detailed-facility-report?fid=110071341864,48465,Inactive,SW,VVVSVV       ,1040=Nitrate; 7500=Public Notice; 8000=Revised Total Coliform Rule,0,0,1,0,0,1,0,DI,Dispenser,Monitoring Violation | Monitoring and Reporting | Other Violation,,,,,,,,,,,0,0,,,Val Verde
SOCORRO ISD - WATER TRUCK,TX0710126,,TX,,El Paso,06,110049487943,N,NTNCWS,Non-Transient non-community system,GWP,Ground water purchased,90,I,Inactive,M,Public/Private,0,0,No,No,No,No,No,No,0,0,0,0,,,,,,08/28/1991,08/28/1991,02/20/1991,,,,,,,,,https://echo.epa.gov/detailed-facility-report?fid=110049487943,48141,Inactive,GW,             ,,0,0,0,0,0,0,0,SC,School,,,,,,,,,,,,0,0,,,El Paso
NORTH ALAMO WSC,TX1080029,,TX,,Hidalgo,06,110009771871,N,CWS,Community water system,SW,Surface water,171195,A,Active,L,Local government,7,1,No,No,No,No,No,No,3,0,13,0,,,13,12,,02/23/2026,,02/23/2026,04/26/2019,,04/26/2019,2950=TTHM; 7000=Consumer Confidence Rule,7000=Consumer Confidence Rule,,,,https://echo.epa.gov/detailed-facility-report?fid=110009771871,48215,No Violation,SW,_VVVV____VSV_,2950=TTHM; 5000=Lead and Copper Rule; 7000=Consumer Confidence Rule,0,0,1,0,0,1,1,RA,Residential Area,Maximum Contaminant Level Violation | Monitoring and Reporting | Other Violation,3,08/01/2024,08/01/2024,,,,08/01/2024,,08/01/2024,,4,0,4,,Hidalgo
OLMITO WSC,TX0310026,,TX,,Cameron,06,110012829065,N,CWS,Community water system,SW,Surface water,8952,A,Active,L,Local government,0,0,No,No,No,No,No,No,0,0,5,0,,,5,3,,12/06/2022,,12/06/2022,01/11/2012,,01/11/2012,,,,,,https://echo.epa.gov/detailed-facility-report?fid=110012829065,48061,No Violation,SW,_____________,2950=TTHM,0,0,1,0,0,0,1,RA,Residential Area,,3,07/18/2024,07/18/2024,,,,07/18/2024,,07/18/2024,,3,0,3,,Cameron
DEERFIELD PARK WATER SUPPLY SY,TX0710120,,TX,,El Paso,06,110049487612,N,CWS,Community water system,GW,Ground water,225,I,Inactive,P,Private,0,0,No,No,No,No,No,No,0,0,0,0,,,,,,,,,,,,,,,,,https://echo.epa.gov/detailed-facility-report?fid=110049487612,48141,Inactive,GW,             ,,0,0,0,0,0,0,0,,,,,,,,,,,,,,0,0,,,El Paso
LA PALMERA CAFE,TX0710160,,TX,,El Paso,06,110052962512,N,TNCWS,Transient non-community system,GWP,Ground water purchased,35,I,Inactive,P,Private,0,0,No,No,No,No,No,No,0,0,0,0,,,,,,09/20/1991,08/30/1991,09/20/1991,,,,,,,,,https://echo.epa.gov/detailed-facility-report?fid=110052962512,48141,Inactive,GW,             ,,0,0,0,0,0,0,0,RS,Restaurant,,,,,,,,,,,,0,0,,,El Paso
VILLAGE OF VINTON,TX0710163,,TX,,El Paso,06,110052962594,N,CWS,Community water system,SWP,Surface water purchased,2684,A,Active,L,Local government,0,0,No,No,No,No,No,No,0,0,0,0,,,,,,,,,,,,,,,,,https://echo.epa.gov/detailed-facility-report?fid=110052962594,48141,No Violation,SW,_____________,,0,0,0,0,0,0,0,,,,,,,,,,,,,,0,0,,,El Paso
FIRST TEXAS PRODUCTS,TX0710173,,TX,,El Paso,06,110052962727,N,NTNCWS,Non-Transient non-community system,GW,Ground water,197,I,Inactive,P,Private,0,0,No,No,No,No,No,No,0,0,0,0,,,,,,,,,,,,,,,,,https://echo.epa.gov/detailed-facility-report?fid=110052962727,48141,Inactive,GW,             ,,0,0,0,0,0,0,0,IA,Industrial/Agricultural,,,,,,,,,,,,0,0,,,El Paso
STARBASE RESTAURANT PWS,TX0310155,,TX,,Cameron,06,110071300772,N,NTNCWS,Non-Transient non-community system,SWP,Surface water purchased,0,N,Changed from public to non-public,P,Private,9,0,No,No,No,No,No,No,4,0,19,0,,,19,28,,01/12/2026,,01/12/2026,,,,0999=Chlorine; 8000=Revised Total Coliform Rule,,,,,https://echo.epa.gov/detailed-facility-report?fid=110071300772,48061,No Violation,SW,VVVVVVV__VV__,0999=Chlorine; 1040=Nitrate; 5000=Lead and Copper Rule; 7500=Public Notice; 8000=Revised Total Coliform Rule,0,0,1,0,0,1,0,ON,Other Non-transient Area,Monitoring Violation | Monitoring and Reporting | Other Violation,,,,,,,,,,,0,0,,,Cameron
LAKEVIEW INN,TX2330018,,TX,,Val Verde,06,110053004716,N,TNCWS,Transient non-community system,GW,Ground water,0,N,Changed from public to non-public,P,Private,0,0,No,No,No,No,No,No,0,0,0,0,,,,,,06/01/2017,07/29/1998,06/01/2017,12/05/2017,04/05/2000,12/05/2017,,,,,,https://echo.epa.gov/detailed-facility-report?fid=110053004716,48465,Inactive,GW,             ,,0,0,0,0,0,0,0,HM,Hotel/Motel,,,,,,,,,,11/04/2013,,0,0,,,Val Verde
HERRERA WATER SERVICE,TX0710130,,TX,,El Paso,06,110049488041,N,TNCWS,Transient non-community system,SWP,Surface water purchased,40,I,Inactive,P,Private,0,0,No,No,No,No,No,No,0,0,0,0,,,,,,07/20/1991,04/15/1991,07/20/1991,,,,,,,,,https://echo.epa.gov/detailed-facility-report?fid=110049488041,48141,Inactive,SW,             ,,0,0,0,0,0,0,0,,,,,,,,,,,,,,0,0,,,El Paso
AMISTAD LAKE RESORT,TX2330015,,TX,,Val Verde,06,110053004681,N,TNCWS,Transient non-community system,GW,Ground water,0,N,Changed from public to non-public,P,Private,0,0,No,No,No,No,No,No,0,0,0,0,,,,,,09/09/2016,,09/09/2016,08/26/2009,,08/26/2009,,,,,,https://echo.epa.gov/detailed-facility-report?fid=110053004681,48465,Inactive,GW,             ,,0,0,0,0,0,0,0,HM,Hotel/Motel,,,,,,,,,,07/22/2014,,0,0,,,Val Verde
ALIANZA PARAEL DESARROLLO COMUNITARIO,TX0710182,,TX,,El Paso,06,110053030466,N,NTNCWS,Non-Transient non-community system,GWP,Ground water purchased,300,N,Changed from public to non-public,P,Private,0,0,No,No,No,No,No,No,0,0,0,0,,,,,,07/19/2007,,07/19/2007,,,,,,,,,https://echo.epa.gov/detailed-facility-report?fid=110053030466,48141,Inactive,GW,             ,,0,0,0,0,0,0,0,DI,Dispenser,,,,,,,,,,09/18/2009,,0,0,,,El Paso
WEBB CONSOLIDATED SCHOOLS BRUNI APARTMEN,TX2400002,,TX,,Webb,06,110048852274,N,CWS,Community water system,GW,Ground water,35,N,Changed from public to non-public,L,Local government,0,0,No,No,No,No,No,No,0,0,0,0,,,,,,11/29/2006,06/04/1991,11/29/2006,,,,,,,,,https://echo.epa.gov/detailed-facility-report?fid=110048852274,48479,Inactive,GW,             ,,0,0,0,0,0,0,1,SC,School,,1,04/18/2024,04/18/2024,,,,04/18/2024,,04/18/2024,,1,0,1,,Webb
WEBB COUNTY CONSOLIDATED ISD,TX2400009,,TX,,Webb,06,110052946522,N,NTNCWS,Non-Transient non-community system,GWP,Ground water purchased,0,N,Changed from public to non-public,L,Local government,11,7,No,No,No,No,No,No,6,0,82,0,,60,22,71,1,10/02/2025,05/13/1993,10/02/2025,10/01/2024,11/19/1991,10/01/2024,0999=Chlorine; 1005=Arsenic; 8000=Revised Total Coliform Rule,,,,1,https://echo.epa.gov/detailed-facility-report?fid=110052946522,48479,Inactive,GW,SSSSSSVSVVV  ,0999=Chlorine; 1005=Arsenic; 5000=Lead and Copper Rule; 5200=LEAD AND COPPER RULE REVISIONS; 7500=Public Notice; 8000=Revised Total Coliform Rule,0,1,1,0,0,1,1,SC,School,Maximum Contaminant Level Violation | Monitoring Violation | Monitoring and Reporting | Other Violation | Reporting Violation | Treatment Technique Violation,1,04/18/2024,04/18/2024,,,,04/18/2024,,04/18/2024,,1,0,1,,Webb
STUCKEY'S #109,TX0360050,,TX,,El Paso,06,110049510837,N,TNCWS,Transient non-community system,GW,Ground water,500,I,Inactive,P,Private,0,0,No,No,No,No,No,No,0,0,0,0,,,,,,09/01/1982,,09/01/1982,,,,,,,,,https://echo.epa.gov/detailed-facility-report?fid=110049510837,48141,Inactive,GW,             ,,0,0,0,0,0,0,0,,,,,,,,,,,,,,0,0,,,El Paso
EL PRIMERO TRAINING CENTER,TX2400024,,TX,,Webb,06,110052946666,N,TNCWS,Transient non-community system,SWP,Surface water purchased,0,N,Changed from public to non-public,P,Private,0,0,No,No,No,No,No,No,0,0,0,0,,,,,,04/21/2011,04/30/1996,04/21/2011,05/19/2010,02/09/1999,05/19/2010,,,,,,https://echo.epa.gov/detailed-facility-report?fid=110052946666,48479,Inactive,SW,             ,,0,0,0,0,0,0,0,MH,Mobile Home Park,,,,,,,,,,02/22/1999,,0,0,,,Webb
PASEO DEL ESTE MUD 2 AMERICAS ESTATES,TX0710197,,TX,,El Paso,06,110048780789,N,CWS,Community water system,SWP,Surface water purchased,0,N,Changed from public to non-public,L,Local government,0,0,No,No,No,No,No,No,0,0,0,0,,,,,,,,,,,,,,,,,https://echo.epa.gov/detailed-facility-report?fid=110048780789,48141,Inactive,SW,             ,,0,0,0,0,0,0,0,RA,Residential Area,,,,,,,,,,,,0,0,,,El Paso
CEDAR PARK,TX1080233,,TX,,Hidalgo,06,110048800632,N,CWS,Community water system,SWP,Surface water purchased,411,N,Changed from public to non-public,P,Private,0,0,No,No,No,No,No,No,0,0,0,0,,,,,,,,,,,,,,,,,https://echo.epa.gov/detailed-facility-report?fid=110048800632,48215,Inactive,SW,             ,,0,0,0,0,0,0,0,RA,Residential Area,,,,,,,,,,,,0,0,,,Hidalgo
EL TANQUE WSC,TX2140029,,TX,,Starr,06,110013212585,N,CWS,Community water system,SWP,Surface water purchased,3000,A,Active,L,Local government,0,0,No,No,No,No,No,No,0,0,0,0,,,,,,03/17/2015,08/29/1991,03/17/2015,,,,,,,,,https://echo.epa.gov/detailed-facility-report?fid=110013212585,48427,No Violation,SW,_____________,,0,0,0,0,0,0,1,RA,Residential Area,,1,02/09/2024,02/09/2024,,,,02/09/2024,,02/09/2024,,1,0,1,,Starr
STARR COUNTY MEMORIAL HOSPITAL,TX2140031,,TX,,Starr,06,110053012397,N,NTNCWS,Non-Transient non-community system,SWP,Surface water purchased,0,N,Changed from public to non-public,P,Private,0,0,No,No,No,No,No,No,0,0,0,0,,,,,,07/10/2017,,07/10/2017,,,,,,,3,,https://echo.epa.gov/detailed-facility-report?fid=110053012397,48427,Inactive,SW,__           ,,0,0,0,0,0,0,1,IN,Institution,,1,01/03/2023,01/03/2023,,,,01/03/2023,,01/03/2023,,1,0,1,,Starr
KAISERS WATER HAULING,TX0710119,,TX,,El Paso,06,110049487532,N,TNCWS,Transient non-community system,GWP,Ground water purchased,60,I,Inactive,P,Private,0,0,No,No,No,No,No,No,0,0,0,0,,,,,,,,,,,,,,,,,https://echo.epa.gov/detailed-facility-report?fid=110049487532,48141,Inactive,GW,             ,,0,0,0,0,0,0,0,,,,,,,,,,,,,,0,0,,,El Paso
HALLS LOUNGE & GRILL,TX0710052,,TX,,El Paso,06,110049962153,N,TNCWS,Transient non-community system,GW,Ground water,26,I,Inactive,P,Private,0,0,No,No,No,No,No,No,0,0,0,0,,,,,,06/01/1985,,06/01/1985,,,,,,,,,https://echo.epa.gov/detailed-facility-report?fid=110049962153,48141,Inactive,GW,             ,,0,0,0,0,0,0,0,RS,Restaurant,,,,,,,,,,,,0,0,,,El Paso
FISHERMAN AND HUNTERS LODGE,TX2330065,,TX,,Val Verde,06,110052993677,N,TNCWS,Transient non-community system,GW,Ground water,0,N,Changed from public to non-public,P,Private,0,0,No,No,No,No,No,No,0,0,0,0,,,,,,09/21/2011,,09/21/2011,,,,,,,,,https://echo.epa.gov/detailed-facility-report?fid=110052993677,48465,Inactive,GW,             ,,0,0,0,0,0,0,0,RS,Restaurant,,,,,,,,,,11/10/2009,,0,0,,,Val Verde
PASEO DEL ESTE MUD 3 EASTLAKE ESTATES,TX0710190,,TX,,El Paso,06,110049003859,N,CWS,Community water system,SWP,Surface water purchased,0,N,Changed from public to non-public,L,Local government,0,0,No,No,No,No,No,No,0,0,0,0,,,,,,09/01/2009,,09/01/2009,,,,,,,,,https://echo.epa.gov/detailed-facility-report?fid=110049003859,48141,Inactive,SW,             ,,0,0,0,0,0,0,0,RA,Residential Area,,,,,,,,,,09/21/2009,,0,0,,,El Paso
MILITARY HWY WSC WESLACO,TX1080235,,TX,,Hidalgo,06,110013244006,N,CWS,Community water system,SWP,Surface water purchased,1584,A,Active,L,Local government,0,0,No,No,No,No,No,No,0,0,0,0,,,,,,02/10/2015,,02/10/2015,,,,,,,,,https://echo.epa.gov/detailed-facility-report?fid=110013244006,48215,No Violation,SW,_____________,,0,0,0,0,0,0,1,RA,Residential Area,,2,01/21/2026,01/21/2026,,,,01/21/2026,,01/21/2026,,2,0,2,,Hidalgo
ALLEN ROSS GIN (LABOR CAMP),TX0950034,,TX,,Presidio,06,110049672154,N,TNCWS,Transient non-community system,GW,Ground water,25,I,Inactive,P,Private,0,0,No,No,No,No,No,No,0,0,0,0,,,,,,12/01/1979,,12/01/1979,,,,,,,,,https://echo.epa.gov/detailed-facility-report?fid=110049672154,48377,Inactive,GW,             ,,0,0,0,0,0,0,0,,,,,,,,,,,,,,0,0,,,Presidio
BALLARD'S FALCON LAKE SHORE LO,TX2530010,,TX,,Zapata,06,110052987434,N,TNCWS,Transient non-community system,SW,Surface water,40,I,Inactive,P,Private,0,0,No,No,No,No,No,No,0,0,0,0,,,,,,,,,,,,,,,,,https://echo.epa.gov/detailed-facility-report?fid=110052987434,48505,Inactive,SW,             ,,0,0,0,0,0,0,0,,,,,,,,,,,,,,0,0,,,Zapata
LA VISTA 5400 R V PARK,TX0220029,,TX,,Brewster,06,110049633562,N,TNCWS,Transient non-community system,GW,Ground water,25,I,Inactive,P,Private,0,0,No,No,No,No,No,No,0,0,0,0,,,,,,07/23/1991,07/23/1991,04/20/1991,,,,,,,,,https://echo.epa.gov/detailed-facility-report?fid=110049633562,48043,Inactive,GW,             ,,0,0,0,0,0,0,0,,,,,,,,,,,,,,0,0,,,Brewster
SPARKS-RAMIREZ WATER SYSTEM,TX0710159,,TX,,El Paso,06,110048879567,N,CWS,Community water system,GW,Ground water,69,I,Inactive,M,Public/Private,0,0,No,No,No,No,No,No,0,0,0,0,,,,,,08/30/1991,08/30/1991,07/20/1991,,,,,,,,,https://echo.epa.gov/detailed-facility-report?fid=110048879567,48141,Inactive,GW,             ,,0,0,0,0,0,0,0,RA,Residential Area,,,,,,,,,,,,0,0,,,El Paso
VISTA MONTANA COURT,TX0710086,,TX,,El Paso,06,110049721869,N,CWS,Community water system,SWP,Surface water purchased,141,I,Inactive,P,Private,0,0,No,No,No,No,No,No,0,0,0,0,,,,,,03/08/1990,,03/08/1990,09/09/1987,,09/09/1987,,,,,,https://echo.epa.gov/detailed-facility-report?fid=110049721869,48141,Inactive,SW,             ,,0,0,0,0,0,0,0,MH,Mobile Home Park,,,,,,,,,,,,0,0,,,El Paso
TEXAS FRUIT MARKET,TX0310134,,TX,,Cameron,06,110052931164,N,TNCWS,Transient non-community system,SWP,Surface water purchased,25,I,Inactive,P,Private,0,0,No,No,No,No,No,No,0,0,0,0,,,,,,,,,,,,,,,,,https://echo.epa.gov/detailed-facility-report?fid=110052931164,48061,Inactive,SW,             ,,0,0,0,0,0,0,0,,,,,,,,,,,,,,0,0,,,Cameron
WHITE SWAN CASH & CARRY,TX0310136,,TX,,Cameron,06,110052931208,N,TNCWS,Transient non-community system,SWP,Surface water purchased,50,I,Inactive,P,Private,0,0,No,No,No,No,No,No,0,0,0,0,,,,,,,,,,,,,,,,,https://echo.epa.gov/detailed-facility-report?fid=110052931208,48061,Inactive,SW,             ,,0,0,0,0,0,0,0,,,,,,,,,,,,,,0,0,,,Cameron
DOUBLE DIAMOND ESTATES,TX1170017,,TX,,Val Verde,06,110048767250,N,CWS,Community water system,GWP,Ground water purchased,150,I,Inactive,P,Private,0,0,No,No,No,No,No,No,0,0,0,0,,,,,,,,,,,,,,,,,https://echo.epa.gov/detailed-facility-report?fid=110048767250,48465,Inactive,GW,             ,,0,0,0,0,0,0,0,,,,,,,,,,,,,,0,0,,,Val Verde
LOCKHEED MARTIN USAF AEROSTAT SITE,TX2140032,,TX,,Starr,06,110053012422,N,TNCWS,Transient non-community system,SWP,Surface water purchased,29,I,Inactive,F,Federal government,0,0,No,No,No,No,No,No,0,0,0,0,,,,,,05/20/1991,,05/20/1991,,,,,,,,,https://echo.epa.gov/detailed-facility-report?fid=110053012422,48427,Inactive,SW,             ,,0,0,0,0,0,0,0,IN,Institution,,,,,,,,,,,,0,0,,,Starr
WILLIAM'S ADD.,TX0360033,,TX,,El Paso,06,110049510463,N,CWS,Community water system,GW,Ground water,33,I,Inactive,P,Private,0,0,No,No,No,No,No,No,0,0,0,0,,,,,,10/01/1981,,10/01/1981,,,,,,,,,https://echo.epa.gov/detailed-facility-report?fid=110049510463,48141,Inactive,GW,             ,,0,0,0,0,0,0,0,,,,,,,,,,,,,,0,0,,,El Paso
ESPARZA WATER SERVICE,TX0710153,,TX,,El Paso,06,110049526330,N,TNCWS,Transient non-community system,SWP,Surface water purchased,210,I,Inactive,P,Private,0,0,No,No,No,No,No,No,0,0,0,0,,,,,,07/30/1991,07/30/1991,04/20/1991,,,,,,,,,https://echo.epa.gov/detailed-facility-report?fid=110049526330,48141,Inactive,SW,             ,,0,0,0,0,0,0,0,RA,Residential Area,,,,,,,,,,,,0,0,,,El Paso
STARR COUNTY MEMORIAL HOSPITAL,TX2140027,,TX,,Starr,06,110052963209,N,TNCWS,Transient non-community system,SWP,Surface water purchased,160,I,Inactive,L,Local government,0,0,No,No,No,No,No,No,0,0,0,0,,,,,,08/01/1980,,08/01/1980,,,,,,,,,https://echo.epa.gov/detailed-facility-report?fid=110052963209,48427,Inactive,SW,             ,,0,0,0,0,0,0,0,,,,,,,,,,,,,,0,0,,,Starr
KEY CAPROCK GIN,TX0580019,,TX,,Hudspeth,06,110049867621,N,TNCWS,Transient non-community system,GW,Ground water,40,I,Inactive,P,Private,0,0,No,No,No,No,No,No,0,0,0,0,,,,,,06/01/1983,,06/01/1983,,,,,,,,,https://echo.epa.gov/detailed-facility-report?fid=110049867621,48229,Inactive,GW,             ,,0,0,0,0,0,0,0,,,,,,,,,,,,,,0,0,,,Hudspeth
EAST RIO HONDO WSC N HARLINGEN,TX0310146,,TX,,Cameron,06,110048749574,N,CWS,Community water system,SWP,Surface water purchased,1745,I,Inactive,P,Private,0,0,No,No,No,No,No,No,0,0,0,0,,,,,,,,,,,,,,,,,https://echo.epa.gov/detailed-facility-report?fid=110048749574,48061,Inactive,SW,             ,,0,0,0,0,0,0,0,RA,Residential Area,,,,,,,,,,,,0,0,,,Cameron
BIG BEND RESORT & ADVENTURES,TX0220027,,TX,,Brewster,06,110049633517,N,TNCWS,Transient non-community system,GW,Ground water,686,A,Active,P,Private,0,0,No,No,No,No,No,No,0,0,0,0,,,,,,08/31/2016,,08/31/2016,,,,,,,,,https://echo.epa.gov/detailed-facility-report?fid=110049633517,48043,No Violation,GW,_____________,,0,0,0,0,0,0,1,PA,Recreation Area,,1,10/10/2024,10/10/2024,,,,10/10/2024,,10/10/2024,,1,0,1,,Brewster
PELICAN SEAFOOD,TX0360083,,TX,,El Paso,06,110049610015,N,TNCWS,Transient non-community system,GW,Ground water,250,I,Inactive,P,Private,0,0,No,No,No,No,No,No,0,0,0,0,,,,,,07/01/1988,,07/01/1988,,,,,,,,,https://echo.epa.gov/detailed-facility-report?fid=110049610015,48141,Inactive,GW,             ,,0,0,0,0,0,0,0,,,,,,,,,,,,,,0,0,,,El Paso
LAKEFRONT LODGE,TX2530020,,TX,,Zapata,06,110048798128,N,CWS,Community water system,SW,Surface water,750,I,Inactive,P,Private,0,0,No,No,No,No,No,No,0,0,0,0,,,,,,08/01/1981,,08/01/1981,06/08/1981,,06/08/1981,,,,,,https://echo.epa.gov/detailed-facility-report?fid=110048798128,48505,Inactive,SW,             ,,0,0,0,0,0,0,0,,,,,,,,,,,,,,0,0,,,Zapata
GREEN ACRES,TX1080166,,TX,,Hidalgo,06,110052957216,N,TNCWS,Transient non-community system,GW,Ground water,50,I,Inactive,P,Private,0,0,No,No,No,No,No,No,0,0,0,0,,,,,,07/01/1988,,07/01/1988,,,,,,,,,https://echo.epa.gov/detailed-facility-report?fid=110052957216,48215,Inactive,GW,             ,,0,0,0,0,0,0,0,OT,Other Transient Area,,,,,,,,,,,,0,0,,,Hidalgo
DANNYS WATER HAULING,TX0710150,,TX,,El Paso,06,110049526296,N,TNCWS,Transient non-community system,GWP,Ground water purchased,26,I,Inactive,P,Private,0,0,No,No,No,No,No,No,0,0,0,0,,,,,,,,,,,,,,,,,https://echo.epa.gov/detailed-facility-report?fid=110049526296,48141,Inactive,GW,             ,,0,0,0,0,0,0,0,,,,,,,,,,,,,,0,0,,,El Paso
MAVERICK COUNTY AIRPORT WATER WORKS,TX1620003,,TX,,Maverick,06,110012909086,N,CWS,Community water system,SW,Surface water,1700,A,Active,L,Local government,7,0,No,No,No,No,No,No,5,0,12,0,,,12,18,,12/31/2025,,12/31/2025,02/14/2018,10/21/1998,02/14/2018,1009=Chlorite; 7000=Consumer Confidence Rule; 8000=Revised Total Coliform Rule,7000=Consumer Confidence Rule,,,,https://echo.epa.gov/detailed-facility-report?fid=110012909086,48323,No Violation,SW,VV____VV_VVV_,1009=Chlorite; 5000=Lead and Copper Rule; 7000=Consumer Confidence Rule; 7500=Public Notice; 8000=Revised Total Coliform Rule,0,0,1,0,0,1,1,RA,Residential Area,Maximum Contaminant Level Violation | Monitoring Violation | Monitoring and Reporting | Other Violation,2,07/30/2024,07/30/2024,,,,08/20/2025,,08/20/2025,,4,0,4,,Maverick
DECKER M H P,TX0310049,,TX,,Cameron,06,110049763635,N,TNCWS,Transient non-community system,GW,Ground water,9,I,Inactive,P,Private,0,0,No,No,No,No,No,No,0,0,0,0,,,,,,01/01/1981,,01/01/1981,,,,,,,,,https://echo.epa.gov/detailed-facility-report?fid=110049763635,48061,Inactive,GW,             ,,0,0,0,0,0,0,0,OT,Other Transient Area,,,,,,,,,,,,0,0,,,Cameron
RIO GRANDE VILLAGE BBNP,TX0220021,,TX,,Brewster,06,110049633205,N,TNCWS,Transient non-community system,GW,Ground water,50,A,Active,F,Federal government,1,0,No,No,No,No,No,No,1,0,2,0,,,2,3,,07/17/2023,,07/17/2023,,,,8000=Revised Total Coliform Rule,,,,,https://echo.epa.gov/detailed-facility-report?fid=110049633205,48043,No Violation,GW,V____________,3014=E. COLI; 8000=Revised Total Coliform Rule,0,0,1,0,0,1,1,PA,Recreation Area,Monitoring Violation,1,10/25/2022,10/25/2022,,,,10/25/2022,,10/25/2022,,1,0,1,,Brewster
TURF ESTATES WATER SYSTEM,TX0710034,,TX,,El Paso,06,110013278602,N,CWS,Community water system,SWP,Surface water purchased,0,N,Changed from public to non-public,P,Private,0,0,No,No,No,No,No,No,0,0,0,0,,,,,,01/14/2015,03/30/2000,01/14/2015,05/03/2000,05/03/2000,02/22/1983,,,,,,https://echo.epa.gov/detailed-facility-report?fid=110013278602,48141,Inactive,SW,             ,,0,0,0,0,0,0,0,MH,Mobile Home Park,,,,,,,,,,08/15/2014,,0,0,,,El Paso
LUJAN TRUCKING,TX0710104,,TX,,El Paso,06,110049738441,N,TNCWS,Transient non-community system,SWP,Surface water purchased,750,A,Active,P,Private,0,0,No,No,No,No,No,No,0,0,0,0,,,,,,02/21/2013,,02/21/2013,,,,,,,,,https://echo.epa.gov/detailed-facility-report?fid=110049738441,48141,No Violation,SW,_____________,,0,0,0,0,0,0,1,DI,Dispenser,,1,10/02/2024,10/02/2024,,,,10/02/2024,,10/02/2024,,1,0,1,,El Paso
COX CAMP,TX2530017,,TX,,Zapata,06,110052916038,N,TNCWS,Transient non-community system,SW,Surface water,2,I,Inactive,P,Private,0,0,No,No,No,No,No,No,0,0,0,0,,,,,,01/10/1995,01/10/1995,09/20/1990,07/17/1990,07/17/1990,06/04/1985,,,,,,https://echo.epa.gov/detailed-facility-report?fid=110052916038,48505,Inactive,SW,             ,,0,0,0,0,0,0,0,PA,Recreation Area,,,,,,,,,,,,0,0,,,Zapata
TEXAS EASTERN TRANSMISSION MON,TX0360039,,TX,,El Paso,06,110049510560,N,CWS,Community water system,GW,Ground water,20,I,Inactive,P,Private,0,0,No,No,No,No,No,No,0,0,0,0,,,,,,,,,,,,,,,,,https://echo.epa.gov/detailed-facility-report?fid=110049510560,48141,Inactive,GW,             ,,0,0,0,0,0,0,0,,,,,,,,,,,,,,0,0,,,El Paso
PASO DEL NORTE INGREDIENTS,TX0710073,,TX,,El Paso,06,110049962224,N,NTNCWS,Non-Transient non-community system,GW,Ground water,1000,I,Inactive,P,Private,0,0,No,No,No,No,No,No,0,0,0,0,,,,,,11/01/1979,,11/01/1979,,,,,,,,,https://echo.epa.gov/detailed-facility-report?fid=110049962224,48141,Inactive,GW,             ,,0,0,0,0,0,0,0,IA,Industrial/Agricultural,,,,,,,,,,,,0,0,,,El Paso
HUTCHINSON CO WCID # 1-SANFORD,TX1170009,,TX,,Val Verde,06,110048767189,N,CWS,Community water system,GW,Ground water,225,I,Inactive,L,Local government,0,0,No,No,No,No,No,No,0,0,0,0,,,,,,09/01/1980,,09/01/1980,,,,,,,,,https://echo.epa.gov/detailed-facility-report?fid=110048767189,48465,Inactive,GW,             ,,0,0,0,0,0,0,0,,,,,,,,,,,,,,0,0,,,Val Verde
EAST OF EDEN MOBILE HOME PARK,TX1080217,,TX,,Hidalgo,06,110048938307,N,CWS,Community water system,GW,Ground water,60,I,Inactive,P,Private,0,0,No,No,No,No,No,No,0,0,0,0,,,,,,01/13/1994,01/13/1994,,,,,,,,,,https://echo.epa.gov/detailed-facility-report?fid=110048938307,48215,Inactive,GW,             ,,0,0,0,0,0,0,0,MH,Mobile Home Park,,,,,,,,,,,,0,0,,,Hidalgo
VILLAGE FARMS OF MARFA,TX1890013,,TX,,Presidio,06,110053001407,N,NTNCWS,Non-Transient non-community system,GWP,Ground water purchased,0,N,Changed from public to non-public,P,Private,0,0,No,No,No,No,No,No,0,0,0,0,,,,,,07/13/2011,,07/13/2011,11/02/2011,04/10/2002,11/02/2011,,,,,,https://echo.epa.gov/detailed-facility-report?fid=110053001407,48377,Inactive,GW,             ,,0,0,0,0,0,0,0,IA,Industrial/Agricultural,,,,,,,,,,06/30/2010,,0,0,,,Presidio
HILLTOP CAFE & MOTEL,TX1150012,,TX,,Hudspeth,06,110052872888,N,TNCWS,Transient non-community system,GW,Ground water,25,I,Inactive,P,Private,0,0,No,No,No,No,No,No,0,0,0,0,,,,,,03/20/1992,03/20/1992,10/20/1991,10/06/1993,10/06/1993,,,,,,,https://echo.epa.gov/detailed-facility-report?fid=110052872888,48229,Inactive,GW,             ,,0,0,0,0,0,0,0,HM,Hotel/Motel,,,,,,,,,,,,0,0,,,Hudspeth
CRYSTAL PURE - UNITED HWY 87 N,TX0580022,,TX,,Hudspeth,06,110049867685,N,TNCWS,Transient non-community system,SWP,Surface water purchased,50,I,Inactive,P,Private,0,0,No,No,No,No,No,No,0,0,0,0,,,,,,12/01/1986,,12/01/1986,,,,,,,,,https://echo.epa.gov/detailed-facility-report?fid=110049867685,48229,Inactive,SW,             ,,0,0,0,0,0,0,0,,,,,,,,,,,,,,0,0,,,Hudspeth
HOWARD WATER SUPPLY,TX1890007,,TX,,Presidio,06,110052924083,N,TNCWS,Transient non-community system,GW,Ground water,50,N,Changed from public to non-public,P,Private,0,0,No,No,No,No,No,No,0,0,0,0,,,,,,10/20/1991,08/30/1991,10/20/1991,,,,,,,,,https://echo.epa.gov/detailed-facility-report?fid=110052924083,48377,Inactive,GW,             ,,0,0,0,0,0,0,0,RA,Residential Area,,,,,,,,,,03/06/1991,,0,0,,,Presidio
PROGRESO WATER SUPPLY,TX1080100,,TX,,Hidalgo,06,110048725493,N,CWS,Community water system,GW,Ground water,1344,I,Inactive,P,Private,0,0,No,No,No,No,No,No,0,0,0,0,,,,,,,,,,,,,,,,,https://echo.epa.gov/detailed-facility-report?fid=110048725493,48215,Inactive,GW,             ,,0,0,0,0,0,0,0,RA,Residential Area,,,,,,,,,,,,0,0,,,Hidalgo
EL PASO EAST LAKE WATER SYSTEM,TX0710180,,TX,,El Paso,06,110049003635,N,CWS,Community water system,GW,Ground water,25,I,Inactive,P,Private,0,0,No,No,No,No,No,No,0,0,0,0,,,,,,,,,,,,,,,,,https://echo.epa.gov/detailed-facility-report?fid=110049003635,48141,Inactive,GW,             ,,0,0,0,0,0,0,0,RA,Residential Area,,,,,,,,,,,,0,0,,,El Paso
LAUGHLIN AIR FORCE BASE,TX2330006,,TX,,Val Verde,06,110064117726,N,CWS,Community water system,SWP,Surface water purchased,4010,A,Active,F,Federal government,1,0,No,No,No,No,No,No,2,0,2,0,,,2,4,,12/31/2025,,12/31/2025,,,,2456=Total Haloacetic Acids (HAA5); 2950=TTHM,,,,,https://echo.epa.gov/detailed-facility-report?fid=110064117726,48465,No Violation,SW,_______V_____,2456=Total Haloacetic Acids (HAA5); 2950=TTHM; 7000=Consumer Confidence Rule,0,0,1,0,0,1,1,OR,Other Residential,Monitoring and Reporting | Other Violation,2,02/12/2026,02/12/2026,,,,02/12/2026,,02/12/2026,,2,0,2,,Val Verde
ORIENTAL EXPRESS RESTAURANT,TX0220034,,TX,,Brewster,06,110049633759,N,TNCWS,Transient non-community system,GW,Ground water,0,N,Changed from public to non-public,P,Private,0,0,No,No,No,No,No,No,0,0,0,0,,,,,,09/22/2009,,09/22/2009,,,,,,,,,https://echo.epa.gov/detailed-facility-report?fid=110049633759,48043,Inactive,GW,             ,,0,0,0,0,0,0,0,RS,Restaurant,,,,,,,,,,02/03/2009,,0,0,,,Brewster
KELLY & COMPANY 1ST RESPONDERS,TX2330072,,TX,,Val Verde,06,110071234655,N,TNCWS,Transient non-community system,GUP,Purchased ground water under influence of surface water source,0,N,Changed from public to non-public,P,Private,0,0,No,No,No,No,No,No,0,0,16,0,,,16,23,,03/21/2023,,03/21/2023,,,,,,,,,https://echo.epa.gov/detailed-facility-report?fid=110071234655,48465,Inactive,SW,             ,1040=Nitrate; 7500=Public Notice; 8000=Revised Total Coliform Rule,0,0,1,0,0,0,1,DI,Dispenser,,1,01/27/2026,01/27/2026,,,,01/27/2026,,01/27/2026,,1,0,1,,Val Verde
STARBASE AIRSTREAM PARK 3,TX0310157,,TX,,Cameron,06,110071300715,N,CWS,Community water system,SWP,Surface water purchased,0,N,Changed from public to non-public,P,Private,6,3,No,No,No,No,No,No,2,0,34,0,,,34,35,,10/25/2024,,10/25/2024,,,,2950=TTHM,,,,,https://echo.epa.gov/detailed-facility-report?fid=110071300715,48061,Inactive,SW,VVVSSS__     ,1040=Nitrate; 2950=TTHM; 5000=Lead and Copper Rule; 7500=Public Notice; 8000=Revised Total Coliform Rule,0,0,1,0,0,1,0,RA,Residential Area,Maximum Contaminant Level Violation | Monitoring and Reporting,,,,,,,,,,,0,0,,,Cameron
W B OSBORN OPERATORS,TX2140026,,TX,,Starr,06,110052963174,N,TNCWS,Transient non-community system,GW,Ground water,20,I,Inactive,P,Private,0,0,No,No,No,No,No,No,0,0,0,0,,,,,,,,,,,,,,,,,https://echo.epa.gov/detailed-facility-report?fid=110052963174,48427,Inactive,GW,             ,,0,0,0,0,0,0,0,,,,,,,,,,,,,,0,0,,,Starr
FOUR SEASONS TRAILER PARK,TX2530006,,TX,,Zapata,06,110048923368,N,CWS,Community water system,SW,Surface water,350,I,Inactive,P,Private,0,0,No,No,No,No,No,No,0,0,0,0,,,,,,09/01/1981,,09/01/1981,04/13/1981,,04/13/1981,,,,,,https://echo.epa.gov/detailed-facility-report?fid=110048923368,48505,Inactive,SW,             ,,0,0,0,0,0,0,0,,,,,,,,,,,,,,0,0,,,Zapata
SAN ISIDRO MHP,TX0710112,,TX,,El Paso,06,110012935431,N,CWS,Community water system,GWP,Ground water purchased,96,A,Active,P,Private,0,0,No,No,No,No,No,No,0,0,4,0,,,4,9,,03/16/2023,,03/16/2023,,,,,,,,,https://echo.epa.gov/detailed-facility-report?fid=110012935431,48141,No Violation,GW,_____________,5000=Lead and Copper Rule; 7500=Public Notice,0,0,1,0,0,0,1,MH,Mobile Home Park,,1,09/20/2022,09/20/2022,,,,09/20/2022,,09/20/2022,,1,0,1,,El Paso
JRU PROPERTIES,TX0710184,,TX,,El Paso,06,110053030518,N,TNCWS,Transient non-community system,GW,Ground water,0,N,Changed from public to non-public,P,Private,0,0,No,No,No,No,No,No,0,0,0,0,,,,,,04/04/2018,,04/04/2018,,,,,,,,,https://echo.epa.gov/detailed-facility-report?fid=110053030518,48141,Inactive,GW,             ,,0,0,0,0,0,0,0,OT,Other Transient Area,,,,,,,,,,06/08/2010,,0,0,,,El Paso
CITY OF ELSA,TX1080005,,TX,,Hidalgo,06,110013246184,N,CWS,Community water system,SW,Surface water,5500,A,Active,L,Local government,12,0,No,No,No,Yes,Yes,No,2,1,3,0,,,3,2,,10/16/2023,,10/16/2023,11/16/2016,,11/16/2016,7500=Public Notice,7500=Public Notice,,,,https://echo.epa.gov/detailed-facility-report?fid=110013246184,48215,In Violation,SW,VVVVVVVVVVVVV,5000=Lead and Copper Rule; 7000=Consumer Confidence Rule; 7500=Public Notice,0,0,1,0,1,1,1,RA,Residential Area,Other Violation,3,10/23/2024,10/23/2024,,,,10/23/2024,,10/23/2024,,3,0,3,,Hidalgo
SOCORRO ISD - TRANSPORTATION CTR,TX0710136,,TX,,El Paso,06,110049881491,N,NTNCWS,Non-Transient non-community system,GWP,Ground water purchased,90,I,Inactive,M,Public/Private,0,0,No,No,No,No,No,No,0,0,0,0,,,,,,08/28/1991,08/28/1991,04/20/1991,,,,,,,,,https://echo.epa.gov/detailed-facility-report?fid=110049881491,48141,Inactive,GW,             ,,0,0,0,0,0,0,0,SC,School,,,,,,,,,,,,0,0,,,El Paso
SUNSHINE STORE NO 11 - 423 E H,TX2450009,,TX,,Cameron,06,110052915985,N,TNCWS,Transient non-community system,SWP,Surface water purchased,25,I,Inactive,P,Private,0,0,No,No,No,No,No,No,0,0,0,0,,,,,,,,,,,,,,,,,https://echo.epa.gov/detailed-facility-report?fid=110052915985,48061,Inactive,SW,             ,,0,0,0,0,0,0,0,,,,,,,,,,,,,,0,0,,,Cameron
FABENS PORT OF ENTRY,TX0710174,,TX,,El Paso,06,110052962754,N,NTNCWS,Non-Transient non-community system,SWP,Surface water purchased,0,N,Changed from public to non-public,F,Federal government,0,0,No,No,No,No,No,No,0,0,0,0,,,,,,02/23/2015,,02/23/2015,,,,,,,,,https://echo.epa.gov/detailed-facility-report?fid=110052962754,48141,Inactive,SW,             ,,0,0,0,0,0,0,0,ON,Other Non-transient Area,,,,,,,,,,01/29/2015,,0,0,,,El Paso
BENNETT'S GULF,TX0360053,,TX,,El Paso,06,110049889803,N,TNCWS,Transient non-community system,GW,Ground water,500,I,Inactive,P,Private,0,0,No,No,No,No,No,No,0,0,0,0,,,,,,,,,,,,,,,,,https://echo.epa.gov/detailed-facility-report?fid=110049889803,48141,Inactive,GW,             ,,0,0,0,0,0,0,0,,,,,,,,,,,,,,0,0,,,El Paso
WILLS FISH CAMP,TX0360037,,TX,,El Paso,06,110049510524,N,TNCWS,Transient non-community system,GW,Ground water,100,I,Inactive,P,Private,0,0,No,No,No,No,No,No,0,0,0,0,,,,,,,,,,,,,,,,,https://echo.epa.gov/detailed-facility-report?fid=110049510524,48141,Inactive,GW,             ,,0,0,0,0,0,0,0,,,,,,,,,,,,,,0,0,,,El Paso
CITY OF LA GRULLA,TX2140006,,TX,,Starr,06,110013212488,N,CWS,Community water system,SW,Surface water,9500,A,Active,L,Local government,12,11,Yes,Yes,Yes,Yes,Yes,Yes,7,6,131,57,,,74,103,,05/14/2026,,05/14/2026,,,,0300=Interim Enhanced Surface Water Treatment Rule; 2950=TTHM; 5000=Lead and Copper Rule; 5200=LEAD AND COPPER RULE REVISIONS; 7000=Consumer Confidence Rule; 7500=Public Notice; 8000=Revised Total Coliform Rule,2950=TTHM; 5000=Lead and Copper Rule; 5200=LEAD AND COPPER RULE REVISIONS; 7000=Consumer Confidence Rule; 7500=Public Notice; 8000=Revised Total Coliform Rule,,,1,https://echo.epa.gov/detailed-facility-report?fid=110013212488,48427,Enforcement Priority,SW,SSSSVSSSSSSSV,"0300=Interim Enhanced Surface Water Treatment Rule; 2920=CARBON, TOTAL; 2950=TTHM; 5000=Lead and Copper Rule; 5200=LEAD AND COPPER RULE REVISIONS; 7000=Consumer Confidence Rule; 7500=Public Notice; 8000=Revised Total Coliform Rule",0,0,1,1,1,1,1,RA,Residential Area,Maximum Contaminant Level Violation | Monitoring and Reporting | Other Violation | Reporting Violation | Treatment Technique Violation,4,10/24/2024,10/24/2024,,,,10/24/2024,,10/24/2024,,7,0,7,6,Starr
ANGLERS LODGE,TX2330012,,TX,,Val Verde,06,110053004663,N,TNCWS,Transient non-community system,GW,Ground water,0,N,Changed from public to non-public,P,Private,0,0,No,No,No,No,No,No,0,0,0,0,,,,,,09/10/2014,,09/10/2014,11/30/2012,,11/30/2012,,,,,,https://echo.epa.gov/detailed-facility-report?fid=110053004663,48465,Inactive,GW,             ,,0,0,0,0,0,0,0,HM,Hotel/Motel,,,,,,,,,,12/04/2013,,0,0,,,Val Verde
TEXACO-MONT BELVIEU,TX0360066,,TX,,El Paso,06,110049890070,N,TNCWS,Transient non-community system,GW,Ground water,25,I,Inactive,P,Private,0,0,No,No,No,No,No,No,0,0,0,0,,,,,,,,,,,,,,,,,https://echo.epa.gov/detailed-facility-report?fid=110049890070,48141,Inactive,GW,             ,,0,0,0,0,0,0,0,,,,,,,,,,,,,,0,0,,,El Paso
WYOMING MINERAL CORPORATION,TX2400018,,TX,,Webb,06,110052946568,N,NTNCWS,Non-Transient non-community system,GW,Ground water,9,I,Inactive,P,Private,0,0,No,No,No,No,No,No,0,0,0,0,,,,,,,,,,,,,,,,,https://echo.epa.gov/detailed-facility-report?fid=110052946568,48479,Inactive,GW,             ,,0,0,0,0,0,0,0,IA,Industrial/Agricultural,,,,,,,,,,,,0,0,,,Webb
FARM RV & TRAILER PARK,TX0310051,,TX,,Cameron,06,110049763671,N,TNCWS,Transient non-community system,GW,Ground water,40,N,Changed from public to non-public,P,Private,0,0,No,No,No,No,No,No,0,0,0,0,,,,,,10/01/1985,,10/01/1985,,,,,,,,,https://echo.epa.gov/detailed-facility-report?fid=110049763671,48061,Inactive,GW,             ,,0,0,0,0,0,0,0,PA,Recreation Area,,,,,,,,,,10/31/2007,,0,0,,,Cameron
MIDWAY GROWERS GIN,TX0580020,,TX,,Hudspeth,06,110049867649,N,TNCWS,Transient non-community system,GW,Ground water,25,I,Inactive,P,Private,0,0,No,No,No,No,No,No,0,0,0,0,,,,,,11/01/1980,,11/01/1980,,,,,,,,,https://echo.epa.gov/detailed-facility-report?fid=110049867649,48229,Inactive,GW,             ,,0,0,0,0,0,0,0,,,,,,,,,,,,,,0,0,,,Hudspeth
CHUCKWAGON DRIVE-IN,TX1080150,,TX,,Hidalgo,06,110052927829,N,TNCWS,Transient non-community system,SWP,Surface water purchased,50,I,Inactive,P,Private,0,0,No,No,No,No,No,No,0,0,0,0,,,,,,09/01/1989,,09/01/1989,,,,,,,,,https://echo.epa.gov/detailed-facility-report?fid=110052927829,48215,Inactive,SW,             ,,0,0,0,0,0,0,0,,,,,,,,,,,,,,0,0,,,Hidalgo
EL RANCHITO GROCERY & MARKET,TX2140033,,TX,,Starr,06,110053012431,N,TNCWS,Transient non-community system,GW,Ground water,1,I,Inactive,P,Private,0,0,No,No,No,No,No,No,0,0,0,0,,,,,,,,,,,,,,,,,https://echo.epa.gov/detailed-facility-report?fid=110053012431,48427,Inactive,GW,             ,,0,0,0,0,0,0,0,RS,Restaurant,,,,,,,,,,,,0,0,,,Starr
NORTH CAMERON REGIONAL WATER TREATMENT F,TX0310152,,TX,,Cameron,06,110048749716,N,CWS,Community water system,GW,Ground water,0,N,Changed from public to non-public,P,Private,0,0,No,No,No,No,No,No,0,0,0,0,,,,,,09/16/2015,,09/16/2015,,,,,,,,,https://echo.epa.gov/detailed-facility-report?fid=110048749716,48061,Inactive,GW,_______      ,,0,0,0,0,0,0,1,WH,Wholesaler of Water,,2,10/18/2024,10/18/2024,,,,10/18/2024,,10/18/2024,,2,0,2,,Cameron
LOS BOTINES LAND OWNERS ASSOCI,TX2400021,,TX,,Webb,06,110052946639,N,TNCWS,Transient non-community system,GW,Ground water,40,I,Inactive,P,Private,0,0,No,No,No,No,No,No,0,0,0,0,,,,,,09/01/1983,,09/01/1983,,,,,,,,,https://echo.epa.gov/detailed-facility-report?fid=110052946639,48479,Inactive,GW,             ,,0,0,0,0,0,0,0,,,,,,,,,,,,,,0,0,,,Webb
GREEN ACRES MOBILE HOME PARK,TX0710066,,TX,,El Paso,06,110012935351,N,CWS,Community water system,GW,Ground water,141,A,Active,P,Private,12,2,No,Yes,No,No,No,Yes,5,1,122,100,95,,22,103,,05/18/2026,,05/18/2026,11/16/2016,,11/16/2016,0999=Chlorine; 1005=Arsenic,1005=Arsenic,,,1,https://echo.epa.gov/detailed-facility-report?fid=110012935351,48141,In Violation,GW,SSVVVVVVVVVVV,0999=Chlorine; 1005=Arsenic; 5000=Lead and Copper Rule; 5200=LEAD AND COPPER RULE REVISIONS; 7500=Public Notice; 8000=Revised Total Coliform Rule,0,0,1,0,1,1,1,MH,Mobile Home Park,Maximum Contaminant Level Violation | Monitoring and Reporting | Other Violation | Reporting Violation | Treatment Technique Violation,2,09/25/2025,09/25/2025,1,,,09/25/2025,,09/25/2025,,3,0,3,,El Paso
EAST MONTANA WATER SYSTEM MOUNTAIN MEADO,TX0710124,,TX,,El Paso,06,110049487845,N,CWS,Community water system,GW,Ground water,246,I,Inactive,P,Private,0,0,No,No,No,No,No,No,0,0,0,0,,,,,,,,,08/25/1987,,08/25/1987,,,,,,https://echo.epa.gov/detailed-facility-report?fid=110049487845,48141,Inactive,GW,             ,,0,0,0,0,0,0,0,RA,Residential Area,,,,,,,,,,,,0,0,,,El Paso
VALLEY VIEW ISD VOCATIONAL TRAINING CENT,TX1080218,,TX,,Hidalgo,06,110052995808,N,NTNCWS,Non-Transient non-community system,GW,Ground water,35,I,Inactive,L,Local government,0,0,No,No,No,No,No,No,0,0,0,0,,,,,,,,,,,,,,,,,https://echo.epa.gov/detailed-facility-report?fid=110052995808,48215,Inactive,GW,             ,,0,0,0,0,0,0,0,SC,School,,,,,,,,,,,,0,0,,,Hidalgo
PARADISE POINT LODGE,TX2530007,,TX,,Zapata,06,110052987381,N,TNCWS,Transient non-community system,SW,Surface water,60,I,Inactive,P,Private,0,0,No,No,No,No,No,No,0,0,0,0,,,,,,06/01/1981,,06/01/1981,,,,,,,,,https://echo.epa.gov/detailed-facility-report?fid=110052987381,48505,Inactive,SW,             ,,0,0,0,0,0,0,0,,,,,,,,,,,,,,0,0,,,Zapata
SNOW TO SUN MOBILE HOME PARK,TX1080226,,TX,,Hidalgo,06,110052917607,N,NTNCWS,Non-Transient non-community system,SWP,Surface water purchased,1500,I,Inactive,P,Private,0,0,No,No,No,No,No,No,0,0,0,0,,,,,,01/10/1995,01/10/1995,,,,,,,,,,https://echo.epa.gov/detailed-facility-report?fid=110052917607,48215,Inactive,SW,             ,,0,0,0,0,0,0,0,MH,Mobile Home Park,,,,,,,,,,,,0,0,,,Hidalgo
THE LODGE AT SANDERS POINT,TX2330049,,TX,,Val Verde,06,110049498780,N,TNCWS,Transient non-community system,GW,Ground water,40,A,Active,P,Private,1,0,No,No,No,No,No,No,1,0,11,0,,,11,9,,10/02/2024,,10/02/2024,,,,8000=Revised Total Coliform Rule,,,,,https://echo.epa.gov/detailed-facility-report?fid=110049498780,48465,No Violation,GW,_____V_______,3014=E. COLI; 7500=Public Notice; 8000=Revised Total Coliform Rule,0,0,1,0,0,1,1,HM,Hotel/Motel,Maximum Contaminant Level Violation,1,01/11/2023,01/11/2023,,,,05/29/2025,,05/29/2025,,3,0,3,,Val Verde
FREEDOM ACRES,TX1080237,,TX,,Hidalgo,06,110048800678,N,CWS,Community water system,SWP,Surface water purchased,35,I,Inactive,P,Private,0,0,No,No,No,No,No,No,0,0,0,0,,,,,,,,,,,,,,,,,https://echo.epa.gov/detailed-facility-report?fid=110048800678,48215,Inactive,SW,             ,,0,0,0,0,0,0,0,MH,Mobile Home Park,,,,,,,,,,,,0,0,,,Hidalgo
FALCON MESA SUBD.,TX2530018,,TX,,Zapata,06,110048798075,N,CWS,Community water system,SWP,Surface water purchased,50,I,Inactive,P,Private,0,0,No,No,No,No,No,No,0,0,0,0,,,,,,03/01/1980,,03/01/1980,,,,,,,,,https://echo.epa.gov/detailed-facility-report?fid=110048798075,48505,Inactive,SW,             ,,0,0,0,0,0,0,0,,,,,,,,,,,,,,0,0,,,Zapata
TOWN OF INDIAN LAKE,TX0310008,,TX,,Cameron,06,110012940345,N,CWS,Community water system,SWP,Surface water purchased,888,A,Active,L,Local government,5,4,No,No,No,No,No,No,2,0,24,0,,,24,29,,06/30/2025,,06/30/2025,,,,2456=Total Haloacetic Acids (HAA5); 2950=TTHM,,,,,https://echo.epa.gov/detailed-facility-report?fid=110012940345,48061,No Violation,SW,_____VSSSS___,2456=Total Haloacetic Acids (HAA5); 2950=TTHM; 5000=Lead and Copper Rule; 7000=Consumer Confidence Rule; 7500=Public Notice,0,0,1,0,0,1,1,RA,Residential Area,Maximum Contaminant Level Violation | Other Violation,2,12/23/2025,12/23/2025,,,,12/23/2025,,12/23/2025,,3,0,3,,Cameron
MOUNTAIN SUN WATER SYSTEM,TX0710179,,TX,,El Paso,06,110049003591,N,CWS,Community water system,GW,Ground water,69,N,Changed from public to non-public,L,Local government,0,0,No,No,No,No,No,No,0,0,0,0,,,,,,,,,,,,,,,,,https://echo.epa.gov/detailed-facility-report?fid=110049003591,48141,Inactive,GW,             ,,0,0,0,0,0,0,0,RA,Residential Area,,,,,,,,,,01/10/2001,,0,0,,,El Paso
CIBOLO CREEK RANCH,TX1890015,,TX,,Presidio,06,110053001443,N,TNCWS,Transient non-community system,GW,Ground water,25,A,Active,P,Private,6,0,No,No,No,No,No,No,3,0,12,0,,,12,30,,11/26/2025,,11/26/2025,11/16/2015,,11/16/2015,8000=Revised Total Coliform Rule,,,,,https://echo.epa.gov/detailed-facility-report?fid=110053001443,48377,No Violation,GW,_VVVV_V__V___,3014=E. COLI; 7500=Public Notice; 8000=Revised Total Coliform Rule,0,0,1,0,0,1,1,HM,Hotel/Motel,Monitoring Violation | Monitoring and Reporting | Other Violation,1,01/25/2024,01/25/2024,,,,10/30/2025,,10/30/2025,,2,0,2,,Presidio
PENITAS CITY OF,TX1080037,,TX,,Hidalgo,06,110048682430,N,CWS,Community water system,GW,Ground water,160,I,Inactive,P,Private,0,0,No,No,No,No,No,No,0,0,0,0,,,,,,06/13/1991,06/13/1991,04/01/1985,09/22/1989,,09/22/1989,,,,,,https://echo.epa.gov/detailed-facility-report?fid=110048682430,48215,Inactive,GW,             ,,0,0,0,0,0,0,0,,,,,,,,,,,,,,0,0,,,Hidalgo
EAST MONTANA WATER SYSTEM EAST EL PASO W,TX0710105,,TX,,El Paso,06,110049738469,N,CWS,Community water system,GW,Ground water,918,I,Inactive,P,Private,0,0,No,No,No,No,No,No,0,0,0,0,,,,,,08/28/1991,08/28/1991,07/20/1990,,,,,,,,,https://echo.epa.gov/detailed-facility-report?fid=110049738469,48141,Inactive,GW,             ,,0,0,0,0,0,0,0,RA,Residential Area,,,,,,,,,,,,0,0,,,El Paso
HILL COUNTRY CUPBOARD,TX0160008,,TX,,Cameron,06,110049838324,N,TNCWS,Transient non-community system,GW,Ground water,25,I,Inactive,P,Private,0,0,No,No,No,No,No,No,0,0,0,0,,,,,,09/01/1982,,09/01/1982,,,,,,,,,https://echo.epa.gov/detailed-facility-report?fid=110049838324,48061,Inactive,GW,             ,,0,0,0,0,0,0,0,,,,,,,,,,,,,,0,0,,,Cameron
WILLIE BALLARD HOUSING,TX0950054,,TX,,Presidio,06,110049672485,N,TNCWS,Transient non-community system,GW,Ground water,90,I,Inactive,P,Private,0,0,No,No,No,No,No,No,0,0,0,0,,,,,,10/01/1982,,10/01/1982,,,,,,,,,https://echo.epa.gov/detailed-facility-report?fid=110049672485,48377,Inactive,GW,             ,,0,0,0,0,0,0,0,,,,,,,,,,,,,,0,0,,,Presidio
PANTHER JUNCTION PLT,TX0220020,,TX,,Brewster,06,110012830669,N,CWS,Community water system,GW,Ground water,300,A,Active,F,Federal government,2,0,No,No,No,No,No,No,2,0,4,0,,,4,11,,01/12/2026,,01/12/2026,,,,0999=Chlorine; 8000=Revised Total Coliform Rule,,,,,https://echo.epa.gov/detailed-facility-report?fid=110012830669,48043,No Violation,GW,______V__V___,0999=Chlorine; 3014=E. COLI; 7500=Public Notice; 8000=Revised Total Coliform Rule,0,0,1,0,0,1,1,OR,Other Residential,Monitoring Violation | Monitoring and Reporting,1,09/29/2022,09/29/2022,,,,09/29/2022,,09/29/2022,,1,0,1,,Brewster
VINTON VILLAGE ESTATES,TX0710151,,TX,,El Paso,06,110012935538,N,CWS,Community water system,SWP,Surface water purchased,0,N,Changed from public to non-public,P,Private,0,0,No,No,No,No,No,No,0,0,0,0,,,,,,,,,,,,,,,,,https://echo.epa.gov/detailed-facility-report?fid=110012935538,48141,Inactive,SW,_________    ,,0,0,0,0,0,0,1,RA,Residential Area,,2,12/17/2024,12/17/2024,,,,12/17/2024,,12/17/2024,,2,0,2,,El Paso
SAN ELIZARIO GRANT MUD,TX0710100,,TX,,El Paso,06,110049738405,N,CWS,Community water system,GWP,Ground water purchased,250,I,Inactive,L,Local government,0,0,No,No,No,No,No,No,0,0,0,0,,,,,,03/16/2001,03/16/2001,05/01/1985,,,,,,,,,https://echo.epa.gov/detailed-facility-report?fid=110049738405,48141,Inactive,GW,             ,,0,0,0,0,0,0,0,RA,Residential Area,,,,,,,,,,,,0,0,,,El Paso
BIG BEND TRAVEL PARK (LA KIVA),TX0220025,,TX,,Brewster,06,110049633474,N,CWS,Community water system,GW,Ground water,50,I,Inactive,P,Private,0,0,No,No,No,No,No,No,0,0,0,0,,,,,,03/30/2000,03/30/2000,10/01/1988,,,,,,,,,https://echo.epa.gov/detailed-facility-report?fid=110049633474,48043,Inactive,GW,             ,,0,0,0,0,0,0,0,RA,Residential Area,,,,,,,,,,,,0,0,,,Brewster
J & M WATER SERVICE,TX0710149,,TX,,El Paso,06,110049526278,N,TNCWS,Transient non-community system,SWP,Surface water purchased,25,I,Inactive,P,Private,0,0,No,No,No,No,No,No,0,0,0,0,,,,,,,,,,,,,,,,,https://echo.epa.gov/detailed-facility-report?fid=110049526278,48141,Inactive,SW,             ,,0,0,0,0,0,0,0,,,,,,,,,,,,,,0,0,,,El Paso
AUGA PRONTO,TX0710170,,TX,,El Paso,06,110052962692,N,TNCWS,Transient non-community system,SWP,Surface water purchased,27,I,Inactive,P,Private,0,0,No,No,No,No,No,No,0,0,0,0,,,,,,,,,,,,,,,,,https://echo.epa.gov/detailed-facility-report?fid=110052962692,48141,Inactive,SW,             ,,0,0,0,0,0,0,0,RA,Residential Area,,,,,,,,,,,,0,0,,,El Paso
FARMERS TUCO GIN,TX0950036,,TX,,Presidio,06,110049672190,N,TNCWS,Transient non-community system,GW,Ground water,25,I,Inactive,P,Private,0,0,No,No,No,No,No,No,0,0,0,0,,,,,,12/01/1979,,12/01/1979,,,,,,,,,https://echo.epa.gov/detailed-facility-report?fid=110049672190,48377,Inactive,GW,             ,,0,0,0,0,0,0,0,,,,,,,,,,,,,,0,0,,,Presidio
LULL WATER SUPPLY CORPORATION,TX1080025,,TX,,Hidalgo,06,110052840985,N,TNCWS,Transient non-community system,SWP,Surface water purchased,700,I,Inactive,P,Private,0,0,No,No,No,No,No,No,0,0,0,0,,,,,,05/29/1991,05/29/1991,10/20/1990,,,,,,,,,https://echo.epa.gov/detailed-facility-report?fid=110052840985,48215,Inactive,SW,             ,,0,0,0,0,0,0,0,,,,,,,,,,,,,,0,0,,,Hidalgo
MONTANA VISTA MOUNTAIN VIEW SCHOOL,TX0710116,,TX,,El Paso,06,110049487435,N,NTNCWS,Non-Transient non-community system,GW,Ground water,3300,N,Changed from public to non-public,L,Local government,0,0,No,No,No,No,No,No,0,0,0,0,,,,,,05/20/1991,,05/20/1991,,,,,,,,,https://echo.epa.gov/detailed-facility-report?fid=110049487435,48141,Inactive,GW,             ,,0,0,0,0,0,0,0,SC,School,,,,,,,,,,11/13/2000,,0,0,,,El Paso
TPWD FORT LEATON SHP,TX1890005,,TX,,Presidio,06,110052924047,N,TNCWS,Transient non-community system,GW,Ground water,25,I,Inactive,S,State or Territorial Government,0,0,No,No,No,No,No,No,0,0,0,0,,,,,,07/01/1985,,07/01/1985,,,,,,,,,https://echo.epa.gov/detailed-facility-report?fid=110052924047,48377,Inactive,GW,             ,,0,0,0,0,0,0,0,OT,Other Transient Area,,,,,,,,,,,,0,0,,,Presidio
DON BALTAS RESTAURANT,TX0710176,,TX,,El Paso,06,110052972235,N,TNCWS,Transient non-community system,GWP,Ground water purchased,50,I,Inactive,P,Private,0,0,No,No,No,No,No,No,0,0,0,0,,,,,,,,,,,,,,,,,https://echo.epa.gov/detailed-facility-report?fid=110052972235,48141,Inactive,GW,             ,,0,0,0,0,0,0,0,RS,Restaurant,,,,,,,,,,,,0,0,,,El Paso
LOS OJUELOS WATER,TX2400017,,TX,,Webb,06,110022994321,N,CWS,Community water system,GW,Ground water,460,N,Changed from public to non-public,L,Local government,0,0,No,No,No,No,No,No,0,0,0,0,,,,,,12/01/2005,,12/01/2005,,,,,,,,,https://echo.epa.gov/detailed-facility-report?fid=110022994321,48479,Inactive,GW,             ,,0,0,0,0,0,0,0,WH,Wholesaler of Water,,,,,,,,,,02/16/2007,,0,0,,,Webb
LONG BRANCH SALOON,TX2400040,,TX,,Webb,06,110063350396,N,TNCWS,Transient non-community system,GW,Ground water,13,N,Changed from public to non-public,P,Private,0,0,No,No,No,No,No,No,0,0,0,0,,,,,,12/05/2017,,12/05/2017,03/23/2018,03/23/2018,,,,,,,https://echo.epa.gov/detailed-facility-report?fid=110063350396,48479,Inactive,GW,             ,,0,0,0,0,0,0,0,RS,Restaurant,,,,,,,,,,,,0,0,,,Webb
BIT-O-HEAVEN MOBILE HOME PARK,TX1080227,,TX,,Hidalgo,06,110052917634,N,NTNCWS,Non-Transient non-community system,SWP,Surface water purchased,800,I,Inactive,P,Private,0,0,No,No,No,No,No,No,0,0,0,0,,,,,,,,,,,,,,,,,https://echo.epa.gov/detailed-facility-report?fid=110052917634,48215,Inactive,SW,             ,,0,0,0,0,0,0,0,MH,Mobile Home Park,,,,,,,,,,,,0,0,,,Hidalgo
PASEO DE LA RESACA MUD NO 3,TX0310148,,TX,,Cameron,06,110052881841,N,TNCWS,Transient non-community system,GW,Ground water,25,I,Inactive,L,Local government,0,0,No,No,No,No,No,No,0,0,0,0,,,,,,,,,,,,,,,,,https://echo.epa.gov/detailed-facility-report?fid=110052881841,48061,Inactive,GW,             ,,0,0,0,0,0,0,0,OT,Other Transient Area,,,,,,,,,,,,0,0,,,Cameron
NATIONAL GUARD BASECAMP LAREDO SOUTH,TX2400049,,TX,,Webb,06,110071300265,N,TNCWS,Transient non-community system,SWP,Surface water purchased,0,N,Changed from public to non-public,P,Private,0,0,No,No,No,No,No,No,0,0,0,0,,,,,,,,,,,,,,,,,https://echo.epa.gov/detailed-facility-report?fid=110071300265,48479,Inactive,SW,             ,,0,0,0,0,0,0,1,OT,Other Transient Area,,,,,,,,04/21/2022,,04/21/2022,,1,0,1,,Webb
BINGO FUEL STOP-WINNIE TX,TX0360048,,TX,,El Paso,06,110049510819,N,TNCWS,Transient non-community system,GW,Ground water,250,I,Inactive,P,Private,0,0,No,No,No,No,No,No,0,0,0,0,,,,,,01/01/1985,,01/01/1985,,,,,,,,,https://echo.epa.gov/detailed-facility-report?fid=110049510819,48141,Inactive,GW,             ,,0,0,0,0,0,0,0,,,,,,,,,,,,,,0,0,,,El Paso
CITY OF EAGLE PASS,TX1620001,,TX,,Maverick,06,110064387131,N,CWS,Community water system,SW,Surface water,54900,A,Active,L,Local government,0,0,No,No,No,No,No,No,0,0,0,0,,,,,,04/09/2020,,04/09/2020,,,,,,,,,https://echo.epa.gov/detailed-facility-report?fid=110064387131,48323,No Violation,SW,_____________,,0,0,0,0,0,0,1,RA,Residential Area,,2,07/10/2025,07/10/2025,,,,07/10/2025,,07/10/2025,,2,0,2,,Maverick
CITY OF COMBES,TX0310021,,TX,,Cameron,06,110012829029,N,CWS,Community water system,SWP,Surface water purchased,2895,A,Active,L,Local government,7,0,No,No,No,Yes,Yes,Yes,4,2,26,2,,,24,32,,04/23/2026,,04/23/2026,,,,0999=Chlorine; 7000=Consumer Confidence Rule; 7500=Public Notice; 8000=Revised Total Coliform Rule,7000=Consumer Confidence Rule; 7500=Public Notice,,,,https://echo.epa.gov/detailed-facility-report?fid=110012829029,48061,In Violation,SW,______VVVVVVV,0999=Chlorine; 2950=TTHM; 5000=Lead and Copper Rule; 7000=Consumer Confidence Rule; 7500=Public Notice; 8000=Revised Total Coliform Rule,0,0,1,0,1,1,1,RA,Residential Area,Monitoring Violation | Monitoring and Reporting | Other Violation,1,06/16/2023,06/16/2023,,,,06/16/2023,,06/16/2023,,1,0,1,,Cameron
MCELROY RANCH WATER SYSTEM,TX0220040,,TX,,Brewster,06,110049633795,N,CWS,Community water system,GW,Ground water,45,A,Active,P,Private,12,0,No,No,No,Yes,Yes,Yes,10,1,21,3,,,18,54,,05/12/2026,,05/12/2026,,,,"1005=Arsenic; 1010=Barium; 1015=Cadmium; 1020=Chromium; 1024=CYANIDE; 1025=Fluoride; 1035=Mercury; 1040=Nitrate; 1041=Nitrite; 1045=Selenium; 1074=Antimony, Total; 1075=Beryllium, Total; 1085=Thallium, Total; 2005=Endrin; 2010=BHC-GAMMA; 2015=Methoxychlor; 2020=Toxaphene; 2031=Dalapon; 2035=Di(2-ethylhexyl) adipate; 2036=OXAMYL; 2037=Simazine; 2039=Di(2-ethylhexyl) phthalate; 2040=Picloram; 2041=Dinoseb; 2042=Hexachlorocyclopentadiene; 2043=Aldicarb sulfoxide; 2044=Aldicarb sulfone; 2046=Carbofuran; 2047=Aldicarb; 2050=Atrazine; 2051=LASSO; 2065=Heptachlor; 2067=Heptachlor epoxide; 2105=2,4-D; 2110=2,4,5-TP; 2274=HEXACHLOROBENZENE; 2306=Benzo(a)pyrene; 2326=Pentachlorophenol; 2378=1,2,4-Trichlorobenzene; 2380=cis-1,2-Dichloroethylene; 2931=1,2-DIBROMO-3-CHLOROPROPANE; 2946=ETHYLENE DIBROMIDE; 2955=Xylenes, Total; 2959=Chlordane; 2964=DICHLOROMETHANE; 2968=o-Dichlorobenzene; 2969=p-Dichlorobenzene; 2976=Vinyl chloride; 2977=1,1-Dichloroethylene; 2979=trans-1,2-Dichloroethylene; 2980=1,2-Dichloroethane; 2981=1,1,1-Trichloroethane; 2982=Carbon tetrachloride; 2983=1,2-Dichloropropane; 2984=Trichloroethylene; 2985=1,1,2-Trichloroethane; 2987=Tetrachloroethylene; 2989=CHLOROBENZENE; 2990=Benzene; 2991=Toluene; 2992=Ethylbenzene; 2996=Styrene; 4000=Gross Alpha, Excl. Radon and U; 4006=Combined Uranium; 4010=Combined Radium (-226 and -228); 7500=Public Notice; 8000=Revised Total Coliform Rule",7500=Public Notice,,,1,https://echo.epa.gov/detailed-facility-report?fid=110049633795,48043,In Violation,GW,VVVVVVVVVVVVV,"1005=Arsenic; 1010=Barium; 1015=Cadmium; 1020=Chromium; 1024=CYANIDE; 1025=Fluoride; 1035=Mercury; 1040=Nitrate; 1041=Nitrite; 1045=Selenium; 1074=Antimony, Total; 1075=Beryllium, Total; 1085=Thallium, Total; 2005=Endrin; 2010=BHC-GAMMA; 2015=Methoxychlor; 2020=Toxaphene; 2031=Dalapon; 2035=Di(2-ethylhexyl) adipate; 2036=OXAMYL; 2037=Simazine; 2039=Di(2-ethylhexyl) phthalate; 2040=Picloram; 2041=Dinoseb; 2042=Hexachlorocyclopentadiene; 2043=Aldicarb sulfoxide; 2044=Aldicarb sulfone; 2046=Carbofuran; 2047=Aldicarb; 2050=Atrazine; 2051=LASSO; 2065=Heptachlor; 2067=Heptachlor epoxide; 2105=2,4-D; 2110=2,4,5-TP; 2274=HEXACHLOROBENZENE; 2306=Benzo(a)pyrene; 2326=Pentachlorophenol; 2378=1,2,4-Trichlorobenzene; 2380=cis-1,2-Dichloroethylene; 2931=1,2-DIBROMO-3-CHLOROPROPANE; 2946=ETHYLENE DIBROMIDE; 2955=Xylenes, Total; 2959=Chlordane; 2964=DICHLOROMETHANE; 2968=o-Dichlorobenzene; 2969=p-Dichlorobenzene; 2976=Vinyl chloride; 2977=1,1-Dichloroethylene; 2979=trans-1,2-Dichloroethylene; 2980=1,2-Dichloroethane; 2981=1,1,1-Trichloroethane; 2982=Carbon tetrachloride; 2983=1,2-Dichloropropane; 2984=Trichloroethylene; 2985=1,1,2-Trichloroethane; 2987=Tetrachloroethylene; 2989=CHLOROBENZENE; 2990=Benzene; 2991=Toluene; 2992=Ethylbenzene; 2996=Styrene; 4000=Gross Alpha, Excl. Radon and U; 4006=Combined Uranium; 4010=Combined Radium (-226 and -228); 5000=Lead and Copper Rule; 5200=LEAD AND COPPER RULE REVISIONS; 7500=Public Notice; 8000=Revised Total Coliform Rule",0,0,1,0,1,1,0,RA,Residential Area,Monitoring Violation | Monitoring and Reporting | Other Violation | Reporting Violation | Treatment Technique Violation,,,,,,,,,05/27/2010,,0,0,,,Brewster
ZAPATA COUNTY WATERWORKS SWTP,TX2530002,,TX,,Zapata,06,110000505249,N,CWS,Community water system,SW,Surface water,13736,A,Active,L,Local government,2,0,No,No,No,No,No,No,2,0,12,0,,,12,7,,09/05/2024,,09/05/2024,02/05/2006,,02/05/2006,8000=Revised Total Coliform Rule,,,,,https://echo.epa.gov/detailed-facility-report?fid=110000505249,48505,No Violation,SW,V____V_______,7000=Consumer Confidence Rule; 8000=Revised Total Coliform Rule,0,0,1,0,0,1,1,RA,Residential Area,Maximum Contaminant Level Violation | Other Violation,2,08/08/2024,08/08/2024,,,,08/08/2024,,08/08/2024,,3,0,3,,Zapata
IMPERIUS EVENTS,TX2330071,,TX,,Val Verde,06,110070767980,N,TNCWS,Transient non-community system,GW,Ground water,200,I,Inactive,P,Private,0,0,No,No,No,No,No,No,0,0,0,0,,,,,,,,,,,,,,,,,https://echo.epa.gov/detailed-facility-report?fid=110070767980,48465,Inactive,GW,             ,,0,0,0,0,0,0,0,OT,Other Transient Area,,,,,,,,,,,,0,0,,,Val Verde
DESERT OASIS PARK,TX0710007,,TX,,El Paso,06,110049664617,N,CWS,Community water system,GW,Ground water,327,I,Inactive,P,Private,0,0,No,No,No,No,No,No,0,0,0,0,,,,,,08/28/1991,08/28/1991,,,,,,,,,,https://echo.epa.gov/detailed-facility-report?fid=110049664617,48141,Inactive,GW,             ,,0,0,0,0,0,0,0,MH,Mobile Home Park,,,,,,,,,,,,0,0,,,El Paso
AMERICAN PLUME & FANCY FEATHER,TX1890014,,TX,,Presidio,06,110053001416,N,NTNCWS,Non-Transient non-community system,GW,Ground water,31,I,Inactive,P,Private,0,0,No,No,No,No,No,No,0,0,0,0,,,,,,,,,07/26/1999,07/26/1999,,,,,,,https://echo.epa.gov/detailed-facility-report?fid=110053001416,48377,Inactive,GW,             ,,0,0,0,0,0,0,0,IA,Industrial/Agricultural,,,,,,,,,,,,0,0,,,Presidio
WORNICK FAMILY FOODS,TX1080061,,TX,,Hidalgo,06,110052660394,N,NTNCWS,Non-Transient non-community system,SW,Surface water,200,I,Inactive,P,Private,0,0,No,No,No,No,No,No,0,0,0,0,,,,,,07/12/1991,07/12/1991,04/20/1991,,,,,,,,,https://echo.epa.gov/detailed-facility-report?fid=110052660394,48215,Inactive,SW,             ,,0,0,0,0,0,0,0,IA,Industrial/Agricultural,,,,,,,,,,,,0,0,,,Hidalgo
CANO FAMCO WATER SUPPLY,TX2330074,,TX,,Val Verde,06,110071300214,N,NTNCWS,Non-Transient non-community system,GW,Ground water,121,A,Active,P,Private,0,0,No,No,No,No,No,No,0,0,2,0,,,2,8,,06/15/2023,,06/15/2023,,,,,,,,,https://echo.epa.gov/detailed-facility-report?fid=110071300214,48465,No Violation,GW,_____________,8000=Revised Total Coliform Rule,0,0,1,0,0,0,0,ON,Other Non-transient Area,,,,,,,,,,,,0,0,,,Val Verde
LLANO GRANDE GOLF COURSE,TX1080064,,TX,,Hidalgo,06,110052660401,N,TNCWS,Transient non-community system,GW,Ground water,0,N,Changed from public to non-public,P,Private,0,0,No,No,No,No,No,No,0,0,0,0,,,,,,04/21/2014,08/16/1991,04/21/2014,07/19/2013,07/19/2013,,,,,,,https://echo.epa.gov/detailed-facility-report?fid=110052660401,48215,Inactive,GW,             ,,0,0,0,0,0,0,0,RS,Restaurant,,,,,,,,,,11/10/2014,,0,0,,,Hidalgo
DOUBLE J STORE,TX2140019,,TX,,Starr,06,110052933199,N,TNCWS,Transient non-community system,GW,Ground water,25,I,Inactive,P,Private,0,0,No,No,No,No,No,No,0,0,0,0,,,,,,04/01/1986,,04/01/1986,,,,,,,,,https://echo.epa.gov/detailed-facility-report?fid=110052933199,48427,Inactive,GW,             ,,0,0,0,0,0,0,0,RS,Restaurant,,,,,,,,,,,,0,0,,,Starr
AERO MOTEL,TX0580017,,TX,,Hudspeth,06,110049867550,N,TNCWS,Transient non-community system,GW,Ground water,10,I,Inactive,P,Private,0,0,No,No,No,No,No,No,0,0,0,0,,,,,,12/01/1980,,12/01/1980,,,,,,,,,https://echo.epa.gov/detailed-facility-report?fid=110049867550,48229,Inactive,GW,             ,,0,0,0,0,0,0,0,,,,,,,,,,,,,,0,0,,,Hudspeth
TPWD DEVILS RIVER STATE NATURAL AREA,TX2330078,,TX,,Val Verde,06,110072128025,N,TNCWS,Transient non-community system,GW,Ground water,287,A,Active,S,State or Territorial Government,0,0,No,No,No,No,No,No,0,0,0,0,,,,,,,,,,,,,,,,,https://echo.epa.gov/detailed-facility-report?fid=110072128025,48465,No Violation,GW,_____________,,0,0,0,0,0,0,0,OT,Other Transient Area,,,,,,,,,,,,0,0,,,Val Verde
EL PASO NATURAL GAS CO-EL PASO STA,TX0710063,,TX,,El Paso,06,110049962180,N,CWS,Community water system,GW,Ground water,5,I,Inactive,P,Private,0,0,No,No,No,No,No,No,0,0,0,0,,,,,,09/01/1984,,09/01/1984,,,,,,,,,https://echo.epa.gov/detailed-facility-report?fid=110049962180,48141,Inactive,GW,             ,,0,0,0,0,0,0,0,OT,Other Transient Area,,,,,,,,,,,,0,0,,,El Paso
LORINAS CANTINA,TX2330062,,TX,,Val Verde,06,110052993659,N,TNCWS,Transient non-community system,GW,Ground water,0,N,Changed from public to non-public,P,Private,8,0,No,No,No,No,No,No,2,0,1,0,,,1,2,,01/15/2025,,01/15/2025,,,,8000=Revised Total Coliform Rule,,,,,https://echo.epa.gov/detailed-facility-report?fid=110052993659,48465,Inactive,GW,VVVVVVVV__   ,7500=Public Notice; 8000=Revised Total Coliform Rule,0,0,1,0,0,1,1,OT,Other Transient Area,Monitoring Violation | Other Violation,,,,,,,12/13/2019,,12/13/2019,,0,0,,,Val Verde
EASTWIND MOBILE HOME PARK,TX0710123,,TX,,El Paso,06,110049487827,N,CWS,Community water system,SWP,Surface water purchased,135,I,Inactive,P,Private,0,0,No,No,No,No,No,No,0,0,0,0,,,,,,,,,,,,,,,,,https://echo.epa.gov/detailed-facility-report?fid=110049487827,48141,Inactive,SW,             ,,0,0,0,0,0,0,0,MH,Mobile Home Park,,,,,,,,,,,,0,0,,,El Paso
BANNWORTH INC - FROZEN FOOD DIV,TX1080087,,TX,,Hidalgo,06,110052660599,N,NTNCWS,Non-Transient non-community system,SW,Surface water,300,I,Inactive,P,Private,0,0,No,No,No,No,No,No,0,0,0,0,,,,,,09/01/1989,,09/01/1989,,,,,,,,,https://echo.epa.gov/detailed-facility-report?fid=110052660599,48215,Inactive,SW,             ,,0,0,0,0,0,0,0,IA,Industrial/Agricultural,,,,,,,,,,,,0,0,,,Hidalgo
LINDA'S CAFE & FRUIT STAND,TX0360068,,TX,,El Paso,06,110049890114,N,TNCWS,Transient non-community system,GW,Ground water,100,I,Inactive,P,Private,0,0,No,No,No,No,No,No,0,0,0,0,,,,,,09/01/1983,,09/01/1983,,,,,,,,,https://echo.epa.gov/detailed-facility-report?fid=110049890114,48141,Inactive,GW,             ,,0,0,0,0,0,0,0,,,,,,,,,,,,,,0,0,,,El Paso
LAKEVIEW TRAILER PARK,TX2330028,,TX,,Val Verde,06,110048954280,N,CWS,Community water system,GW,Ground water,35,I,Inactive,P,Private,0,0,No,No,No,No,No,No,0,0,0,0,,,,,,04/01/1981,,04/01/1981,,,,,,,,,https://echo.epa.gov/detailed-facility-report?fid=110048954280,48465,Inactive,GW,             ,,0,0,0,0,0,0,0,,,,,,,,,,,,,,0,0,,,Val Verde
FIESTA WATERS,TX2400030,,TX,,Webb,06,110052823806,N,TNCWS,Transient non-community system,GW,Ground water,25,I,Inactive,P,Private,0,0,No,No,No,No,No,No,0,0,0,0,,,,,,,,,,,,,,,,,https://echo.epa.gov/detailed-facility-report?fid=110052823806,48479,Inactive,GW,             ,,0,0,0,0,0,0,0,OA,Other Area,,,,,,,,,,,,0,0,,,Webb
GOOD VALLEY RANCH,TX1080220,,TX,,Hidalgo,06,110048938370,N,CWS,Community water system,GW,Ground water,135,I,Inactive,P,Private,0,0,No,No,No,No,No,No,0,0,0,0,,,,,,,,,,,,,,,,,https://echo.epa.gov/detailed-facility-report?fid=110048938370,48215,Inactive,GW,             ,,0,0,0,0,0,0,0,RA,Residential Area,,,,,,,,,,,,0,0,,,Hidalgo
VALLEY MUD NO 1,TX0310029,,TX,,Cameron,06,110049974649,N,CWS,Community water system,SWP,Surface water purchased,1236,I,Inactive,L,Local government,0,0,No,No,No,No,No,No,0,0,0,0,,,,,,,,,,,,,,,,,https://echo.epa.gov/detailed-facility-report?fid=110049974649,48061,Inactive,SW,             ,,0,0,0,0,0,0,0,RA,Residential Area,,,,,,,,,,,,0,0,,,Cameron
LAKEVIEW TRUCK STOP,TX2330031,,TX,,Val Verde,06,110053004798,N,TNCWS,Transient non-community system,GW,Ground water,26,I,Inactive,P,Private,0,0,No,No,No,No,No,No,0,0,0,0,,,,,,,,,,,,,,,,,https://echo.epa.gov/detailed-facility-report?fid=110053004798,48465,Inactive,GW,             ,,0,0,0,0,0,0,0,,,,,,,,,,,,,,0,0,,,Val Verde
FORT BLISS BIGGS ARMY AIRFIELD,TX0710078,,TX,,El Paso,06,110012935397,N,CWS,Community water system,GW,Ground water,2961,A,Active,P,Private,0,0,No,No,No,No,No,No,0,0,0,0,,,,,,12/03/2018,,12/03/2018,,,,,,,,,https://echo.epa.gov/detailed-facility-report?fid=110012935397,48141,No Violation,GW,_____________,,0,0,0,0,0,0,1,IN,Institution,,1,10/11/2023,10/11/2023,,,,10/11/2023,,10/11/2023,,1,0,1,,El Paso
M-S FOOD INC,TX0950018,,TX,,Presidio,06,110049930857,N,TNCWS,Transient non-community system,GW,Ground water,25,I,Inactive,P,Private,0,0,No,No,No,No,No,No,0,0,0,0,,,,,,02/01/1985,,02/01/1985,,,,,,,,,https://echo.epa.gov/detailed-facility-report?fid=110049930857,48377,Inactive,GW,             ,,0,0,0,0,0,0,0,,,,,,,,,,,,,,0,0,,,Presidio
PECKERS RESTAURANT,TX1080167,,TX,,Hidalgo,06,110052957243,N,TNCWS,Transient non-community system,GW,Ground water,50,I,Inactive,P,Private,0,0,No,No,No,No,No,No,0,0,0,0,,,,,,07/01/1987,,07/01/1987,,,,,,,,,https://echo.epa.gov/detailed-facility-report?fid=110052957243,48215,Inactive,GW,             ,,0,0,0,0,0,0,0,RS,Restaurant,,,,,,,,,,,,0,0,,,Hidalgo
CIBOLO CREEK TRAILER PARK,TX1890006,,TX,,Presidio,06,110052924065,N,TNCWS,Transient non-community system,GW,Ground water,10,I,Inactive,P,Private,0,0,No,No,No,No,No,No,0,0,0,0,,,,,,07/01/1981,,07/01/1981,,,,,,,,,https://echo.epa.gov/detailed-facility-report?fid=110052924065,48377,Inactive,GW,             ,,0,0,0,0,0,0,0,MH,Mobile Home Park,,,,,,,,,,,,0,0,,,Presidio
NEAL INC 15,TX2330054,,TX,,Val Verde,06,110052993533,N,TNCWS,Transient non-community system,GW,Ground water,75,A,Active,P,Private,0,0,No,No,No,No,No,No,0,0,0,0,,,,,,09/01/2011,,09/01/2011,01/10/2007,,01/10/2007,,,,,,https://echo.epa.gov/detailed-facility-report?fid=110052993533,48465,No Violation,GW,_____________,,0,0,0,0,0,0,1,OT,Other Transient Area,,1,03/20/2026,03/20/2026,,,,03/20/2026,,03/20/2026,,2,0,2,,Val Verde
ST JOSEPH WATER & ICE CORP,TX0310149,,TX,,Cameron,06,110052881869,N,TNCWS,Transient non-community system,GW,Ground water,300,I,Inactive,P,Private,0,0,No,No,No,No,No,No,0,0,0,0,,,,,,,,,,,,,,,,,https://echo.epa.gov/detailed-facility-report?fid=110052881869,48061,Inactive,GW,             ,,0,0,0,0,0,0,0,OA,Other Area,,,,,,,,,,,,0,0,,,Cameron
METAL PROCESSING,TX0710072,,TX,,El Paso,06,110049962215,N,NTNCWS,Non-Transient non-community system,GW,Ground water,50,I,Inactive,P,Private,0,0,No,No,No,No,No,No,0,0,0,0,,,,,,03/08/1990,,03/08/1990,,,,,,,,,https://echo.epa.gov/detailed-facility-report?fid=110049962215,48141,Inactive,GW,             ,,0,0,0,0,0,0,0,IA,Industrial/Agricultural,,,,,,,,,,,,0,0,,,El Paso
CITY OF ALPINE,TX0220001,,TX,,Brewster,06,110012830605,N,CWS,Community water system,GW,Ground water,6000,A,Active,L,Local government,8,0,No,No,Yes,No,No,No,5,1,10,1,,,9,17,,04/06/2026,,04/06/2026,01/26/2006,,01/26/2006,0999=Chlorine; 5200=LEAD AND COPPER RULE REVISIONS; 8000=Revised Total Coliform Rule,5200=LEAD AND COPPER RULE REVISIONS; 8000=Revised Total Coliform Rule,,,,https://echo.epa.gov/detailed-facility-report?fid=110012830605,48043,In Violation,GW,_VV___VV_VVVV,0999=Chlorine; 5000=Lead and Copper Rule; 5200=LEAD AND COPPER RULE REVISIONS; 7000=Consumer Confidence Rule; 8000=Revised Total Coliform Rule,0,0,1,0,1,1,1,RA,Residential Area,Monitoring Violation | Monitoring and Reporting | Other Violation | Reporting Violation,1,09/20/2023,09/20/2023,,,,09/20/2023,,09/20/2023,,1,0,1,,Brewster
SANTA ROSA FOOD STORE,TX0310138,,TX,,Cameron,06,110052931262,N,TNCWS,Transient non-community system,SWP,Surface water purchased,26,I,Inactive,P,Private,0,0,No,No,No,No,No,No,0,0,0,0,,,,,,,,,,,,,,,,,https://echo.epa.gov/detailed-facility-report?fid=110052931262,48061,Inactive,SW,             ,,0,0,0,0,0,0,0,OT,Other Transient Area,,,,,,,,,,,,0,0,,,Cameron
FORT BLISS SITE MONITOR,TX0710083,,TX,,El Paso,06,110049974079,N,NTNCWS,Non-Transient non-community system,GWP,Ground water purchased,0,N,Changed from public to non-public,P,Private,0,0,No,No,No,No,No,No,0,0,0,0,,,,,,06/25/2008,,06/25/2008,,,,,,,,,https://echo.epa.gov/detailed-facility-report?fid=110049974079,48141,Inactive,GW,___________  ,,0,0,0,0,0,0,0,,,,,,,,,,,,06/19/2014,,0,0,,,El Paso
DELUXE INN,TX0710085,,TX,,El Paso,06,110049974097,N,TNCWS,Transient non-community system,GW,Ground water,25,N,Changed from public to non-public,P,Private,0,0,No,No,No,No,No,No,0,0,0,0,,,,,,04/15/1991,04/15/1991,03/20/1991,06/25/1990,,06/25/1990,,,,,,https://echo.epa.gov/detailed-facility-report?fid=110049974097,48141,Inactive,GW,             ,,0,0,0,0,0,0,0,HM,Hotel/Motel,,,,,,,,,,08/05/1992,,0,0,,,El Paso
CITY OF LAREDO SANTA ISABEL RO UNIT,TX2400027,,TX,,Webb,06,110013207653,N,NTNCWS,Non-Transient non-community system,GW,Ground water,0,N,Changed from public to non-public,L,Local government,0,0,No,No,No,No,No,No,0,0,0,0,,,,,,04/17/2009,,04/17/2009,,,,,,,,,https://echo.epa.gov/detailed-facility-report?fid=110013207653,48479,Inactive,GW,             ,,0,0,0,0,0,0,0,OR,Other Residential,,,,,,,,,,03/28/2011,,0,0,,,Webb
MIRANDO CITY WSC,TX2400025,,TX,,Webb,06,110012898445,N,CWS,Community water system,GW,Ground water,460,A,Active,L,Local government,12,4,No,Yes,Yes,No,Yes,Yes,5,2,49,8,,35,6,44,1,05/20/2026,,05/20/2026,09/30/2025,,09/30/2025,0999=Chlorine; 1005=Arsenic; 5200=LEAD AND COPPER RULE REVISIONS; 7000=Consumer Confidence Rule; 7500=Public Notice,5200=LEAD AND COPPER RULE REVISIONS; 7000=Consumer Confidence Rule; 7500=Public Notice,,,1,https://echo.epa.gov/detailed-facility-report?fid=110012898445,48479,In Violation,GW,VVVVVSSSSVVVV,0999=Chlorine; 1005=Arsenic; 5200=LEAD AND COPPER RULE REVISIONS; 7000=Consumer Confidence Rule; 7500=Public Notice; 8000=Revised Total Coliform Rule,0,1,1,0,1,1,1,RA,Residential Area,Maximum Contaminant Level Violation | Monitoring and Reporting | Other Violation | Reporting Violation | Treatment Technique Violation,2,09/30/2024,09/30/2024,1,1,1,09/30/2024,,09/30/2024,,2,0,2,,Webb
FORT BLISS DETENTION CENTER,TX0710218,,TX,,El Paso,06,110072128013,N,NTNCWS,Non-Transient non-community system,SWP,Surface water purchased,3400,A,Active,P,Private,1,0,No,No,No,No,No,No,2,0,2,1,,,1,5,,04/06/2026,,04/06/2026,,,,0999=Chlorine; 8000=Revised Total Coliform Rule,,,,,https://echo.epa.gov/detailed-facility-report?fid=110072128013,48141,No Violation,SW,__________V__,0999=Chlorine; 8000=Revised Total Coliform Rule,0,0,1,0,0,1,0,ON,Other Non-transient Area,Monitoring Violation | Monitoring and Reporting,,,,,,,,,,,0,0,,,El Paso
CAL TEX SPICE CO,TX0710093,,TX,,El Paso,06,110049721903,N,NTNCWS,Non-Transient non-community system,GW,Ground water,25,I,Inactive,P,Private,0,0,No,No,No,No,No,No,0,0,0,0,,,,,,02/01/1985,,02/01/1985,,,,,,,,,https://echo.epa.gov/detailed-facility-report?fid=110049721903,48141,Inactive,GW,             ,,0,0,0,0,0,0,0,IA,Industrial/Agricultural,,,,,,,,,,,,0,0,,,El Paso
CITY OF PALM VALLEY,TX0310027,,TX,,Cameron,06,110012940498,N,CWS,Community water system,SWP,Surface water purchased,1310,A,Active,L,Local government,0,0,No,No,No,No,No,No,0,0,0,0,,,,,,02/23/2015,,02/23/2015,,,,,,,,,https://echo.epa.gov/detailed-facility-report?fid=110012940498,48061,No Violation,SW,_____________,,0,0,0,0,0,0,1,RA,Residential Area,,2,01/16/2025,01/16/2025,,,,01/16/2025,,01/16/2025,,2,0,2,,Cameron
CITY OF SAN BENITO,TX0310007,,TX,,Cameron,06,110000506015,N,CWS,Community water system,SW,Surface water,24250,A,Active,L,Local government,3,0,No,No,No,No,No,No,1,0,1,0,,,1,,,08/17/2017,04/22/1994,08/17/2017,,,,5200=LEAD AND COPPER RULE REVISIONS,5200=LEAD AND COPPER RULE REVISIONS,,,,https://echo.epa.gov/detailed-facility-report?fid=110000506015,48061,No Violation,SW,_________VVV_,5200=LEAD AND COPPER RULE REVISIONS,0,0,0,0,0,1,1,RA,Residential Area,Reporting Violation,2,04/10/2025,04/10/2025,,,,04/10/2025,,04/10/2025,,2,0,2,,Cameron
VINTON STEEL,TX0710030,,TX,,El Paso,06,110000600154,N,NTNCWS,Non-Transient non-community system,GW,Ground water,301,A,Active,P,Private,0,0,No,No,No,No,No,No,0,0,0,0,,,,,,09/24/2019,,09/24/2019,,,,,,,,,https://echo.epa.gov/detailed-facility-report?fid=110000600154,48141,No Violation,GW,_____________,,0,0,0,0,0,0,1,IA,Industrial/Agricultural,,1,10/05/2021,10/05/2021,,,,10/05/2021,,10/05/2021,,1,0,1,,El Paso
LANGTRY WSC,TX2330004,,TX,,Val Verde,06,110013208386,N,TNCWS,Transient non-community system,GW,Ground water,50,A,Active,L,Local government,9,0,No,Yes,No,No,No,No,2,1,8,5,,,3,22,,10/27/2025,,10/27/2025,01/17/2019,09/19/2018,01/17/2019,0700=Groundwater Rule; 8000=Revised Total Coliform Rule,0700=Groundwater Rule,,,,https://echo.epa.gov/detailed-facility-report?fid=110013208386,48465,In Violation,GW,____VVVVVVVVV,0700=Groundwater Rule; 7500=Public Notice; 8000=Revised Total Coliform Rule,0,0,1,0,1,1,1,RA,Residential Area,Monitoring Violation | Treatment Technique Violation,1,02/08/2024,02/08/2024,1,1,1,02/08/2024,,02/08/2024,,1,0,1,,Val Verde
AMISTAD DAM WATER SYSTEM,TX2330036,,TX,,Val Verde,06,110049498110,N,TNCWS,Transient non-community system,GW,Ground water,25,N,Changed from public to non-public,F,Federal government,0,0,No,No,No,No,No,No,0,0,0,0,,,,,,08/29/1991,08/29/1991,07/01/1980,,,,,,,,,https://echo.epa.gov/detailed-facility-report?fid=110049498110,48465,Inactive,GW,             ,,0,0,0,0,0,0,0,OT,Other Transient Area,,,,,,,,,,03/22/2004,,0,0,,,Val Verde
QUIET VILLAGE II,TX1080221,,TX,,Hidalgo,06,110013243971,N,CWS,Community water system,SWP,Surface water purchased,492,A,Active,P,Private,10,2,No,No,No,No,No,No,4,0,14,0,,,14,46,,03/09/2026,,03/09/2026,01/16/2018,,01/16/2018,0999=Chlorine; 8000=Revised Total Coliform Rule,8000=Revised Total Coliform Rule,,,,https://echo.epa.gov/detailed-facility-report?fid=110013243971,48215,No Violation,SW,SSV_VVVVVV_V_,0999=Chlorine; 5000=Lead and Copper Rule; 7000=Consumer Confidence Rule; 7500=Public Notice; 8000=Revised Total Coliform Rule,0,0,1,0,0,1,1,RA,Residential Area,Monitoring Violation | Monitoring and Reporting | Other Violation,2,10/13/2025,10/13/2025,,,,10/13/2025,,10/13/2025,,2,0,2,,Hidalgo
MADRID WATER HAULING,TX0710146,,TX,,El Paso,06,110049526205,N,TNCWS,Transient non-community system,GWP,Ground water purchased,25,I,Inactive,P,Private,0,0,No,No,No,No,No,No,0,0,0,0,,,,,,,,,,,,,,,,,https://echo.epa.gov/detailed-facility-report?fid=110049526205,48141,Inactive,GW,             ,,0,0,0,0,0,0,0,,,,,,,,,,,,,,0,0,,,El Paso
TRAVELING TIGER,TX1150011,,TX,,Hudspeth,06,110052999813,N,TNCWS,Transient non-community system,GWP,Ground water purchased,80,A,Active,P,Private,5,1,No,No,No,No,No,No,2,0,23,0,,,23,38,,05/16/2024,08/01/1991,05/16/2024,07/20/2011,01/28/2000,07/20/2011,1040=Nitrate,,,,,https://echo.epa.gov/detailed-facility-report?fid=110052999813,48229,No Violation,GW,VVVSV________,1040=Nitrate; 7500=Public Notice; 8000=Revised Total Coliform Rule,0,0,1,0,0,1,1,OT,Other Transient Area,Monitoring and Reporting | Other Violation,1,10/12/2023,10/12/2023,,,,10/12/2023,,10/12/2023,,1,0,1,,Hudspeth
LOCKHEED MARTIN TRAING & TECH SERVICE,TX1620006,,TX,,Maverick,06,110053025301,N,TNCWS,Transient non-community system,SWP,Surface water purchased,29,I,Inactive,F,Federal government,0,0,No,No,No,No,No,No,0,0,0,0,,,,,,,,,,,,,,,,,https://echo.epa.gov/detailed-facility-report?fid=110053025301,48323,Inactive,SW,             ,,0,0,0,0,0,0,0,OT,Other Transient Area,,,,,,,,,,,,0,0,,,Maverick
AQUA PLANET WATER PARK,TX1080239,,TX,,Hidalgo,06,110070785334,N,TNCWS,Transient non-community system,GW,Ground water,110,A,Active,P,Private,11,1,No,No,No,Yes,Yes,Yes,2,1,45,7,,,38,50,,05/27/2026,,05/27/2026,,,,7500=Public Notice; 8000=Revised Total Coliform Rule,7500=Public Notice; 8000=Revised Total Coliform Rule,,,,https://echo.epa.gov/detailed-facility-report?fid=110070785334,48215,In Violation,GW,VV__VVVSVVVVV,1040=Nitrate; 7500=Public Notice; 8000=Revised Total Coliform Rule,0,0,1,0,1,1,1,OT,Other Transient Area,Monitoring Violation | Other Violation | Treatment Technique Violation,2,12/20/2024,12/20/2024,,,,12/20/2024,,12/20/2024,,2,0,2,,Hidalgo
RAMOS FOOD CENTER,TX2140020,,TX,,Starr,06,110052933215,N,TNCWS,Transient non-community system,GW,Ground water,25,I,Inactive,P,Private,0,0,No,No,No,No,No,No,0,0,0,0,,,,,,09/01/1980,,09/01/1980,,,,,,,,,https://echo.epa.gov/detailed-facility-report?fid=110052933215,48427,Inactive,GW,             ,,0,0,0,0,0,0,0,OT,Other Transient Area,,,,,,,,,,,,0,0,,,Starr
WEBB COUNTY WATER UTILITIES,TX2400022,,TX,,Webb,06,110013207644,N,CWS,Community water system,SW,Surface water,8358,A,Active,L,Local government,12,11,Yes,No,Yes,Yes,Yes,No,4,2,73,61,,,12,52,,05/08/2026,,05/08/2026,08/27/2020,,08/27/2020,2456=Total Haloacetic Acids (HAA5); 2950=TTHM; 5000=Lead and Copper Rule; 7000=Consumer Confidence Rule; 7500=Public Notice,2950=TTHM; 5000=Lead and Copper Rule; 7000=Consumer Confidence Rule; 7500=Public Notice,,,,https://echo.epa.gov/detailed-facility-report?fid=110013207644,48479,Enforcement Priority,SW,VSSSSSSSSSSSV,2456=Total Haloacetic Acids (HAA5); 2950=TTHM; 5000=Lead and Copper Rule; 7000=Consumer Confidence Rule; 7500=Public Notice,0,0,1,1,1,1,1,RA,Residential Area,Maximum Contaminant Level Violation | Monitoring and Reporting | Other Violation,3,05/24/2023,05/24/2023,,,,09/10/2025,,09/10/2025,,6,0,6,,Webb
AMERICANA TRAILER PARK,TX1080086,,TX,,Hidalgo,06,110052660562,N,TNCWS,Transient non-community system,GW,Ground water,60,I,Inactive,P,Private,0,0,No,No,No,No,No,No,0,0,0,0,,,,,,,,,,,,,,,,,https://echo.epa.gov/detailed-facility-report?fid=110052660562,48215,Inactive,GW,             ,,0,0,0,0,0,0,0,,,,,,,,,,,,,,0,0,,,Hidalgo
EL PASO ELECTRIC NEWMAN PLANT,TX0710065,,TX,,El Paso,06,110049962206,N,NTNCWS,Non-Transient non-community system,GW,Ground water,75,A,Active,P,Private,3,0,No,No,No,No,No,No,2,0,2,0,,,2,4,,02/23/2026,,02/23/2026,,,,5000=Lead and Copper Rule; 8000=Revised Total Coliform Rule,5000=Lead and Copper Rule,,,,https://echo.epa.gov/detailed-facility-report?fid=110049962206,48141,No Violation,GW,___V______VV_,5000=Lead and Copper Rule; 8000=Revised Total Coliform Rule,0,0,1,0,0,1,1,IA,Industrial/Agricultural,Monitoring Violation | Monitoring and Reporting,1,01/25/2024,01/25/2024,,,,01/25/2024,,01/25/2024,,1,0,1,,El Paso
AMISTAD MOBILE HOME PARK,TX2330039,,TX,,Val Verde,06,110049498307,N,CWS,Community water system,GW,Ground water,18,I,Inactive,P,Private,0,0,No,No,No,No,No,No,0,0,0,0,,,,,,09/01/1980,,09/01/1980,,,,,,,,,https://echo.epa.gov/detailed-facility-report?fid=110049498307,48465,Inactive,GW,             ,,0,0,0,0,0,0,0,,,,,,,,,,,,,,0,0,,,Val Verde
ZAPATA COUNTY SAN YGNACIO AND RAMIRENO,TX2530003,,TX,,Zapata,06,110053405999,N,CWS,Community water system,SW,Surface water,1254,A,Active,L,Local government,12,7,No,No,Yes,Yes,Yes,Yes,6,3,149,4,,,145,183,,06/11/2026,,06/11/2026,,,,0300=Interim Enhanced Surface Water Treatment Rule; 2456=Total Haloacetic Acids (HAA5); 2950=TTHM; 5000=Lead and Copper Rule; 5200=LEAD AND COPPER RULE REVISIONS; 7000=Consumer Confidence Rule; 7500=Public Notice,5000=Lead and Copper Rule; 5200=LEAD AND COPPER RULE REVISIONS; 7000=Consumer Confidence Rule; 7500=Public Notice,,,1,https://echo.epa.gov/detailed-facility-report?fid=110053405999,48505,In Violation,SW,SSSVVVVSSSSVV,0200=Surface Water Treatment Rule; 0300=Interim Enhanced Surface Water Treatment Rule; 2456=Total Haloacetic Acids (HAA5); 2950=TTHM; 5000=Lead and Copper Rule; 5200=LEAD AND COPPER RULE REVISIONS; 7000=Consumer Confidence Rule; 7500=Public Notice,0,0,1,0,1,1,1,RA,Residential Area,Maximum Contaminant Level Violation | Monitoring and Reporting | Other Violation | Reporting Violation | Treatment Technique Violation,4,12/22/2025,12/22/2025,,,,12/22/2025,,12/22/2025,,4,0,4,,Zapata
LUCERO TRUCKING,TX0710129,,TX,,El Paso,06,110049488023,N,TNCWS,Transient non-community system,SWP,Surface water purchased,45,I,Inactive,P,Private,0,0,No,No,No,No,No,No,0,0,0,0,,,,,,12/30/1991,12/30/1991,08/20/1991,,,,,,,,,https://echo.epa.gov/detailed-facility-report?fid=110049488023,48141,Inactive,SW,             ,,0,0,0,0,0,0,0,RA,Residential Area,,,,,,,,,,,,0,0,,,El Paso
SAN PEDRO WATER RESOURCES,TX2330064,,TX,,Val Verde,06,110048933696,N,CWS,Community water system,GW,Ground water,0,A,Active,P,Private,0,0,No,No,No,No,No,No,0,0,0,0,,,,,,09/19/2020,,09/19/2020,,,,,,,,,https://echo.epa.gov/detailed-facility-report?fid=110048933696,48465,No Violation,GW,_____________,,0,0,0,0,0,0,1,WH,Wholesaler of Water,,1,07/19/2023,07/19/2023,,,,07/19/2023,,07/19/2023,,1,0,1,,Val Verde
EL JARDIN WSC,TX0310022,,TX,,Cameron,06,110012829047,N,CWS,Community water system,SWP,Surface water purchased,9423,A,Active,L,Local government,0,0,No,No,No,No,No,No,0,0,0,0,,,,,,11/27/2018,,11/27/2018,,,,,,,,,https://echo.epa.gov/detailed-facility-report?fid=110012829047,48061,No Violation,SW,_____________,,0,0,0,0,0,0,1,RA,Residential Area,,1,01/29/2024,01/29/2024,,,,01/29/2024,,01/29/2024,,1,0,1,,Cameron
LONESOME DOVE RV RANCH,TX2330053,,TX,,Val Verde,06,110049498824,N,TNCWS,Transient non-community system,GW,Ground water,60,A,Active,P,Private,0,0,No,No,No,No,No,No,0,0,0,0,,,,,,,,,,,,,,,,,https://echo.epa.gov/detailed-facility-report?fid=110049498824,48465,No Violation,GW,_____________,,0,0,0,0,0,0,1,OT,Other Transient Area,,1,04/27/2022,04/27/2022,,,,04/27/2022,,04/27/2022,,1,0,1,,Val Verde
EL PASO COUNTY WCID 4 FABENS,TX0710018,,TX,,El Paso,06,110013278586,N,CWS,Community water system,GW,Ground water,9444,A,Active,L,Local government,2,0,No,No,No,No,No,No,1,0,1,0,,,1,1,,01/27/2025,,01/27/2025,,,,,,,,,https://echo.epa.gov/detailed-facility-report?fid=110013278586,48141,No Violation,GW,______VV_____,5000=Lead and Copper Rule,0,0,1,0,0,1,1,RA,Residential Area,Monitoring and Reporting,2,10/30/2024,10/30/2024,,,,10/30/2024,,10/30/2024,,2,0,2,,El Paso
SAN ISIDRO ISD,TX2140017,,TX,,Starr,06,110052933162,N,NTNCWS,Non-Transient non-community system,GW,Ground water,227,A,Active,L,Local government,12,1,No,No,Yes,Yes,Yes,Yes,5,3,16,4,,,12,19,,05/12/2026,,05/12/2026,,,,3014=E. COLI; 5000=Lead and Copper Rule; 7500=Public Notice; 8000=Revised Total Coliform Rule,3014=E. COLI; 5000=Lead and Copper Rule; 7500=Public Notice,,,1,https://echo.epa.gov/detailed-facility-report?fid=110052933162,48427,In Violation,GW,VVVVVVVSVVVVV,3014=E. COLI; 5000=Lead and Copper Rule; 5200=LEAD AND COPPER RULE REVISIONS; 7500=Public Notice; 8000=Revised Total Coliform Rule,0,0,1,0,1,1,1,SC,School,Monitoring Violation | Monitoring and Reporting | Other Violation | Reporting Violation | Treatment Technique Violation,1,05/01/2024,05/01/2024,,,,05/01/2024,,05/01/2024,,1,0,1,,Starr
MCALLEN PUBLIC UTILITY,TX1080006,,TX,,Hidalgo,06,110000760882,N,CWS,Community water system,SW,Surface water,189957,A,Active,L,Local government,4,0,No,No,No,No,No,No,1,0,1,0,,,1,1,,03/26/2026,,03/26/2026,,,,5200=LEAD AND COPPER RULE REVISIONS,5200=LEAD AND COPPER RULE REVISIONS,,,,https://echo.epa.gov/detailed-facility-report?fid=110000760882,48215,No Violation,SW,_________VVVV,5200=LEAD AND COPPER RULE REVISIONS,0,0,1,0,0,1,1,RA,Residential Area,Reporting Violation,2,07/03/2025,07/03/2025,,,,07/03/2025,,07/03/2025,,2,0,2,,Hidalgo
LA CALETA ESTATES,TX2330063,,TX,,Val Verde,06,110048933669,N,CWS,Community water system,GWP,Ground water purchased,152,A,Active,P,Private,12,0,No,No,No,No,No,No,4,0,15,0,,,15,15,,03/26/2026,,03/26/2026,,,,5200=LEAD AND COPPER RULE REVISIONS,5200=LEAD AND COPPER RULE REVISIONS,,,1,https://echo.epa.gov/detailed-facility-report?fid=110048933669,48465,No Violation,GW,VVVVVVVVVVVVV,5000=Lead and Copper Rule; 5200=LEAD AND COPPER RULE REVISIONS; 7000=Consumer Confidence Rule; 7500=Public Notice,0,0,1,0,0,1,1,RA,Residential Area,Monitoring and Reporting | Other Violation | Reporting Violation | Treatment Technique Violation,2,04/30/2025,04/30/2025,,,,04/30/2025,,04/30/2025,,2,0,2,,Val Verde
PASEO DEL ESTE MUD 11,TX0710196,,TX,,El Paso,06,110049003993,N,CWS,Community water system,SWP,Surface water purchased,0,N,Changed from public to non-public,L,Local government,0,0,No,No,No,No,No,No,0,0,0,0,,,,,,,,,,,,,,,,,https://echo.epa.gov/detailed-facility-report?fid=110049003993,48141,Inactive,SW,             ,,0,0,0,0,0,0,0,RA,Residential Area,,,,,,,,,,09/22/2009,,0,0,,,El Paso
RANCHERO VILLAGE MOBILE HOME PARK,TX1080229,,TX,,Hidalgo,06,110052917689,N,NTNCWS,Non-Transient non-community system,SWP,Surface water purchased,700,I,Inactive,P,Private,0,0,No,No,No,No,No,No,0,0,0,0,,,,,,,,,,,,,,,,,https://echo.epa.gov/detailed-facility-report?fid=110052917689,48215,Inactive,SW,             ,,0,0,0,0,0,0,0,MH,Mobile Home Park,,,,,,,,,,,,0,0,,,Hidalgo
TPWD SEMINOLE CANYON SHP,TX2330042,,TX,,Val Verde,06,110049498361,N,TNCWS,Transient non-community system,GW,Ground water,125,A,Active,S,State or Territorial Government,0,0,No,No,No,No,No,No,0,0,0,0,,,,,,03/30/2016,,03/30/2016,,,,,,,,,https://echo.epa.gov/detailed-facility-report?fid=110049498361,48465,No Violation,GW,_____________,,0,0,0,0,0,0,1,PA,Recreation Area,,1,05/14/2026,05/14/2026,,,,05/14/2026,,05/14/2026,,1,0,1,,Val Verde
US BORDER PATROL STATION I 35,TX2400032,,TX,,Webb,06,110052823833,N,NTNCWS,Non-Transient non-community system,GW,Ground water,60,A,Active,F,Federal government,10,0,No,No,Yes,Yes,Yes,Yes,5,2,10,2,,,8,21,,05/28/2026,,05/28/2026,,,,"1040=Nitrate; 2378=1,2,4-Trichlorobenzene; 2380=cis-1,2-Dichloroethylene; 2456=Total Haloacetic Acids (HAA5); 2950=TTHM; 2955=Xylenes, Total; 2964=DICHLOROMETHANE; 2968=o-Dichlorobenzene; 2969=p-Dichlorobenzene; 2976=Vinyl chloride; 2977=1,1-Dichloroethylene; 2979=trans-1,2-Dichloroethylene; 2980=1,2-Dichloroethane; 2981=1,1,1-Trichloroethane; 2982=Carbon tetrachloride; 2983=1,2-Dichloropropane; 2984=Trichloroethylene; 2985=1,1,2-Trichloroethane; 2987=Tetrachloroethylene; 2989=CHLOROBENZENE; 2990=Benzene; 2991=Toluene; 2992=Ethylbenzene; 2996=Styrene; 5000=Lead and Copper Rule; 7500=Public Notice",5000=Lead and Copper Rule; 7500=Public Notice,,,,https://echo.epa.gov/detailed-facility-report?fid=110052823833,48479,In Violation,GW,VVVVVVV___VVV,"1040=Nitrate; 2378=1,2,4-Trichlorobenzene; 2380=cis-1,2-Dichloroethylene; 2456=Total Haloacetic Acids (HAA5); 2950=TTHM; 2955=Xylenes, Total; 2964=DICHLOROMETHANE; 2968=o-Dichlorobenzene; 2969=p-Dichlorobenzene; 2976=Vinyl chloride; 2977=1,1-Dichloroethylene; 2979=trans-1,2-Dichloroethylene; 2980=1,2-Dichloroethane; 2981=1,1,1-Trichloroethane; 2982=Carbon tetrachloride; 2983=1,2-Dichloropropane; 2984=Trichloroethylene; 2985=1,1,2-Trichloroethane; 2987=Tetrachloroethylene; 2989=CHLOROBENZENE; 2990=Benzene; 2991=Toluene; 2992=Ethylbenzene; 2996=Styrene; 5000=Lead and Copper Rule; 7500=Public Notice; 8000=Revised Total Coliform Rule",0,0,1,0,1,1,1,ON,Other Non-transient Area,Monitoring and Reporting | Other Violation,1,04/06/2022,04/06/2022,,,,04/06/2022,,04/06/2022,,1,0,1,,Webb
CITY OF MARFA,TX1890001,,TX,,Presidio,06,110013215298,N,CWS,Community water system,GW,Ground water,1788,A,Active,L,Local government,0,0,No,No,No,No,No,No,0,0,2,0,,,2,2,,02/01/2022,08/28/1991,02/01/2022,,,,,,,,,https://echo.epa.gov/detailed-facility-report?fid=110013215298,48377,No Violation,GW,_____________,5000=Lead and Copper Rule; 7500=Public Notice,0,0,1,0,0,0,1,RA,Residential Area,,2,12/02/2024,12/02/2024,,,,12/02/2024,,12/02/2024,,2,0,2,,Presidio
CITY OF RIO HONDO,TX0310006,,TX,,Cameron,06,110047517555,N,CWS,Community water system,SW,Surface water,2640,A,Active,L,Local government,12,1,No,Yes,Yes,Yes,Yes,No,6,3,115,7,,30,78,77,1,02/09/2026,,02/09/2026,05/03/2024,02/11/2019,05/03/2024,"0200=Surface Water Treatment Rule; 0300=Interim Enhanced Surface Water Treatment Rule; 1008=Chlorine dioxide; 2920=CARBON, TOTAL; 5200=LEAD AND COPPER RULE REVISIONS; 7000=Consumer Confidence Rule; 7500=Public Notice",5200=LEAD AND COPPER RULE REVISIONS; 7000=Consumer Confidence Rule; 7500=Public Notice,,,1,https://echo.epa.gov/detailed-facility-report?fid=110047517555,48061,In Violation,SW,VVVVVVVSVVVVV,"0200=Surface Water Treatment Rule; 0300=Interim Enhanced Surface Water Treatment Rule; 1008=Chlorine dioxide; 2920=CARBON, TOTAL; 5200=LEAD AND COPPER RULE REVISIONS; 7000=Consumer Confidence Rule; 7500=Public Notice",0,1,1,0,1,1,1,RA,Residential Area,Monitoring and Reporting | Other Violation | Reporting Violation | Treatment Technique Violation,3,03/06/2025,03/06/2025,,,,03/06/2025,,03/06/2025,,4,0,4,,Cameron
RIO VALLEY ESTATES,TX1080228,,TX,,Hidalgo,06,110052917661,N,NTNCWS,Non-Transient non-community system,SWP,Surface water purchased,600,I,Inactive,P,Private,0,0,No,No,No,No,No,No,0,0,0,0,,,,,,,,,,,,,,,,,https://echo.epa.gov/detailed-facility-report?fid=110052917661,48215,Inactive,SW,             ,,0,0,0,0,0,0,0,MH,Mobile Home Park,,,,,,,,,,,,0,0,,,Hidalgo
DEL RIO FISHERMANS HEADQUARTERS,TX2330016,,TX,,Val Verde,06,110053004690,N,TNCWS,Transient non-community system,GW,Ground water,60,A,Active,P,Private,4,0,No,No,No,Yes,Yes,No,2,1,7,1,,,6,23,,03/23/2026,05/17/1991,03/23/2026,08/07/2003,,08/07/2003,7500=Public Notice; 8000=Revised Total Coliform Rule,7500=Public Notice; 8000=Revised Total Coliform Rule,,,,https://echo.epa.gov/detailed-facility-report?fid=110053004690,48465,In Violation,GW,________V_VVV,7500=Public Notice; 8000=Revised Total Coliform Rule,0,0,1,0,1,1,1,PA,Recreation Area,Monitoring Violation | Other Violation | Treatment Technique Violation,1,03/20/2026,03/20/2026,,,,03/20/2026,,03/20/2026,,3,0,3,,Val Verde
LAGUNA MADRE WATER DISTRICT,TX0310005,,TX,,Cameron,06,110000502821,N,CWS,Community water system,SW,Surface water,46674,A,Active,L,Local government,3,0,No,No,No,No,No,No,1,0,1,0,,,1,,,05/28/2020,07/24/1998,05/28/2020,02/23/2016,,02/23/2016,5200=LEAD AND COPPER RULE REVISIONS,5200=LEAD AND COPPER RULE REVISIONS,,,,https://echo.epa.gov/detailed-facility-report?fid=110000502821,48061,No Violation,SW,_________VVV_,5200=LEAD AND COPPER RULE REVISIONS,0,0,0,0,0,1,1,RA,Residential Area,Reporting Violation,2,08/18/2025,08/18/2025,,,,08/18/2025,,08/18/2025,,3,0,3,,Cameron
CITY OF ROMA,TX2140007,,TX,,Starr,06,110013212503,N,CWS,Community water system,SW,Surface water,19464,A,Active,L,Local government,12,5,No,No,No,No,Yes,No,8,1,59,1,,,58,95,,04/06/2026,,04/06/2026,10/10/2005,,10/10/2005,0200=Surface Water Treatment Rule; 0300=Interim Enhanced Surface Water Treatment Rule; 1009=Chlorite; 7000=Consumer Confidence Rule; 7500=Public Notice; 8000=Revised Total Coliform Rule,7000=Consumer Confidence Rule; 7500=Public Notice,,,1,https://echo.epa.gov/detailed-facility-report?fid=110013212503,48427,In Violation,SW,VVSSSVVSVVSVV,0200=Surface Water Treatment Rule; 0300=Interim Enhanced Surface Water Treatment Rule; 1009=Chlorite; 5000=Lead and Copper Rule; 5200=LEAD AND COPPER RULE REVISIONS; 7000=Consumer Confidence Rule; 7500=Public Notice; 8000=Revised Total Coliform Rule,0,0,1,0,1,1,1,RA,Residential Area,Maximum Contaminant Level Violation | Monitoring Violation | Monitoring and Reporting | Other Violation | Reporting Violation | Treatment Technique Violation,3,10/09/2024,10/09/2024,,,,10/09/2024,08/19/2021,10/09/2024,,3,0,4,,Starr
CITY OF RIO GRANDE CITY,TX2140018,,TX,,Starr,06,110013212549,N,CWS,Community water system,SW,Surface water,18912,A,Active,L,Local government,8,4,No,No,No,No,Yes,No,2,1,29,7,,,22,9,,12/31/2025,,12/31/2025,,,,0300=Interim Enhanced Surface Water Treatment Rule; 7000=Consumer Confidence Rule,7000=Consumer Confidence Rule,,,,https://echo.epa.gov/detailed-facility-report?fid=110013212549,48427,In Violation,SW,_SSSS____VVVV,"0300=Interim Enhanced Surface Water Treatment Rule; 1041=Nitrite; 2031=Dalapon; 2036=OXAMYL; 2040=Picloram; 2041=Dinoseb; 2043=Aldicarb sulfoxide; 2044=Aldicarb sulfone; 2046=Carbofuran; 2047=Aldicarb; 2105=2,4-D; 2110=2,4,5-TP; 2931=1,2-DIBROMO-3-CHLOROPROPANE; 2946=ETHYLENE DIBROMIDE; 5000=Lead and Copper Rule; 7000=Consumer Confidence Rule",0,0,1,0,1,1,1,RA,Residential Area,Other Violation | Treatment Technique Violation,2,11/16/2023,11/16/2023,,,,01/08/2025,01/08/2025,11/16/2023,,3,0,3,,Starr
CITY OF ALAMO,TX1080001,,TX,,Hidalgo,06,110000916581,N,CWS,Community water system,SW,Surface water,21065,A,Active,L,Local government,2,0,No,No,No,No,No,No,3,0,4,0,,,4,10,,07/02/2024,,07/02/2024,04/13/2003,,04/13/2003,"2920=CARBON, TOTAL; 8000=Revised Total Coliform Rule",,,,,https://echo.epa.gov/detailed-facility-report?fid=110000916581,48215,No Violation,SW,V_V__________,"2920=CARBON, TOTAL; 5000=Lead and Copper Rule; 8000=Revised Total Coliform Rule",0,0,1,0,0,1,1,RA,Residential Area,Monitoring Violation | Monitoring and Reporting,3,02/05/2025,02/05/2025,,,,03/20/2026,03/20/2026,02/05/2025,,4,0,4,,Hidalgo
CITY OF DONNA,TX1080002,,TX,,Hidalgo,06,110013246139,N,CWS,Community water system,SW,Surface water,18720,A,Active,L,Local government,8,0,No,No,Yes,No,No,No,2,1,2,1,,,1,2,,03/26/2026,10/04/1993,03/26/2026,,,,5200=LEAD AND COPPER RULE REVISIONS,5200=LEAD AND COPPER RULE REVISIONS,,,,https://echo.epa.gov/detailed-facility-report?fid=110013246139,48215,In Violation,SW,_____VVVVVVVV,5200=LEAD AND COPPER RULE REVISIONS; 7000=Consumer Confidence Rule,0,0,1,0,1,1,1,RA,Residential Area,Other Violation | Reporting Violation,2,01/22/2026,01/22/2026,,,,03/30/2026,03/30/2026,01/22/2026,,3,0,3,,Hidalgo
DEL RIO UTILITIES COMMISSION,TX2330001,,TX,,Val Verde,06,110048718580,N,CWS,Community water system,GU,Groundwater under influence of surface water,36506,A,Active,L,Local government,3,0,No,No,No,No,No,No,1,0,1,0,,,1,4,,12/31/2025,03/30/2000,12/31/2025,04/14/2006,05/03/2000,04/14/2006,7000=Consumer Confidence Rule,7000=Consumer Confidence Rule,,,,https://echo.epa.gov/detailed-facility-report?fid=110048718580,48465,No Violation,SW,_________VVV_,0300=Interim Enhanced Surface Water Treatment Rule; 7000=Consumer Confidence Rule,0,0,1,0,0,1,1,RA,Residential Area,Other Violation,2,08/07/2025,08/07/2025,,,,08/07/2025,01/17/2025,08/07/2025,,3,0,3,,Val Verde
CITY OF LAREDO,TX2400001,,TX,,Webb,06,110006620898,N,CWS,Community water system,SW,Surface water,260046,A,Active,L,Local government,6,0,No,No,No,No,No,Yes,4,0,30,10,,,20,32,,05/22/2026,,05/22/2026,09/29/2016,,09/29/2016,0300=Interim Enhanced Surface Water Treatment Rule; 8000=Revised Total Coliform Rule,8000=Revised Total Coliform Rule,,,1,https://echo.epa.gov/detailed-facility-report?fid=110006620898,48479,No Violation,SW,_____VVVVV__V,0300=Interim Enhanced Surface Water Treatment Rule; 5200=LEAD AND COPPER RULE REVISIONS; 7500=Public Notice; 8000=Revised Total Coliform Rule,0,0,1,0,0,1,1,RA,Residential Area,Maximum Contaminant Level Violation | Monitoring and Reporting | Other Violation | Reporting Violation | Treatment Technique Violation,3,08/24/2023,08/24/2023,,,,06/03/2026,03/25/2026,06/03/2026,,6,0,6,6,Webb
CITY OF HIDALGO WATER SYSTEM,TX1080021,,TX,,Hidalgo,06,110010923064,N,CWS,Community water system,GW,Ground water,14800,A,Active,L,Local government,12,1,No,Yes,Yes,No,No,No,4,1,13,6,,,7,17,,06/06/2025,,06/06/2025,,,,5200=LEAD AND COPPER RULE REVISIONS,5200=LEAD AND COPPER RULE REVISIONS,,,1,https://echo.epa.gov/detailed-facility-report?fid=110010923064,48215,In Violation,GW,VVVVVVVSVVVVV,0999=Chlorine; 5000=Lead and Copper Rule; 5200=LEAD AND COPPER RULE REVISIONS; 7000=Consumer Confidence Rule; 7500=Public Notice,0,0,1,0,1,1,1,RA,Residential Area,Monitoring and Reporting | Other Violation | Reporting Violation | Treatment Technique Violation,2,05/16/2025,05/16/2025,,,,03/26/2026,03/26/2026,05/16/2025,,3,0,3,,Hidalgo
AGUA SUD,TX1080022,,TX,,Hidalgo,06,110013243828,N,CWS,Community water system,SW,Surface water,53796,A,Active,L,Local government,3,0,No,No,Yes,No,No,No,1,1,6,1,,,5,5,,12/03/2025,,12/03/2025,,,,5000=Lead and Copper Rule,5000=Lead and Copper Rule,,,,https://echo.epa.gov/detailed-facility-report?fid=110013243828,48215,In Violation,SW,__________VVV,1009=Chlorite; 5000=Lead and Copper Rule,0,0,1,0,1,1,1,RA,Residential Area,Monitoring and Reporting,2,03/24/2023,03/24/2023,,,,02/23/2026,02/23/2026,03/24/2023,,3,0,3,,Hidalgo
SHARYLAND WSC,TX1080033,,TX,,Hidalgo,06,110013243846,N,CWS,Community water system,SW,Surface water,68562,A,Active,L,Local government,0,0,No,No,No,No,No,No,0,0,0,0,,,,,,03/26/2019,05/02/1991,03/26/2019,12/21/1992,,12/21/1992,,,,,,https://echo.epa.gov/detailed-facility-report?fid=110013243846,48215,No Violation,SW,_____________,,0,0,0,0,0,0,1,RA,Residential Area,,2,09/26/2025,09/26/2025,,,,09/26/2025,01/06/2025,09/26/2025,,3,0,3,,Hidalgo
MILITARY HWY WSC LAS RUSIAS,TX1080067,,TX,,Hidalgo,06,110012922695,N,CWS,Community water system,SWP,Surface water purchased,17943,A,Active,L,Local government,12,0,No,No,No,Yes,Yes,No,2,1,31,10,,20,1,21,1,04/30/2026,,04/30/2026,05/24/2023,,05/24/2023,2950=TTHM; 7500=Public Notice,7500=Public Notice,,,,https://echo.epa.gov/detailed-facility-report?fid=110012922695,48215,In Violation,SW,VVVVVVVVVVVVV,1005=Arsenic; 2950=TTHM; 5000=Lead and Copper Rule; 7500=Public Notice,0,1,1,0,1,1,1,RA,Residential Area,Maximum Contaminant Level Violation | Other Violation,1,08/07/2024,08/07/2024,,,,09/08/2025,09/08/2025,08/07/2024,,2,0,2,,Hidalgo
MILITARY HWY WSC PROGRESO,TX1080234,,TX,,Hidalgo,06,110012922748,N,CWS,Community water system,GW,Ground water,12198,A,Active,L,Local government,0,0,No,No,No,No,No,No,0,0,0,0,,,,,,02/02/2016,,02/02/2016,,,,,,,,,https://echo.epa.gov/detailed-facility-report?fid=110012922748,48215,No Violation,GW,_____________,,0,0,0,0,0,0,1,RA,Residential Area,,2,07/25/2024,07/25/2024,,,,12/31/2024,12/31/2024,07/25/2024,,3,0,3,,Hidalgo
BROWNSVILLE PUBLIC UTILITIES BOARD,TX0310001,,TX,,Cameron,06,110012940292,N,CWS,Community water system,SW,Surface water,201249,A,Active,L,Local government,0,0,No,No,No,No,No,No,0,0,0,0,,,,,,04/09/2008,,04/09/2008,01/05/1993,,01/05/1993,,,,,,https://echo.epa.gov/detailed-facility-report?fid=110012940292,48061,No Violation,SW,_____________,,0,0,0,0,0,0,1,RA,Residential Area,,2,06/30/2025,06/30/2025,,,,03/20/2026,03/20/2026,06/30/2025,,3,0,3,,Cameron
EAST RIO HONDO WSC,TX0310096,,TX,,Cameron,06,110017612010,N,CWS,Community water system,SW,Surface water,24756,A,Active,L,Local government,0,0,No,No,No,No,No,No,0,0,0,0,,,,,,02/17/2017,,02/17/2017,02/17/2003,,02/17/2003,,,,,,https://echo.epa.gov/detailed-facility-report?fid=110017612010,48061,No Violation,SW,_____________,,0,0,0,0,0,0,1,RA,Residential Area,,2,02/06/2024,02/06/2024,,,,02/18/2025,02/18/2025,02/06/2024,,3,0,3,6,Cameron
RIVER BEND RESORT,TX0310099,,TX,,Cameron,06,110048906190,N,CWS,Community water system,GW,Ground water,344,I,Inactive,P,Private,0,0,No,No,No,No,No,No,0,0,0,0,,,,,,,,,,,,,,,,,https://echo.epa.gov/detailed-facility-report?fid=110048906190,48061,Inactive,GW,             ,,0,0,0,0,0,0,0,MH,Mobile Home Park,,,,,,,,,,,,0,0,,,Cameron
ESCONDIDA RESTAURANT,TX1890010,,TX,,Presidio,06,110053001381,N,TNCWS,Transient non-community system,GW,Ground water,26,I,Inactive,P,Private,0,0,No,No,No,No,No,No,0,0,0,0,,,,,,,,,,,,,,,,,https://echo.epa.gov/detailed-facility-report?fid=110053001381,48377,Inactive,GW,             ,,0,0,0,0,0,0,0,RS,Restaurant,,,,,,,,,,,,0,0,,,Presidio
CUADRILLA IMPROVEMENT,TX0710095,,TX,,El Paso,06,110012935413,N,CWS,Community water system,SWP,Surface water purchased,0,N,Changed from public to non-public,L,Local government,0,0,No,No,No,No,No,No,0,0,0,0,,,,,,12/10/2018,,12/10/2018,09/11/2017,,09/11/2017,,,,,,https://echo.epa.gov/detailed-facility-report?fid=110012935413,48141,Inactive,SW,             ,,0,0,0,0,0,0,1,RA,Residential Area,,,,,,,,10/18/2018,,10/18/2018,,0,0,,,El Paso
STORM SERVICES WATER HAULER ZAPATA,TX2530026,,TX,,Zapata,06,110071300832,N,TNCWS,Transient non-community system,SWP,Surface water purchased,0,N,Changed from public to non-public,P,Private,8,1,No,No,No,No,No,No,3,0,22,0,,,22,30,,04/23/2025,,04/23/2025,,,,1040=Nitrate; 8000=Revised Total Coliform Rule,,,,,https://echo.epa.gov/detailed-facility-report?fid=110071300832,48505,Inactive,SW,VVVVVSVV     ,1040=Nitrate; 7500=Public Notice; 8000=Revised Total Coliform Rule,0,0,1,0,0,1,0,DI,Dispenser,Monitoring Violation | Monitoring and Reporting | Other Violation,,,,,,,,,,,0,0,,,Zapata
LAUGHLIN AFB RECREATION AREA,TX2330040,,TX,,Val Verde,06,110049498325,N,TNCWS,Transient non-community system,GW,Ground water,200,A,Active,F,Federal government,3,0,No,No,No,No,No,No,1,0,5,0,,,5,3,,09/09/2024,,09/09/2024,,,,1040=Nitrate,,,,,https://echo.epa.gov/detailed-facility-report?fid=110049498325,48465,No Violation,GW,VVV__________,1040=Nitrate,0,0,1,0,0,1,1,OT,Other Transient Area,Monitoring and Reporting,1,07/24/2024,07/24/2024,,,,07/24/2024,,07/24/2024,,1,0,1,,Val Verde
PILONCILLO RANCH 8 PLEX OFFICE,TX2400045,,TX,,Webb,06,110063354089,N,NTNCWS,Non-Transient non-community system,GWP,Ground water purchased,15,N,Changed from public to non-public,P,Private,0,0,No,No,No,No,No,No,0,0,0,0,,,,,,03/13/2020,,03/13/2020,,,,,,,,,https://echo.epa.gov/detailed-facility-report?fid=110063354089,48479,Inactive,GW,             ,,0,0,0,0,0,0,1,ON,Other Non-transient Area,,,,,,,,05/22/2019,,05/22/2019,,0,0,,,Webb
FEDERAL CORRECTIONAL INSTITUTION LA TUNA,TX0710076,,TX,,El Paso,06,110006456628,N,CWS,Community water system,GW,Ground water,1400,A,Active,F,Federal government,12,0,No,No,Yes,Yes,Yes,Yes,6,3,20,5,,,15,22,,05/12/2026,11/24/1992,05/12/2026,,,,"1040=Nitrate; 2378=1,2,4-Trichlorobenzene; 2380=cis-1,2-Dichloroethylene; 2955=Xylenes, Total; 2964=DICHLOROMETHANE; 2968=o-Dichlorobenzene; 2969=p-Dichlorobenzene; 2976=Vinyl chloride; 2977=1,1-Dichloroethylene; 2979=trans-1,2-Dichloroethylene; 2980=1,2-Dichloroethane; 2981=1,1,1-Trichloroethane; 2982=Carbon tetrachloride; 2983=1,2-Dichloropropane; 2984=Trichloroethylene; 2985=1,1,2-Trichloroethane; 2987=Tetrachloroethylene; 2989=CHLOROBENZENE; 2990=Benzene; 2991=Toluene; 2992=Ethylbenzene; 2996=Styrene; 5000=Lead and Copper Rule; 7000=Consumer Confidence Rule; 7500=Public Notice",5000=Lead and Copper Rule; 7000=Consumer Confidence Rule; 7500=Public Notice,,,1,https://echo.epa.gov/detailed-facility-report?fid=110006456628,48141,In Violation,GW,VVVVVVVVVVVVV,"1040=Nitrate; 2378=1,2,4-Trichlorobenzene; 2380=cis-1,2-Dichloroethylene; 2955=Xylenes, Total; 2964=DICHLOROMETHANE; 2968=o-Dichlorobenzene; 2969=p-Dichlorobenzene; 2976=Vinyl chloride; 2977=1,1-Dichloroethylene; 2979=trans-1,2-Dichloroethylene; 2980=1,2-Dichloroethane; 2981=1,1,1-Trichloroethane; 2982=Carbon tetrachloride; 2983=1,2-Dichloropropane; 2984=Trichloroethylene; 2985=1,1,2-Trichloroethane; 2987=Tetrachloroethylene; 2989=CHLOROBENZENE; 2990=Benzene; 2991=Toluene; 2992=Ethylbenzene; 2996=Styrene; 5000=Lead and Copper Rule; 5200=LEAD AND COPPER RULE REVISIONS; 7000=Consumer Confidence Rule; 7500=Public Notice",0,0,1,0,1,1,1,IN,Institution,Monitoring and Reporting | Other Violation | Reporting Violation | Treatment Technique Violation,2,10/25/2024,10/25/2024,,,,10/25/2024,,10/25/2024,,2,0,2,,El Paso
DEL RIO NATIONAL GUARD BASECAMP ALPHA,TX2330057,,TX,,Val Verde,06,110052993588,N,TNCWS,Transient non-community system,GW,Ground water,180,A,Active,P,Private,0,0,No,No,No,No,No,No,0,0,0,0,,,,,,02/07/2017,,02/07/2017,,,,,,,,,https://echo.epa.gov/detailed-facility-report?fid=110052993588,48465,No Violation,GW,_____________,,0,0,0,0,0,0,1,PA,Recreation Area,,1,01/27/2026,01/27/2026,,,,01/27/2026,,01/27/2026,,1,0,1,,Val Verde
KIRCHNER ELEMENTARY SCHOOL,TX1620005,,TX,,Maverick,06,110053025285,N,NTNCWS,Non-Transient non-community system,GW,Ground water,0,N,Changed from public to non-public,L,Local government,0,0,No,No,No,No,No,No,0,0,0,0,,,,,,08/28/1991,08/28/1991,03/08/1990,,,,,,,,,https://echo.epa.gov/detailed-facility-report?fid=110053025285,48323,Inactive,GW,             ,,0,0,0,0,0,0,0,SC,School,,,,,,,,,,09/09/2004,,0,0,,,Maverick
EL PASO COUNTY TORNILLO WID,TX0710019,,TX,,El Paso,06,110013278595,N,CWS,Community water system,GW,Ground water,3600,A,Active,L,Local government,1,0,No,No,No,No,No,Yes,1,0,1,0,,,1,2,,06/01/2026,09/04/1991,06/01/2026,07/19/2011,07/19/2011,02/28/2008,8000=Revised Total Coliform Rule,8000=Revised Total Coliform Rule,,,,https://echo.epa.gov/detailed-facility-report?fid=110013278595,48141,No Violation,GW,____________V,8000=Revised Total Coliform Rule,0,0,1,0,0,1,1,RA,Residential Area,Monitoring Violation,1,09/14/2022,09/14/2022,,,,09/14/2022,,09/14/2022,,1,0,1,,El Paso
HOLIDAY TRAV L PARK,TX2330022,,TX,,Val Verde,06,110048954182,N,CWS,Community water system,GW,Ground water,660,A,Active,P,Private,12,0,No,No,No,No,No,No,3,0,5,0,,,5,5,,03/26/2026,,03/26/2026,08/28/2018,06/28/2018,08/28/2018,5200=LEAD AND COPPER RULE REVISIONS; 7000=Consumer Confidence Rule,5200=LEAD AND COPPER RULE REVISIONS; 7000=Consumer Confidence Rule,,,,https://echo.epa.gov/detailed-facility-report?fid=110048954182,48465,No Violation,GW,_VVVVVVVVVVVV,5000=Lead and Copper Rule; 5200=LEAD AND COPPER RULE REVISIONS; 7000=Consumer Confidence Rule,0,0,1,0,0,1,1,MH,Mobile Home Park,Monitoring and Reporting | Other Violation | Reporting Violation,2,02/14/2025,02/14/2025,,,,02/14/2025,,02/14/2025,,2,0,2,,Val Verde
TXDOT TRAVEL INFORMATION CENTER,TX2400033,,TX,,Webb,06,110052823860,N,TNCWS,Transient non-community system,GW,Ground water,300,A,Active,S,State or Territorial Government,12,0,No,No,No,Yes,Yes,No,2,1,1,0,,,1,4,,07/25/2024,,07/25/2024,,,,7500=Public Notice; 8000=Revised Total Coliform Rule,7500=Public Notice,,,,https://echo.epa.gov/detailed-facility-report?fid=110052823860,48479,In Violation,GW,VVVVVVVVVVVVV,7500=Public Notice; 8000=Revised Total Coliform Rule,0,0,1,0,1,1,1,OT,Other Transient Area,Monitoring Violation | Other Violation,1,11/15/2024,11/15/2024,1,1,1,11/15/2024,,11/15/2024,,1,0,1,,Webb
TWIN PEAKS MOBILE HOME PARK,TX0220014,,TX,,Brewster,06,110012939053,N,CWS,Community water system,SWP,Surface water purchased,0,N,Changed from public to non-public,P,Private,0,0,No,No,No,No,No,No,0,0,0,0,,,,,,02/06/2015,,02/06/2015,,,,,,,,,https://echo.epa.gov/detailed-facility-report?fid=110012939053,48043,Inactive,SW,             ,,0,0,0,0,0,0,0,MH,Mobile Home Park,,,,,,,,,,10/22/2013,,0,0,,,Brewster
CITY OF LA JOYA,TX1080213,,TX,,Hidalgo,06,110013243926,N,CWS,Community water system,SW,Surface water,3033,A,Active,L,Local government,12,12,Yes,Yes,Yes,Yes,Yes,Yes,7,5,66,16,2,15,35,104,1,05/12/2026,,05/12/2026,07/25/2022,02/25/2020,07/25/2022,0300=Interim Enhanced Surface Water Treatment Rule; 2456=Total Haloacetic Acids (HAA5); 2950=TTHM; 5200=LEAD AND COPPER RULE REVISIONS; 7000=Consumer Confidence Rule; 7500=Public Notice; 8000=Revised Total Coliform Rule,2950=TTHM; 5200=LEAD AND COPPER RULE REVISIONS; 7000=Consumer Confidence Rule; 7500=Public Notice; 8000=Revised Total Coliform Rule,,,1,https://echo.epa.gov/detailed-facility-report?fid=110013243926,48215,Enforcement Priority,SW,SSSSSSSSSSSSV,"0200=Surface Water Treatment Rule; 0300=Interim Enhanced Surface Water Treatment Rule; 2456=Total Haloacetic Acids (HAA5); 2920=CARBON, TOTAL; 2950=TTHM; 5000=Lead and Copper Rule; 5200=LEAD AND COPPER RULE REVISIONS; 7000=Consumer Confidence Rule; 7500=Public Notice; 8000=Revised Total Coliform Rule",0,1,1,1,1,1,1,RA,Residential Area,Monitoring and Reporting | Other Violation | Reporting Violation | Treatment Technique Violation,1,10/11/2023,10/11/2023,,,,10/11/2023,,10/11/2023,,1,0,1,6,Hidalgo
LOVES COUNTRY STORE 214,TX0710117,,TX,,El Paso,06,110049487471,N,TNCWS,Transient non-community system,GW,Ground water,300,I,Inactive,P,Private,0,0,No,No,No,No,No,No,0,0,0,0,,,,,,03/21/1995,03/21/1995,09/20/1991,,,,,,,,,https://echo.epa.gov/detailed-facility-report?fid=110049487471,48141,Inactive,GW,             ,,0,0,0,0,0,0,0,RS,Restaurant,,,,,,,,,,,,0,0,,,El Paso
EAST RIO HONDO WSC ARROYO CITY,TX0310031,,TX,,Cameron,06,110053126416,N,CWS,Community water system,SWP,Surface water purchased,1953,A,Active,L,Local government,0,0,No,No,No,No,No,No,0,0,0,0,,,,,,10/26/2011,06/28/1993,10/26/2011,,,,,,,,,https://echo.epa.gov/detailed-facility-report?fid=110053126416,48061,No Violation,SW,_____________,,0,0,0,0,0,0,1,RA,Residential Area,,1,01/11/2024,01/11/2024,,,,01/11/2024,,01/11/2024,,1,0,1,,Cameron
DE LOS SANTOS T P,TX0310057,,TX,,Cameron,06,110049633973,N,TNCWS,Transient non-community system,GW,Ground water,20,I,Inactive,P,Private,0,0,No,No,No,No,No,No,0,0,0,0,,,,,,08/01/1980,,08/01/1980,,,,,,,,,https://echo.epa.gov/detailed-facility-report?fid=110049633973,48061,Inactive,GW,             ,,0,0,0,0,0,0,0,OT,Other Transient Area,,,,,,,,,,,,0,0,,,Cameron
LA MIRADA COUNTRY ESTATES,TX0310143,,TX,,Cameron,06,110012829181,N,CWS,Community water system,SWP,Surface water purchased,0,N,Changed from public to non-public,P,Private,0,0,No,No,No,No,No,No,0,0,2,0,,,2,4,,12/17/2021,08/29/1991,12/17/2021,,,,,,,,,https://echo.epa.gov/detailed-facility-report?fid=110012829181,48061,Inactive,SW,             ,0999=Chlorine; 5000=Lead and Copper Rule,0,0,1,0,0,0,1,MH,Mobile Home Park,,,,,,,,04/02/2019,,04/02/2019,,0,0,,,Cameron
VALLEY MUD 2 RANCHO VIEJO,TX0310059,,TX,,Cameron,06,110012940540,N,CWS,Community water system,SW,Surface water,3644,A,Active,L,Local government,12,0,No,No,No,Yes,Yes,No,1,1,1,0,,,1,1,,06/28/2021,,06/28/2021,,,,7500=Public Notice,7500=Public Notice,,,,https://echo.epa.gov/detailed-facility-report?fid=110012940540,48061,In Violation,SW,VVVVVVVVVVVVV,5000=Lead and Copper Rule; 7500=Public Notice,0,0,1,0,1,1,1,RA,Residential Area,Other Violation,2,07/18/2025,07/18/2025,,,,07/18/2025,,07/18/2025,,2,0,2,,Cameron
CITY OF EDINBURG,TX1080004,,TX,,Hidalgo,06,110013246157,N,CWS,Community water system,SW,Surface water,85224,A,Active,L,Local government,4,0,No,No,No,No,No,No,3,0,12,0,,,12,14,,06/05/2025,05/02/1991,06/05/2025,12/05/2003,,12/05/2003,1008=Chlorine dioxide; 1009=Chlorite; 2950=TTHM,,,,,https://echo.epa.gov/detailed-facility-report?fid=110013246157,48215,No Violation,SW,__V___VVV____,1008=Chlorine dioxide; 1009=Chlorite; 2950=TTHM; 7500=Public Notice,0,0,1,0,0,1,1,RA,Residential Area,Maximum Contaminant Level Violation | Monitoring and Reporting | Other Violation,2,10/19/2023,10/19/2023,,,,03/30/2026,03/30/2026,10/19/2023,,4,0,4,,Hidalgo
CITY OF MISSION,TX1080008,,TX,,Hidalgo,06,110013246219,N,CWS,Community water system,SW,Surface water,77058,A,Active,L,Local government,1,0,No,No,No,No,No,No,1,0,1,0,,,1,4,,06/24/2024,,06/24/2024,11/06/2005,,11/06/2005,2005=Endrin; 2010=BHC-GAMMA; 2015=Methoxychlor; 2020=Toxaphene; 2035=Di(2-ethylhexyl) adipate; 2037=Simazine; 2039=Di(2-ethylhexyl) phthalate; 2042=Hexachlorocyclopentadiene; 2050=Atrazine; 2051=LASSO; 2065=Heptachlor; 2067=Heptachlor epoxide; 2274=HEXACHLOROBENZENE; 2306=Benzo(a)pyrene; 2326=Pentachlorophenol; 2959=Chlordane,,,,,https://echo.epa.gov/detailed-facility-report?fid=110013246219,48215,No Violation,SW,_V___________,2005=Endrin; 2010=BHC-GAMMA; 2015=Methoxychlor; 2020=Toxaphene; 2035=Di(2-ethylhexyl) adipate; 2037=Simazine; 2039=Di(2-ethylhexyl) phthalate; 2042=Hexachlorocyclopentadiene; 2050=Atrazine; 2051=LASSO; 2065=Heptachlor; 2067=Heptachlor epoxide; 2274=HEXACHLOROBENZENE; 2306=Benzo(a)pyrene; 2326=Pentachlorophenol; 2959=Chlordane,0,0,1,0,0,1,1,RA,Residential Area,Monitoring and Reporting,2,11/02/2023,11/02/2023,,,,03/24/2026,03/24/2026,11/02/2023,,3,0,3,,Hidalgo
WEST TEXAS DETENTION CENTER,TX1150015,,TX,,Hudspeth,06,110071890905,N,CWS,Community water system,GW,Ground water,1402,A,Active,L,Local government,8,0,No,No,Yes,Yes,Yes,Yes,4,2,18,9,,,9,29,,05/27/2026,,05/27/2026,,,,0999=Chlorine; 5000=Lead and Copper Rule; 7500=Public Notice; 8000=Revised Total Coliform Rule,5000=Lead and Copper Rule; 7500=Public Notice,,,,https://echo.epa.gov/detailed-facility-report?fid=110071890905,48229,In Violation,GW,_____VVVVVVVV,0999=Chlorine; 5000=Lead and Copper Rule; 7500=Public Notice; 8000=Revised Total Coliform Rule,0,0,1,0,1,1,0,RA,Residential Area,Monitoring Violation | Monitoring and Reporting | Other Violation,,,,,,,,,,,0,0,,,Hudspeth
TWIN COVE RESORT,TX2530024,,TX,,Zapata,06,110052916083,N,TNCWS,Transient non-community system,SW,Surface water,10,I,Inactive,P,Private,0,0,No,No,No,No,No,No,0,0,0,0,,,,,,,,,,,,,,,,,https://echo.epa.gov/detailed-facility-report?fid=110052916083,48505,Inactive,SW,             ,,0,0,0,0,0,0,0,MH,Mobile Home Park,,,,,,,,,,,,0,0,,,Zapata
COTTON VALLEY RV PARK,TX0710162,,TX,,El Paso,06,110052962558,N,TNCWS,Transient non-community system,GW,Ground water,80,I,Inactive,P,Private,0,0,No,No,No,No,No,No,0,0,0,0,,,,,,,,,12/01/1991,12/01/1991,,,,,,,https://echo.epa.gov/detailed-facility-report?fid=110052962558,48141,Inactive,GW,             ,,0,0,0,0,0,0,0,SS,Service Station,,,,,,,,,,,,0,0,,,El Paso
REDFORD SCHOOL,TX1890004,,TX,,Presidio,06,110052924010,N,NTNCWS,Non-Transient non-community system,GW,Ground water,25,I,Inactive,M,Public/Private,0,0,No,No,No,No,No,No,0,0,0,0,,,,,,10/20/1991,,10/20/1991,,,,,,,,,https://echo.epa.gov/detailed-facility-report?fid=110052924010,48377,Inactive,GW,             ,,0,0,0,0,0,0,0,SC,School,,,,,,,,,,,,0,0,,,Presidio
UNION PACIFIC SPOFFORD WATER HAULER,TX1360008,,TX,,Kinney,06,110070765913,N,TNCWS,Transient non-community system,GWP,Ground water purchased,25,A,Active,P,Private,0,0,No,No,No,No,No,No,0,0,0,0,,,,,,02/08/2019,,02/08/2019,,,,,,,,,https://echo.epa.gov/detailed-facility-report?fid=110070765913,48271,No Violation,GW,_____________,,0,0,0,0,0,0,1,DI,Dispenser,,1,11/05/2024,11/05/2024,,,,11/05/2024,,11/05/2024,,1,0,1,,Kinney
BIG BEND NATIONAL PARK CHISOS BASIN WS,TX0220022,,TX,,Brewster,06,110049633269,N,TNCWS,Transient non-community system,GU,Groundwater under influence of surface water,81,A,Active,F,Federal government,0,0,No,No,No,No,No,No,0,0,0,0,,,,2,,01/05/2022,,01/05/2022,,,,,,,,,https://echo.epa.gov/detailed-facility-report?fid=110049633269,48043,No Violation,SW,_____________,7500=Public Notice,0,0,1,0,0,0,1,PA,Recreation Area,,1,09/29/2022,09/29/2022,,,,09/29/2022,,09/29/2022,,1,0,1,,Brewster
HIDALGO COUNTY MUD 1,TX1080088,,TX,,Hidalgo,06,110013243891,N,CWS,Community water system,SW,Surface water,8420,A,Active,L,Local government,12,0,No,No,No,Yes,Yes,No,3,1,4,0,,,4,24,,06/28/2024,08/28/1991,06/28/2024,04/04/2012,,04/04/2012,0200=Surface Water Treatment Rule; 0300=Interim Enhanced Surface Water Treatment Rule; 7500=Public Notice,7500=Public Notice,,,,https://echo.epa.gov/detailed-facility-report?fid=110013243891,48215,In Violation,SW,VVVVVVVVVVVVV,0200=Surface Water Treatment Rule; 0300=Interim Enhanced Surface Water Treatment Rule; 7500=Public Notice,0,0,1,0,1,1,1,RA,Residential Area,Monitoring and Reporting | Other Violation,1,04/22/2024,04/22/2024,,,,04/22/2024,,04/22/2024,,1,0,1,,Hidalgo
BAR 5 SUBDIVISION WATER SYSTEM,TX1080172,,TX,,Hidalgo,06,110048870094,N,CWS,Community water system,GW,Ground water,84,I,Inactive,P,Private,0,0,No,No,No,No,No,No,0,0,0,0,,,,,,09/30/1987,,09/30/1987,04/16/1987,,04/16/1987,,,,,,https://echo.epa.gov/detailed-facility-report?fid=110048870094,48215,Inactive,GW,             ,,0,0,0,0,0,0,0,RA,Residential Area,,,,,,,,,,,,0,0,,,Hidalgo
CAMINO ACIENDA MARKET,TX0710194,,TX,,El Paso,06,110053030581,N,TNCWS,Transient non-community system,SWP,Surface water purchased,0,N,Changed from public to non-public,P,Private,0,0,No,No,No,No,No,No,0,0,0,0,,,,,,04/11/2017,,04/11/2017,,,,,,,,,https://echo.epa.gov/detailed-facility-report?fid=110053030581,48141,Inactive,SW,             ,,0,0,0,0,0,0,0,OT,Other Transient Area,,,,,,,,,,06/19/2014,,0,0,,,El Paso
LAKE AMISTAD RENTALS,TX2330020,,TX,,Val Verde,06,110053004743,N,TNCWS,Transient non-community system,GW,Ground water,231,A,Active,P,Private,12,0,No,No,No,Yes,Yes,No,1,1,33,1,,30,2,16,2,10/03/2024,,10/03/2024,10/27/2022,05/31/2022,10/27/2022,7500=Public Notice,7500=Public Notice,,,,https://echo.epa.gov/detailed-facility-report?fid=110053004743,48465,In Violation,GW,VVVVVVVVVVVVV,1040=Nitrate; 7500=Public Notice; 8000=Revised Total Coliform Rule,0,1,1,0,1,1,1,MH,Mobile Home Park,Other Violation,1,06/25/2024,06/25/2024,,,,06/25/2024,,06/25/2024,,1,0,1,,Val Verde
HORIZON REGIONAL MUD,TX0710005,,TX,,El Paso,06,110033776983,N,CWS,Community water system,GW,Ground water,31542,A,Active,L,Local government,8,0,No,No,No,No,Yes,No,1,1,1,1,,,,1,,09/05/2024,,09/05/2024,,,,7000=Consumer Confidence Rule,7000=Consumer Confidence Rule,,,,https://echo.epa.gov/detailed-facility-report?fid=110033776983,48141,In Violation,GW,_____VVVVVVVV,7000=Consumer Confidence Rule,0,0,1,0,1,1,1,RA,Residential Area,Other Violation,1,10/03/2023,10/03/2023,,,,10/03/2023,,10/03/2023,,1,0,1,,El Paso
CITY OF LA FERIA,TX0310003,,TX,,Cameron,06,110034439935,N,CWS,Community water system,SW,Surface water,7226,A,Active,L,Local government,12,0,No,No,No,Yes,Yes,No,2,1,5,1,,,4,7,,01/25/2023,,01/25/2023,08/09/2016,,08/09/2016,7500=Public Notice,7500=Public Notice,,,,https://echo.epa.gov/detailed-facility-report?fid=110034439935,48061,In Violation,SW,VVVVVVVVVVVVV,5000=Lead and Copper Rule; 7000=Consumer Confidence Rule; 7500=Public Notice,0,0,1,0,1,1,1,RA,Residential Area,Monitoring and Reporting | Other Violation,3,01/27/2025,01/27/2025,,,,01/27/2025,,01/27/2025,,4,0,4,,Cameron
CITY OF EAGLE PASS WATER WORKS - SOUTH P,TX1620004,,TX,,Maverick,06,110013226026,N,CWS,Community water system,SWP,Surface water purchased,0,N,Changed from public to non-public,L,Local government,0,0,No,No,No,No,No,No,0,0,0,0,,,,,,01/20/2010,08/28/1991,01/20/2010,09/21/2006,,09/21/2006,,,,,,https://echo.epa.gov/detailed-facility-report?fid=110013226026,48323,Inactive,SW,             ,,0,0,0,0,0,0,0,,,,,,,,,,,,03/20/2007,,0,0,,,Maverick
HIGHWAY 90 SPORTS BAR,TX2330061,,TX,,Val Verde,06,110052993622,N,TNCWS,Transient non-community system,GW,Ground water,51,A,Active,P,Private,7,0,No,No,No,No,No,No,3,0,12,0,,,12,15,,02/09/2026,,02/09/2026,03/21/2017,,03/21/2017,1040=Nitrate; 8000=Revised Total Coliform Rule,,,,,https://echo.epa.gov/detailed-facility-report?fid=110052993622,48465,No Violation,GW,VVV__V__VVV__,1040=Nitrate; 7500=Public Notice; 8000=Revised Total Coliform Rule,0,0,1,0,0,1,1,OT,Other Transient Area,Monitoring Violation | Monitoring and Reporting | Other Violation,1,02/14/2025,02/14/2025,,,,02/14/2025,,02/14/2025,,1,0,1,,Val Verde
1017 CAFE,TX2140030,,TX,,Starr,06,110053012360,N,TNCWS,Transient non-community system,GW,Ground water,25,A,Active,P,Private,12,2,Yes,Yes,No,Yes,Yes,Yes,4,3,16,11,5,,5,3,,05/28/2026,,05/28/2026,03/05/2020,03/05/2020,07/11/2014,0700=Groundwater Rule; 1040=Nitrate; 7500=Public Notice; 8000=Revised Total Coliform Rule,0700=Groundwater Rule; 7500=Public Notice; 8000=Revised Total Coliform Rule,,,,https://echo.epa.gov/detailed-facility-report?fid=110053012360,48427,Enforcement Priority,GW,VVVVVVVSVVVSV,0700=Groundwater Rule; 1040=Nitrate; 7500=Public Notice; 8000=Revised Total Coliform Rule,0,0,1,1,1,1,1,RS,Restaurant,Monitoring and Reporting | Other Violation | Treatment Technique Violation,1,07/11/2022,07/11/2022,,,,07/11/2022,,07/11/2022,,1,0,1,6,Starr
HOUSE OF CORNELIUS,TX0710161,,TX,,El Paso,06,110052962530,N,TNCWS,Transient non-community system,GW,Ground water,0,N,Changed from public to non-public,P,Private,0,0,No,No,No,No,No,No,0,0,0,0,,,,,,03/18/2019,01/27/1995,03/18/2019,08/19/1998,08/19/1998,,,,,,,https://echo.epa.gov/detailed-facility-report?fid=110052962530,48141,Inactive,GW,             ,,0,0,0,0,0,0,1,OT,Other Transient Area,,,,,,,,09/11/2018,,09/11/2018,,0,0,,,El Paso
VALLEY BY-PRODUCTS INC,TX0710177,,TX,,El Paso,06,110053030439,N,NTNCWS,Non-Transient non-community system,GW,Ground water,26,I,Inactive,P,Private,0,0,No,No,No,No,No,No,0,0,0,0,,,,,,,,,,,,,,,,,https://echo.epa.gov/detailed-facility-report?fid=110053030439,48141,Inactive,GW,             ,,0,0,0,0,0,0,0,IA,Industrial/Agricultural,,,,,,,,,,,,0,0,,,El Paso
FARMERS SELECT,TX0710168,,TX,,El Paso,06,110052962674,N,NTNCWS,Non-Transient non-community system,GW,Ground water,0,N,Changed from public to non-public,P,Private,0,0,No,No,No,No,No,No,0,0,0,0,,,,,,,,,,,,,,,,,https://echo.epa.gov/detailed-facility-report?fid=110052962674,48141,Inactive,GW,             ,,0,0,0,0,0,0,0,IA,Industrial/Agricultural,,,,,,,,,,04/29/2010,,0,0,,,El Paso
P B S WATER SYSTEM,TX1080215,,TX,,Hidalgo,06,110048938272,N,CWS,Community water system,GW,Ground water,105,I,Inactive,P,Private,0,0,No,No,No,No,No,No,0,0,0,0,,,,,,,,,12/31/1992,,12/31/1992,,,,,,https://echo.epa.gov/detailed-facility-report?fid=110048938272,48215,Inactive,GW,             ,,0,0,0,0,0,0,0,RA,Residential Area,,,,,,,,,,,,0,0,,,Hidalgo
UNIVERSAL CHURCH WINDERMERE,TX0710183,,TX,,El Paso,06,110053030493,N,TNCWS,Transient non-community system,GWP,Ground water purchased,154,A,Active,P,Private,12,0,No,No,No,Yes,Yes,No,2,1,1,0,,,1,3,,09/22/2025,,09/22/2025,03/07/2012,,03/07/2012,7500=Public Notice; 8000=Revised Total Coliform Rule,7500=Public Notice,,,,https://echo.epa.gov/detailed-facility-report?fid=110053030493,48141,In Violation,GW,VVVVVVVVVVVVV,7500=Public Notice; 8000=Revised Total Coliform Rule,0,0,1,0,1,1,1,OT,Other Transient Area,Monitoring Violation | Other Violation,1,01/04/2024,01/04/2024,,,,01/04/2024,,01/04/2024,,1,0,1,,El Paso
USDA MOORE FIELD,TX1080075,,TX,,Hidalgo,06,110052660456,N,NTNCWS,Non-Transient non-community system,SW,Surface water,100,A,Active,F,Federal government,12,0,No,No,No,Yes,Yes,No,1,1,1,0,,,1,2,,12/12/2024,,12/12/2024,06/15/2009,,06/15/2009,7500=Public Notice,7500=Public Notice,,,,https://echo.epa.gov/detailed-facility-report?fid=110052660456,48215,In Violation,SW,VVVVVVVVVVVVV,5000=Lead and Copper Rule; 7500=Public Notice,0,0,1,0,1,1,1,IA,Industrial/Agricultural,Other Violation,1,11/08/2024,11/08/2024,,,,11/08/2024,,11/08/2024,,1,0,1,,Hidalgo
"W.F. LARSON, INC.",TX0950030,,TX,,Presidio,06,110049672136,N,TNCWS,Transient non-community system,GW,Ground water,25,I,Inactive,P,Private,0,0,No,No,No,No,No,No,0,0,0,0,,,,,,05/01/1984,,05/01/1984,,,,,,,,,https://echo.epa.gov/detailed-facility-report?fid=110049672136,48377,Inactive,GW,             ,,0,0,0,0,0,0,0,,,,,,,,,,,,,,0,0,,,Presidio
GOVERNORS LANDING,TX2330043,,TX,,Val Verde,06,110049498441,N,TNCWS,Transient non-community system,GW,Ground water,25,A,Active,F,Federal government,12,0,No,No,No,Yes,Yes,Yes,2,1,15,1,,,14,36,,05/11/2026,,05/11/2026,,,,7500=Public Notice; 8000=Revised Total Coliform Rule,7500=Public Notice; 8000=Revised Total Coliform Rule,,,,https://echo.epa.gov/detailed-facility-report?fid=110049498441,48465,In Violation,GW,VVVVVVVVVVVVV,7500=Public Notice; 8000=Revised Total Coliform Rule,0,0,1,0,1,1,1,PA,Recreation Area,Monitoring Violation | Other Violation,1,01/10/2023,01/10/2023,,,,01/10/2023,,01/10/2023,,1,0,1,,Val Verde
STARBASE HUDDLESTON TINY HOMES,TX0310170,,TX,,Cameron,06,110072078738,N,NTNCWS,Non-Transient non-community system,SWP,Surface water purchased,88,A,Active,P,Private,4,0,No,No,No,No,No,No,2,0,2,1,,,1,4,,06/02/2026,,06/02/2026,,,,0999=Chlorine; 2456=Total Haloacetic Acids (HAA5); 2950=TTHM,,,,,https://echo.epa.gov/detailed-facility-report?fid=110072078738,48061,No Violation,SW,_______VVVV__,0999=Chlorine; 2456=Total Haloacetic Acids (HAA5); 2950=TTHM,0,0,1,0,0,1,0,OT,Other Transient Area,Monitoring and Reporting,,,,,,,,,,,0,0,,,Cameron
MOUNTAIN VIEW WATER HAULER,TX0710127,,TX,,El Paso,06,110049487961,N,TNCWS,Transient non-community system,SWP,Surface water purchased,0,N,Changed from public to non-public,P,Private,0,0,No,No,No,No,No,No,0,0,0,0,,,,,,07/25/2017,03/30/2000,07/25/2017,,,,,,,,,https://echo.epa.gov/detailed-facility-report?fid=110049487961,48141,Inactive,SW,             ,,0,0,0,0,0,0,0,DI,Dispenser,,,,,,,,,,10/15/2012,,0,0,,,El Paso
DEVILS RIO RIDGE RV PARK,TX2330045,,TX,,Val Verde,06,110049498487,N,TNCWS,Transient non-community system,GW,Ground water,69,A,Active,P,Private,12,0,No,No,No,Yes,Yes,No,1,1,2,2,,,,2,,11/19/2021,11/23/1999,11/19/2021,03/05/2019,03/05/2001,03/05/2019,7500=Public Notice,7500=Public Notice,,,,https://echo.epa.gov/detailed-facility-report?fid=110049498487,48465,In Violation,GW,VVVVVVVVVVVVV,7500=Public Notice,0,0,1,0,1,1,1,PA,Recreation Area,Other Violation,1,01/24/2022,01/24/2022,,,,01/24/2022,,01/24/2022,,1,0,1,,Val Verde
YWCA VIRAMONTES FAMILY BRANCH,TX0710082,,TX,,El Paso,06,110049974051,N,NTNCWS,Non-Transient non-community system,GW,Ground water,62,N,Changed from public to non-public,P,Private,0,0,No,No,No,No,No,No,0,0,0,0,,,,,,11/03/2006,,11/03/2006,02/11/2002,,02/11/2002,,,,,,https://echo.epa.gov/detailed-facility-report?fid=110049974051,48141,Inactive,GW,             ,,0,0,0,0,0,0,0,DC,Daycare Center,,,,,,,,,,06/14/2005,,0,0,,,El Paso
ROCKEYS LOUNGE,TX0710131,,TX,,El Paso,06,110049881375,N,TNCWS,Transient non-community system,GW,Ground water,25,N,Changed from public to non-public,P,Private,0,0,No,No,No,No,No,No,0,0,0,0,,,,,,04/10/1992,04/10/1992,10/20/1991,,,,,,,,,https://echo.epa.gov/detailed-facility-report?fid=110049881375,48141,Inactive,GW,             ,,0,0,0,0,0,0,0,RS,Restaurant,,,,,,,,,,08/15/1991,,0,0,,,El Paso
BARBERS HILL ISD,TX0360020,,TX,,El Paso,06,110049823090,N,TNCWS,Transient non-community system,GW,Ground water,700,I,Inactive,L,Local government,0,0,No,No,No,No,No,No,0,0,0,0,,,,,,,,,,,,,,,,,https://echo.epa.gov/detailed-facility-report?fid=110049823090,48141,Inactive,GW,             ,,0,0,0,0,0,0,0,,,,,,,,,,,,,,0,0,,,El Paso
ADOBE HACIENDA DANCE HALL,TX0710097,,TX,,El Paso,06,110049738343,N,TNCWS,Transient non-community system,GW,Ground water,200,A,Active,P,Private,1,0,No,No,No,No,No,No,1,0,2,0,,,2,6,,02/12/2026,,02/12/2026,,,,8000=Revised Total Coliform Rule,,,,,https://echo.epa.gov/detailed-facility-report?fid=110049738343,48141,No Violation,GW,__________V__,8000=Revised Total Coliform Rule,0,0,1,0,0,1,1,OT,Other Transient Area,Monitoring Violation,1,01/16/2024,01/16/2024,,,,01/16/2024,,01/16/2024,,1,0,1,,El Paso
ARVEY PARK,TX0710157,,TX,,El Paso,06,110052962503,N,TNCWS,Transient non-community system,SWP,Surface water purchased,180,A,Active,P,Private,11,0,No,No,No,No,No,No,2,0,6,0,,,6,19,,10/13/2025,08/30/1991,10/13/2025,09/10/2008,,09/10/2008,8000=Revised Total Coliform Rule,,,,,https://echo.epa.gov/detailed-facility-report?fid=110052962503,48141,No Violation,SW,VVVVVVVVVVV__,7500=Public Notice; 8000=Revised Total Coliform Rule,0,0,1,0,0,1,1,OT,Other Transient Area,Monitoring Violation | Other Violation,1,11/29/2021,11/29/2021,,,,11/29/2021,,11/29/2021,,1,0,1,,El Paso
PONCHOS WATER SYSTEM,TX0220026,,TX,,Brewster,06,110049633492,N,CWS,Community water system,GW,Ground water,60,I,Inactive,P,Private,0,0,No,No,No,No,No,No,0,0,0,0,,,,,,03/08/1990,,03/08/1990,09/13/1989,,09/13/1989,,,,,,https://echo.epa.gov/detailed-facility-report?fid=110049633492,48043,Inactive,GW,             ,,0,0,0,0,0,0,0,RA,Residential Area,,,,,,,,,,,,0,0,,,Brewster
ZAPATA COUNTY WCID HWY 16 EAST,TX2530023,,TX,,Zapata,06,110053554658,N,CWS,Community water system,SWP,Surface water purchased,243,A,Active,L,Local government,7,0,No,No,No,No,No,No,2,0,8,0,,,8,8,,03/26/2026,,03/26/2026,01/09/2008,,01/09/2008,5200=LEAD AND COPPER RULE REVISIONS,5200=LEAD AND COPPER RULE REVISIONS,,,1,https://echo.epa.gov/detailed-facility-report?fid=110053554658,48505,No Violation,SW,______VVVVVVV,5200=LEAD AND COPPER RULE REVISIONS; 7500=Public Notice,0,0,1,0,0,1,1,RA,Residential Area,Other Violation | Reporting Violation | Treatment Technique Violation,1,04/24/2024,04/24/2024,,,,04/24/2024,,04/24/2024,,1,0,1,,Zapata
STARBASE EAST PRODUCTION RESTROOM PWS,TX0310159,,TX,,Cameron,06,110071300675,N,TNCWS,Transient non-community system,SWP,Surface water purchased,0,N,Changed from public to non-public,P,Private,0,0,No,No,No,No,No,No,0,0,1,0,,,1,3,,03/07/2023,,03/07/2023,,,,,,,,,https://echo.epa.gov/detailed-facility-report?fid=110071300675,48061,Inactive,SW,_            ,8000=Revised Total Coliform Rule,0,0,1,0,0,0,0,OT,Other Transient Area,,,,,,,,,,,,0,0,,,Cameron
BOB'S KNOB,TX2530015,,TX,,Zapata,06,110052916001,N,TNCWS,Transient non-community system,SW,Surface water,14,I,Inactive,P,Private,0,0,No,No,No,No,No,No,0,0,0,0,,,,,,02/01/1986,,02/01/1986,04/04/1985,,04/04/1985,,,,,,https://echo.epa.gov/detailed-facility-report?fid=110052916001,48505,Inactive,SW,             ,,0,0,0,0,0,0,0,PA,Recreation Area,,,,,,,,,,,,0,0,,,Zapata
GASLIGHT SQUARE MOBILE HOME PARK,TX0710009,,TX,,El Paso,06,110013278568,N,CWS,Community water system,GWP,Ground water purchased,675,A,Active,P,Private,11,0,No,No,Yes,No,No,Yes,2,1,10,1,,,9,20,,05/19/2026,03/30/2000,05/19/2026,05/03/2000,05/03/2000,,5000=Lead and Copper Rule,5000=Lead and Copper Rule,,,,https://echo.epa.gov/detailed-facility-report?fid=110013278568,48141,In Violation,GW,VVVVVVVVVV__V,5000=Lead and Copper Rule; 7500=Public Notice,0,0,1,0,1,1,1,MH,Mobile Home Park,Monitoring and Reporting | Other Violation,2,01/22/2025,01/22/2025,,,,01/22/2025,,01/22/2025,,2,0,2,,El Paso
EAST BIGGS WATER SYSTEM,TX0710187,,TX,,El Paso,06,110049003788,N,CWS,Community water system,SWP,Surface water purchased,15000,A,Active,F,Federal government,0,0,No,No,No,No,No,No,0,0,1,0,,,1,6,,06/23/2023,,06/23/2023,,,,,,1,,,https://echo.epa.gov/detailed-facility-report?fid=110049003788,48141,No Violation,SW,_____________,5000=Lead and Copper Rule; 8000=Revised Total Coliform Rule,0,0,1,0,0,0,1,RA,Residential Area,,2,10/21/2024,10/21/2024,,,,12/08/2025,,12/08/2025,,4,0,4,,El Paso
TPWD KICKAPOO CAVERN STATE PARK,TX1360006,,TX,,Kinney,06,110052929131,N,TNCWS,Transient non-community system,GW,Ground water,25,A,Active,S,State or Territorial Government,8,0,No,No,No,No,No,No,2,0,9,0,,,9,17,,06/20/2025,,06/20/2025,,,,8000=Revised Total Coliform Rule,,,,,https://echo.epa.gov/detailed-facility-report?fid=110052929131,48271,No Violation,GW,VV_VVVVVV____,7500=Public Notice; 8000=Revised Total Coliform Rule,0,0,1,0,0,1,1,PA,Recreation Area,Monitoring Violation | Other Violation,,,,,,,05/30/2022,,05/30/2022,,1,0,1,,Kinney
KELLY & COMPANY 1ST RESPONDERS LAREDO,TX2400048,,TX,,Webb,06,110071300189,N,TNCWS,Transient non-community system,SWP,Surface water purchased,0,N,Changed from public to non-public,P,Private,0,0,No,No,No,No,No,No,0,0,11,0,,,11,22,,03/07/2023,,03/07/2023,,,,,,,,,https://echo.epa.gov/detailed-facility-report?fid=110071300189,48479,Inactive,SW,             ,8000=Revised Total Coliform Rule,0,0,1,0,0,0,0,DI,Dispenser,,,,,,,,,,,,0,0,,,Webb
ALAMO VILLAGE WATER SYSTEM,TX1360004,,TX,,Kinney,06,110052929079,N,TNCWS,Transient non-community system,GW,Ground water,50,N,Changed from public to non-public,P,Private,0,0,No,No,No,No,No,No,0,0,0,0,,,,,,09/22/2009,01/13/1994,09/22/2009,,,,,,,,,https://echo.epa.gov/detailed-facility-report?fid=110052929079,48271,Inactive,GW,             ,,0,0,0,0,0,0,0,RS,Restaurant,,,,,,,,,,05/11/2004,,0,0,,,Kinney
VINTON MOBILE HOME PARK,TX0710071,,TX,,El Paso,06,110013278639,N,CWS,Community water system,GW,Ground water,108,A,Active,P,Private,6,0,No,No,No,No,No,No,2,0,3,0,,,3,7,,03/25/2025,,03/25/2025,,,,,,,,,https://echo.epa.gov/detailed-facility-report?fid=110013278639,48141,No Violation,GW,__VVVVVV_____,5000=Lead and Copper Rule; 7500=Public Notice,0,0,1,0,0,1,1,MH,Mobile Home Park,Monitoring and Reporting | Other Violation,1,10/06/2023,10/06/2023,,,,10/06/2023,,10/06/2023,,1,0,1,,El Paso
LLANO GRANDE LAKE PARK WEST,TX1080236,,TX,,Hidalgo,06,110013244033,N,CWS,Community water system,SWP,Surface water purchased,300,A,Active,P,Private,12,12,Yes,Yes,Yes,No,Yes,Yes,3,2,40,13,,9,18,59,,05/19/2026,,05/19/2026,04/27/2020,,04/27/2020,5000=Lead and Copper Rule; 7000=Consumer Confidence Rule,5000=Lead and Copper Rule; 7000=Consumer Confidence Rule,1,,2,https://echo.epa.gov/detailed-facility-report?fid=110013244033,48215,Enforcement Priority,SW,SSSSSSSSSSSSV,5000=Lead and Copper Rule; 7000=Consumer Confidence Rule; 7500=Public Notice,0,0,1,1,1,1,1,MH,Mobile Home Park,Monitoring and Reporting | Other Violation | Treatment Technique Violation,1,07/06/2023,07/06/2023,,,,07/06/2023,,07/06/2023,,1,0,1,,Hidalgo
VILLA ALEGRE ESTATES,TX0710169,,TX,,El Paso,06,110013277925,N,CWS,Community water system,GW,Ground water,0,N,Changed from public to non-public,P,Private,0,0,No,No,No,No,No,No,0,0,0,0,,,,,,,,,,,,,,,,,https://echo.epa.gov/detailed-facility-report?fid=110013277925,48141,Inactive,GW,__________   ,,0,0,0,0,0,0,1,RA,Residential Area,,1,11/07/2023,11/07/2023,,,,11/07/2023,,11/07/2023,,1,0,1,,El Paso
RETIREE HAVEN TRAILER PARK,TX1080052,,TX,,Hidalgo,06,110048198598,N,CWS,Community water system,GW,Ground water,267,N,Changed from public to non-public,P,Private,0,0,No,No,No,No,No,No,0,0,0,0,,,,,,05/14/1992,05/14/1992,10/20/1991,05/11/1993,05/11/1993,,,,,,,https://echo.epa.gov/detailed-facility-report?fid=110048198598,48215,Inactive,GW,             ,,0,0,0,0,0,0,0,RA,Residential Area,,,,,,,,,,05/02/1991,,0,0,,,Hidalgo
JAZ CORNUDAS,TX1150013,,TX,,Hudspeth,06,110052872922,N,TNCWS,Transient non-community system,SWP,Surface water purchased,25,A,Active,P,Private,12,5,No,No,No,Yes,Yes,Yes,3,1,55,2,,,53,100,,05/28/2026,01/25/1994,05/28/2026,06/26/2006,,06/26/2006,1040=Nitrate; 7500=Public Notice; 8000=Revised Total Coliform Rule,7500=Public Notice; 8000=Revised Total Coliform Rule,,,,https://echo.epa.gov/detailed-facility-report?fid=110052872922,48229,In Violation,SW,SSSSVVVSVVVVV,1040=Nitrate; 7500=Public Notice; 8000=Revised Total Coliform Rule,0,0,1,0,1,1,1,RS,Restaurant,Monitoring Violation | Monitoring and Reporting | Other Violation,2,01/20/2026,01/20/2026,1,1,1,01/20/2026,,01/20/2026,,3,0,3,,Hudspeth
LAS VIAS TRAILER PARK,TX0310017,,TX,,Cameron,06,110049974569,N,CWS,Community water system,GW,Ground water,0,N,Changed from public to non-public,P,Private,0,0,No,No,No,No,No,No,0,0,0,0,,,,,,11/27/2017,,11/27/2017,11/05/2018,,11/05/2018,,,,,,https://echo.epa.gov/detailed-facility-report?fid=110049974569,48061,Inactive,GW,             ,,0,0,0,0,0,0,1,MH,Mobile Home Park,,1,08/16/2021,08/16/2021,,,,08/16/2021,,08/16/2021,,1,0,1,,Cameron
TPWD FALCON STATE PARK,TX2140025,,TX,,Starr,06,110035246533,N,TNCWS,Transient non-community system,SWP,Surface water purchased,0,N,Changed from public to non-public,S,State or Territorial Government,0,0,No,No,No,No,No,No,0,0,0,0,,,,,,12/01/2004,,12/01/2004,,,,,,,,,https://echo.epa.gov/detailed-facility-report?fid=110035246533,48427,Inactive,SW,             ,,0,0,0,0,0,0,0,PA,Recreation Area,,,,,,,,,,02/07/2013,,0,0,,,Starr
STUDY BUTTE TERLINGUA WATER SYSTEM,TX0220035,,TX,,Brewster,06,110012830687,N,CWS,Community water system,GW,Ground water,888,A,Active,L,Local government,12,0,No,No,No,Yes,Yes,No,3,1,31,1,,,30,26,,10/09/2024,,10/09/2024,,,,0999=Chlorine; 7500=Public Notice,7500=Public Notice,1,,2,https://echo.epa.gov/detailed-facility-report?fid=110012830687,48043,In Violation,GW,VVVVVVVVVVVVV,"0999=Chlorine; 4000=Gross Alpha, Excl. Radon and U; 5000=Lead and Copper Rule; 7500=Public Notice",0,0,1,0,1,1,1,RA,Residential Area,Monitoring and Reporting | Other Violation | Treatment Technique Violation,2,10/23/2024,10/23/2024,,,,10/23/2024,,10/23/2024,,2,0,2,,Brewster
MONTANA HIDEAWAY BAR,TX0710198,,TX,,El Paso,06,110052905727,N,TNCWS,Transient non-community system,SWP,Surface water purchased,40,A,Active,P,Private,12,0,No,No,No,Yes,Yes,No,1,1,0,0,,,,3,,06/16/2021,,06/16/2021,11/02/2011,,11/02/2011,7500=Public Notice,7500=Public Notice,,,,https://echo.epa.gov/detailed-facility-report?fid=110052905727,48141,In Violation,SW,VVVVVVVVVVVVV,7500=Public Notice,0,0,1,0,1,1,1,OA,Other Area,Other Violation,1,01/23/2025,01/23/2025,,,,01/23/2025,,01/23/2025,,1,0,1,,El Paso
INTERNATIONAL GARMENT PROCESSORS,TX0710166,,TX,,El Paso,06,110052962656,N,NTNCWS,Non-Transient non-community system,SWP,Surface water purchased,0,N,Changed from public to non-public,P,Private,0,0,No,No,No,No,No,No,0,0,0,0,,,,,,06/16/2011,,06/16/2011,,,,,,,,,https://echo.epa.gov/detailed-facility-report?fid=110052962656,48141,Inactive,SW,             ,,0,0,0,0,0,0,0,IA,Industrial/Agricultural,,,,,,,,,,04/07/2010,,0,0,,,El Paso
EL PASO WATER UTILITIES,TX0710002,,TX,,El Paso,06,110013278540,N,CWS,Community water system,SW,Surface water,747168,A,Active,L,Local government,2,0,No,No,No,No,No,No,1,0,3,0,,,3,16,,11/06/2025,,11/06/2025,12/28/1992,,12/28/1992,1009=Chlorite,,,,,https://echo.epa.gov/detailed-facility-report?fid=110013278540,48141,No Violation,SW,V__V_________,1009=Chlorite; 8000=Revised Total Coliform Rule,0,0,1,0,0,1,1,RA,Residential Area,Monitoring and Reporting,2,10/18/2024,10/18/2024,,,,10/18/2024,,10/18/2024,,2,0,2,,El Paso
R & RS BBQ,TX2330066,,TX,,Val Verde,06,110052993702,N,TNCWS,Transient non-community system,GW,Ground water,0,N,Changed from public to non-public,P,Private,0,0,No,No,No,No,No,No,0,0,0,0,,,,,,04/30/2015,,04/30/2015,,,,,,,,,https://echo.epa.gov/detailed-facility-report?fid=110052993702,48465,Inactive,GW,             ,,0,0,0,0,0,0,0,RS,Restaurant,,,,,,,,,,,,0,0,,,Val Verde
STARBASE PAD RESTROOM PWS,TX0310160,,TX,,Cameron,06,110071300734,N,TNCWS,Transient non-community system,SWP,Surface water purchased,200,A,Active,P,Private,0,0,No,No,No,No,No,No,0,0,1,0,,,1,3,,03/07/2023,,03/07/2023,,,,,,,,,https://echo.epa.gov/detailed-facility-report?fid=110071300734,48061,No Violation,SW,_____________,8000=Revised Total Coliform Rule,0,0,1,0,0,0,1,OT,Other Transient Area,,,,,,,,08/26/2022,,08/26/2022,,1,0,1,,Cameron
QUAD CITY FIRE STATION,TX2400053,,TX,,Webb,06,110071989249,N,TNCWS,Transient non-community system,SWP,Surface water purchased,25,A,Active,P,Private,5,1,Yes,No,No,No,No,Yes,1,0,11,11,,,,23,,06/19/2026,,06/19/2026,,,,8000=Revised Total Coliform Rule,8000=Revised Total Coliform Rule,,,,https://echo.epa.gov/detailed-facility-report?fid=110071989249,48479,Enforcement Priority,SW,________VVVSV,8000=Revised Total Coliform Rule,0,0,1,1,1,1,0,OT,Other Transient Area,Monitoring Violation,,,,,,,,,,,0,0,,,Webb
EMPRESAS  EL RANCHO  PROJECT 4-325,TX2400013,,TX,,Webb,06,110048852390,N,CWS,Community water system,GW,Ground water,50,I,Inactive,P,Private,0,0,No,No,No,No,No,No,0,0,0,0,,,,,,,,,,,,,,,,,https://echo.epa.gov/detailed-facility-report?fid=110048852390,48479,Inactive,GW,             ,,0,0,0,0,0,0,0,OT,Other Transient Area,,,,,,,,,,,,0,0,,,Webb
IBWC FALCON VILLAGE,TX2140002,,TX,,Starr,06,110048814164,N,CWS,Community water system,SW,Surface water,48,A,Active,F,Federal government,10,0,No,No,Yes,No,Yes,No,5,2,16,2,,,14,25,,02/23/2026,,02/23/2026,11/25/2013,,11/25/2013,"2378=1,2,4-Trichlorobenzene; 2380=cis-1,2-Dichloroethylene; 2955=Xylenes, Total; 2964=DICHLOROMETHANE; 2968=o-Dichlorobenzene; 2969=p-Dichlorobenzene; 2976=Vinyl chloride; 2977=1,1-Dichloroethylene; 2979=trans-1,2-Dichloroethylene; 2980=1,2-Dichloroethane; 2981=1,1,1-Trichloroethane; 2982=Carbon tetrachloride; 2983=1,2-Dichloropropane; 2984=Trichloroethylene; 2985=1,1,2-Trichloroethane; 2987=Tetrachloroethylene; 2989=CHLOROBENZENE; 2990=Benzene; 2991=Toluene; 2992=Ethylbenzene; 2996=Styrene; 5000=Lead and Copper Rule; 7000=Consumer Confidence Rule; 8000=Revised Total Coliform Rule",5000=Lead and Copper Rule; 7000=Consumer Confidence Rule,,,1,https://echo.epa.gov/detailed-facility-report?fid=110048814164,48427,In Violation,SW,VVVV__VV_VVVV,"2378=1,2,4-Trichlorobenzene; 2380=cis-1,2-Dichloroethylene; 2955=Xylenes, Total; 2964=DICHLOROMETHANE; 2968=o-Dichlorobenzene; 2969=p-Dichlorobenzene; 2976=Vinyl chloride; 2977=1,1-Dichloroethylene; 2979=trans-1,2-Dichloroethylene; 2980=1,2-Dichloroethane; 2981=1,1,1-Trichloroethane; 2982=Carbon tetrachloride; 2983=1,2-Dichloropropane; 2984=Trichloroethylene; 2985=1,1,2-Trichloroethane; 2987=Tetrachloroethylene; 2989=CHLOROBENZENE; 2990=Benzene; 2991=Toluene; 2992=Ethylbenzene; 2996=Styrene; 5000=Lead and Copper Rule; 7000=Consumer Confidence Rule; 7500=Public Notice; 8000=Revised Total Coliform Rule",0,0,1,0,1,1,1,OR,Other Residential,Monitoring Violation | Monitoring and Reporting | Other Violation,2,04/03/2024,04/03/2024,,,,04/03/2024,,04/03/2024,,2,0,2,,Starr
AMISTAD VILLAGE WATER SYSTEM,TX2330035,,TX,,Val Verde,06,110049497987,N,NTNCWS,Non-Transient non-community system,GW,Ground water,50,A,Active,F,Federal government,12,0,No,No,Yes,No,No,No,5,1,17,1,,,16,30,,03/26/2026,08/29/1991,03/26/2026,,,,5000=Lead and Copper Rule; 5200=LEAD AND COPPER RULE REVISIONS; 8000=Revised Total Coliform Rule,5000=Lead and Copper Rule; 5200=LEAD AND COPPER RULE REVISIONS,,,,https://echo.epa.gov/detailed-facility-report?fid=110049497987,48465,In Violation,GW,VVVVVVVVVVVVV,3014=E. COLI; 5000=Lead and Copper Rule; 5200=LEAD AND COPPER RULE REVISIONS; 7500=Public Notice; 8000=Revised Total Coliform Rule,0,0,1,0,1,1,1,ON,Other Non-transient Area,Monitoring Violation | Monitoring and Reporting | Other Violation | Reporting Violation,1,01/10/2023,01/10/2023,,,,01/10/2023,,01/10/2023,,2,0,2,,Val Verde
BOCA CHICA WATER SYSTEM,TX0310093,,TX,,Cameron,06,110010699752,N,CWS,Community water system,SW,Surface water,90,I,Inactive,P,Private,0,0,No,No,No,No,No,No,0,0,0,0,,,,,,03/08/1990,09/22/1987,03/08/1990,09/01/1989,09/01/1989,,,,,,,https://echo.epa.gov/detailed-facility-report?fid=110010699752,48061,Inactive,SW,             ,,0,0,0,0,0,0,0,,,,,,,,,,,,,,0,0,,,Cameron
TIME OUT TRAILER PARK,TX1080016,,TX,,Hidalgo,06,110052840967,N,TNCWS,Transient non-community system,GW,Ground water,50,N,Changed from public to non-public,P,Private,0,0,No,No,No,No,No,No,0,0,0,0,,,,,,08/01/1991,08/01/1991,10/01/1981,,,,,,,,,https://echo.epa.gov/detailed-facility-report?fid=110052840967,48215,Inactive,GW,             ,,0,0,0,0,0,0,0,MH,Mobile Home Park,,,,,,,,,,12/29/2004,,0,0,,,Hidalgo
WEBB COUNTY WATER HAULER,TX2400037,,TX,,Webb,06,110052823922,N,TNCWS,Transient non-community system,SWP,Surface water purchased,25,A,Active,L,Local government,0,0,No,No,No,No,No,No,0,0,0,0,,,,1,,10/12/2021,,10/12/2021,,,,,,,,,https://echo.epa.gov/detailed-facility-report?fid=110052823922,48479,No Violation,SW,_____________,,0,0,1,0,0,0,1,DI,Dispenser,,1,01/29/2024,01/29/2024,,,,01/29/2024,,01/29/2024,,1,0,1,,Webb
HUECO TANKS COUNTRY STORE & CAFE,TX0710156,,TX,,El Paso,06,110052962479,N,TNCWS,Transient non-community system,GWP,Ground water purchased,25,I,Inactive,P,Private,0,0,No,No,No,No,No,No,0,0,0,0,,,,,,10/20/1991,07/30/1991,10/20/1991,,,,,,,,,https://echo.epa.gov/detailed-facility-report?fid=110052962479,48141,Inactive,GW,             ,,0,0,0,0,0,0,0,RS,Restaurant,,,,,,,,,,,,0,0,,,El Paso
CITY OF LOS FRESNOS,TX0310004,,TX,,Cameron,06,110006801032,N,CWS,Community water system,SW,Surface water,6009,A,Active,L,Local government,3,0,No,No,No,No,No,No,1,0,1,0,,,1,,,01/03/2017,,01/03/2017,05/04/2017,,05/04/2017,5200=LEAD AND COPPER RULE REVISIONS,5200=LEAD AND COPPER RULE REVISIONS,,,,https://echo.epa.gov/detailed-facility-report?fid=110006801032,48061,No Violation,SW,_________VVV_,5200=LEAD AND COPPER RULE REVISIONS,0,0,0,0,0,1,1,RA,Residential Area,Reporting Violation,2,04/02/2025,04/02/2025,,,,04/02/2025,,04/02/2025,,2,0,2,,Cameron
TUNE HOME CAMP,TX0950048,,TX,,Presidio,06,110049672396,N,TNCWS,Transient non-community system,GW,Ground water,100,I,Inactive,P,Private,0,0,No,No,No,No,No,No,0,0,0,0,,,,,,08/01/1980,,08/01/1980,,,,,,,,,https://echo.epa.gov/detailed-facility-report?fid=110049672396,48377,Inactive,GW,             ,,0,0,0,0,0,0,0,,,,,,,,,,,,,,0,0,,,Presidio
TPWD HUECO TANKS STATE PARK,TX0710064,,TX,,El Paso,06,110035118119,N,TNCWS,Transient non-community system,GW,Ground water,110,A,Active,S,State or Territorial Government,0,0,No,No,No,No,No,No,0,0,0,0,,,,,,11/23/2013,,11/23/2013,,,,,,,,,https://echo.epa.gov/detailed-facility-report?fid=110035118119,48141,No Violation,GW,_____________,,0,0,0,0,0,0,1,OT,Other Transient Area,,1,10/09/2025,10/09/2025,,,,10/09/2025,,10/09/2025,,1,0,1,,El Paso
COUNTRY SUNSHINE MOBILE HOME PARK,TX1080231,,TX,,Hidalgo,06,110052917714,N,NTNCWS,Non-Transient non-community system,SWP,Surface water purchased,600,I,Inactive,P,Private,0,0,No,No,No,No,No,No,0,0,0,0,,,,,,01/10/1995,01/10/1995,,,,,,,,,,https://echo.epa.gov/detailed-facility-report?fid=110052917714,48215,Inactive,SW,             ,,0,0,0,0,0,0,0,MH,Mobile Home Park,,,,,,,,,,,,0,0,,,Hidalgo
MAGNOLIA PARK MOBILE HOME PARK,TX1080224,,TX,,Hidalgo,06,110052995844,N,NTNCWS,Non-Transient non-community system,SWP,Surface water purchased,254,I,Inactive,P,Private,0,0,No,No,No,No,No,No,0,0,0,0,,,,,,,,,,,,,,,,,https://echo.epa.gov/detailed-facility-report?fid=110052995844,48215,Inactive,SW,             ,,0,0,0,0,0,0,0,MH,Mobile Home Park,,,,,,,,,,,,0,0,,,Hidalgo
LARIAT RV & MOBILE HOME PARK,TX0310065,,TX,,Cameron,06,110049634035,N,TNCWS,Transient non-community system,GW,Ground water,40,I,Inactive,P,Private,0,0,No,No,No,No,No,No,0,0,0,0,,,,,,03/16/1993,03/16/1993,10/01/1986,,,,,,,,,https://echo.epa.gov/detailed-facility-report?fid=110049634035,48061,Inactive,GW,             ,,0,0,0,0,0,0,0,PA,Recreation Area,,,,,,,,,,,,0,0,,,Cameron
CORTINOS RESTAURANT,TX1080059,,TX,,Hidalgo,06,110052660349,N,TNCWS,Transient non-community system,SWP,Surface water purchased,0,N,Changed from public to non-public,P,Private,0,0,No,No,No,No,No,No,0,0,0,0,,,,,,08/07/2019,,08/07/2019,,,,,,,,,https://echo.epa.gov/detailed-facility-report?fid=110052660349,48215,Inactive,SW,             ,,0,0,0,0,0,0,1,RS,Restaurant,,,,,,,,09/04/2019,,09/04/2019,,0,0,,,Hidalgo
MCCRACKEN ESTATES WATER SYSTEM,TX0710145,,TX,,El Paso,06,110049526189,N,CWS,Community water system,GW,Ground water,390,I,Inactive,P,Private,0,0,No,No,No,No,No,No,0,0,0,0,,,,,,,,,,,,,,,,,https://echo.epa.gov/detailed-facility-report?fid=110049526189,48141,Inactive,GW,             ,,0,0,0,0,0,0,0,RA,Residential Area,,,,,,,,,,,,0,0,,,El Paso
BROWNSVILLE PUB WATER HAULER,TX0310153,,TX,,Cameron,06,110070760539,N,TNCWS,Transient non-community system,SWP,Surface water purchased,25,A,Active,L,Local government,1,0,No,No,No,No,No,No,1,0,1,0,,,1,3,,10/17/2025,,10/17/2025,,,,8000=Revised Total Coliform Rule,,,,,https://echo.epa.gov/detailed-facility-report?fid=110070760539,48061,No Violation,SW,_________V___,8000=Revised Total Coliform Rule,0,0,1,0,0,1,1,DI,Dispenser,Monitoring Violation,2,09/30/2025,09/30/2025,,,,09/30/2025,,09/30/2025,,2,0,2,,Cameron
CRIPPLE CREEK STEAKHOUSE AND SALOON,TX2330044,,TX,,Val Verde,06,110049498469,N,TNCWS,Transient non-community system,GW,Ground water,144,A,Active,P,Private,12,1,No,No,No,Yes,Yes,Yes,2,1,51,2,,,49,110,,06/01/2026,,06/01/2026,02/03/2020,,02/03/2020,7500=Public Notice; 8000=Revised Total Coliform Rule,7500=Public Notice; 8000=Revised Total Coliform Rule,,,,https://echo.epa.gov/detailed-facility-report?fid=110049498469,48465,In Violation,GW,VVVVVVSVVVVVV,1040=Nitrate; 7500=Public Notice; 8000=Revised Total Coliform Rule,0,0,1,0,1,1,1,RS,Restaurant,Monitoring Violation | Other Violation,1,11/17/2021,11/17/2021,,,,11/17/2021,,11/17/2021,,1,0,1,,Val Verde
PONDEROSA AND WESTERN VILLAGE WSC,TX0710010,,TX,,El Paso,06,110013278577,N,CWS,Community water system,GWP,Ground water purchased,870,N,Changed from public to non-public,L,Local government,0,0,No,No,No,No,No,No,0,0,0,0,,,,,,06/26/2017,07/21/1993,06/26/2017,03/16/2014,09/29/1993,03/16/2014,,,,,,https://echo.epa.gov/detailed-facility-report?fid=110013278577,48141,Inactive,GW,             ,,0,0,0,0,0,0,0,RA,Residential Area,,,,,,,,,,03/30/2016,,0,0,,,El Paso
EL PASO WATER UTILITIES WATER HAULING,TX0710210,,TX,,El Paso,06,110070772557,N,TNCWS,Transient non-community system,SWP,Surface water purchased,25,A,Active,L,Local government,0,0,No,No,No,No,No,No,0,0,1,0,,,1,3,,06/28/2023,,06/28/2023,,,,,,,,,https://echo.epa.gov/detailed-facility-report?fid=110070772557,48141,No Violation,SW,_____________,8000=Revised Total Coliform Rule,0,0,1,0,0,0,1,DI,Dispenser,,1,01/16/2025,01/16/2025,,,,01/16/2025,,01/16/2025,,1,0,1,,El Paso
RIVER VIEW ESTATES,TX0710067,,TX,,El Paso,06,110013278620,N,CWS,Community water system,GW,Ground water,224,A,Active,P,Private,11,0,No,No,No,No,No,No,4,0,17,0,,,17,35,,11/03/2025,,11/03/2025,10/05/2014,,10/05/2014,0999=Chlorine,,,,1,https://echo.epa.gov/detailed-facility-report?fid=110013278620,48141,No Violation,GW,VVVVVVVVVVV__,0999=Chlorine; 5000=Lead and Copper Rule; 5200=LEAD AND COPPER RULE REVISIONS; 7500=Public Notice; 8000=Revised Total Coliform Rule,0,0,1,0,0,1,1,RA,Residential Area,Monitoring and Reporting | Other Violation | Reporting Violation | Treatment Technique Violation,2,09/25/2025,09/25/2025,1,,,09/25/2025,,09/25/2025,,2,0,2,,El Paso
CAREFREE VALLEY RESORT,TX0310145,,TX,,Cameron,06,110052881823,N,CWS,Community water system,SWP,Surface water purchased,600,A,Active,P,Private,7,0,No,Yes,Yes,No,No,No,2,1,15,6,,,9,33,,02/11/2026,05/19/1995,02/11/2026,,,,5200=LEAD AND COPPER RULE REVISIONS; 7500=Public Notice,5200=LEAD AND COPPER RULE REVISIONS; 7500=Public Notice,,,1,https://echo.epa.gov/detailed-facility-report?fid=110052881823,48061,In Violation,SW,______VVVVVVV,1040=Nitrate; 1041=Nitrite; 5000=Lead and Copper Rule; 5200=LEAD AND COPPER RULE REVISIONS; 7000=Consumer Confidence Rule; 7500=Public Notice,0,0,1,0,1,1,1,MH,Mobile Home Park,Other Violation | Reporting Violation | Treatment Technique Violation,2,10/15/2025,10/15/2025,,,,10/15/2025,,10/15/2025,,2,0,2,,Cameron
GORDON WATER SYSTEM,TX0950062,,TX,,Presidio,06,110052938666,N,TNCWS,Transient non-community system,GW,Ground water,26,I,Inactive,P,Private,0,0,No,No,No,No,No,No,0,0,0,0,,,,,,07/01/1987,,07/01/1987,,,,,,,,,https://echo.epa.gov/detailed-facility-report?fid=110052938666,48377,Inactive,GW,             ,,0,0,0,0,0,0,0,,,,,,,,,,,,,,0,0,,,Presidio
VALLEY ACRES MHP WATER SYSTEM,TX0710139,,TX,,El Paso,06,110013277881,N,CWS,Community water system,GW,Ground water,54,A,Active,P,Private,12,0,No,Yes,Yes,No,No,No,5,1,25,6,,,19,40,,05/05/2026,03/30/2000,05/05/2026,01/21/2016,07/19/2011,01/21/2016,5200=LEAD AND COPPER RULE REVISIONS; 8000=Revised Total Coliform Rule,5200=LEAD AND COPPER RULE REVISIONS; 8000=Revised Total Coliform Rule,,,1,https://echo.epa.gov/detailed-facility-report?fid=110013277881,48141,In Violation,GW,VVVVVVVVVVVVV,1005=Arsenic; 5000=Lead and Copper Rule; 5200=LEAD AND COPPER RULE REVISIONS; 7000=Consumer Confidence Rule; 7500=Public Notice; 8000=Revised Total Coliform Rule,0,0,1,0,1,1,1,MH,Mobile Home Park,Monitoring Violation | Monitoring and Reporting | Other Violation | Reporting Violation | Treatment Technique Violation,1,09/25/2023,09/25/2023,,,,09/25/2023,,09/25/2023,,1,0,1,,El Paso
UNION WSC,TX2140004,,TX,,Starr,06,110013212460,N,CWS,Community water system,SW,Surface water,5793,A,Active,L,Local government,7,0,No,Yes,Yes,No,No,Yes,5,1,11,6,,,5,13,,05/14/2026,,05/14/2026,10/24/2005,,10/24/2005,"0300=Interim Enhanced Surface Water Treatment Rule; 2920=CARBON, TOTAL; 5200=LEAD AND COPPER RULE REVISIONS; 7500=Public Notice",5200=LEAD AND COPPER RULE REVISIONS; 7500=Public Notice,,,1,https://echo.epa.gov/detailed-facility-report?fid=110013212460,48427,In Violation,SW,______VVVVVVV,"0300=Interim Enhanced Surface Water Treatment Rule; 2920=CARBON, TOTAL; 5200=LEAD AND COPPER RULE REVISIONS; 7000=Consumer Confidence Rule; 7500=Public Notice",0,0,1,0,1,1,1,RA,Residential Area,Monitoring and Reporting | Other Violation | Reporting Violation | Treatment Technique Violation,3,12/31/2024,12/31/2024,,,,12/31/2024,,12/31/2024,,4,0,4,,Starr
CITY OF PHARR,TX1080009,,TX,,Hidalgo,06,110000751473,N,CWS,Community water system,SW,Surface water,79715,A,Active,L,Local government,0,0,No,No,No,No,No,No,0,0,0,0,,,,,,10/06/2015,,10/06/2015,12/29/1992,,12/29/1992,,,,,,https://echo.epa.gov/detailed-facility-report?fid=110000751473,48215,No Violation,SW,_____________,,0,0,0,0,0,0,1,RA,Residential Area,,2,01/14/2025,01/14/2025,,,,01/14/2025,,01/14/2025,,2,0,2,,Hidalgo
COMANCHE POTTERY,TX1620008,,TX,,Maverick,06,110053025338,N,NTNCWS,Non-Transient non-community system,GW,Ground water,51,N,Changed from public to non-public,P,Private,0,0,No,No,No,No,No,No,0,0,0,0,,,,,,,,,,,,,,,,,https://echo.epa.gov/detailed-facility-report?fid=110053025338,48323,Inactive,GW,             ,,0,0,0,0,0,0,0,IA,Industrial/Agricultural,,,,,,,,,,08/12/1999,,0,0,,,Maverick
DEPLOYED RESOURCES WATER HAULER,TX2400050,,TX,,Webb,06,110071406732,N,TNCWS,Transient non-community system,SWP,Surface water purchased,25,A,Active,P,Private,2,0,No,No,No,No,No,No,1,0,3,3,,,,6,,03/31/2026,,03/31/2026,,,,8000=Revised Total Coliform Rule,8000=Revised Total Coliform Rule,,,,https://echo.epa.gov/detailed-facility-report?fid=110071406732,48479,No Violation,SW,__________VV_,8000=Revised Total Coliform Rule,0,0,1,0,0,1,0,DI,Dispenser,Monitoring Violation,,,,,,,,,,,0,0,,,Webb
ROUGH CANYON CONDOS,TX2330047,,TX,,Val Verde,06,110049498708,N,CWS,Community water system,GW,Ground water,89,A,Active,P,Private,12,0,No,No,Yes,No,Yes,No,3,2,12,2,,,10,25,,11/13/2025,,11/13/2025,04/28/2016,,04/28/2016,5000=Lead and Copper Rule; 7000=Consumer Confidence Rule,5000=Lead and Copper Rule; 7000=Consumer Confidence Rule,,,,https://echo.epa.gov/detailed-facility-report?fid=110049498708,48465,In Violation,GW,VVVVVVVVVVVVV,5000=Lead and Copper Rule; 7000=Consumer Confidence Rule; 7500=Public Notice; 8000=Revised Total Coliform Rule,0,0,1,0,1,1,1,RA,Residential Area,Monitoring and Reporting | Other Violation,1,06/26/2024,06/26/2024,,,,06/26/2024,,06/26/2024,,1,0,1,,Val Verde
LITTLE DINER,TX0710099,,TX,,El Paso,06,110049738389,N,TNCWS,Transient non-community system,GW,Ground water,150,N,Changed from public to non-public,P,Private,0,0,No,No,No,No,No,No,0,0,0,0,,,,,,03/01/1984,,03/01/1984,,,,,,,,,https://echo.epa.gov/detailed-facility-report?fid=110049738389,48141,Inactive,GW,             ,,0,0,0,0,0,0,0,RS,Restaurant,,,,,,,,,,05/29/2003,,0,0,,,El Paso
DIABLO EAST,TX2330032,,TX,,Val Verde,06,110049497790,N,TNCWS,Transient non-community system,GW,Ground water,80,A,Active,F,Federal government,10,0,No,No,No,Yes,Yes,No,3,1,20,1,,,19,41,,03/31/2026,,03/31/2026,07/10/2018,,07/10/2018,1040=Nitrate; 7500=Public Notice; 8000=Revised Total Coliform Rule,7500=Public Notice; 8000=Revised Total Coliform Rule,,,,https://echo.epa.gov/detailed-facility-report?fid=110049497790,48465,In Violation,GW,VVVV_V__VVVVV,1040=Nitrate; 7500=Public Notice; 8000=Revised Total Coliform Rule,0,0,1,0,1,1,1,OT,Other Transient Area,Monitoring Violation | Monitoring and Reporting | Other Violation,1,01/10/2023,01/10/2023,,,,01/10/2023,,01/10/2023,,1,0,1,,Val Verde
BELL CAMP,TX2530013,,TX,,Zapata,06,110048797995,N,CWS,Community water system,GW,Ground water,25,I,Inactive,P,Private,0,0,No,No,No,No,No,No,0,0,0,0,,,,,,08/29/1991,08/29/1991,02/01/1985,,,,,,,,,https://echo.epa.gov/detailed-facility-report?fid=110048797995,48505,Inactive,GW,             ,,0,0,0,0,0,0,0,PA,Recreation Area,,,,,,,,,,,,0,0,,,Zapata
STORM SERVICES WATER HAULER MAVERICK,TX1620013,,TX,,Maverick,06,110071300718,N,TNCWS,Transient non-community system,GUP,Purchased ground water under influence of surface water source,0,N,Changed from public to non-public,P,Private,9,2,No,No,No,No,No,No,3,0,25,0,,,25,33,,05/01/2025,,05/01/2025,,,,1040=Nitrate; 8000=Revised Total Coliform Rule,,,,,https://echo.epa.gov/detailed-facility-report?fid=110071300718,48323,Inactive,SW,VVVVVSSVV    ,1040=Nitrate; 7500=Public Notice; 8000=Revised Total Coliform Rule,0,0,1,0,0,1,0,DI,Dispenser,Monitoring Violation | Monitoring and Reporting | Other Violation,,,,,,,,,,,0,0,,,Maverick
PASEO DEL ESTE MUD 1,TX0710186,,TX,,El Paso,06,110049003742,N,CWS,Community water system,SWP,Surface water purchased,36773,A,Active,L,Local government,5,0,No,No,No,Yes,Yes,Yes,4,1,5,1,,,4,8,,05/14/2026,,05/14/2026,,,,0999=Chlorine; 7000=Consumer Confidence Rule; 7500=Public Notice; 8000=Revised Total Coliform Rule,7000=Consumer Confidence Rule; 7500=Public Notice,,,,https://echo.epa.gov/detailed-facility-report?fid=110049003742,48141,In Violation,SW,______V__VVVV,0999=Chlorine; 7000=Consumer Confidence Rule; 7500=Public Notice; 8000=Revised Total Coliform Rule,0,0,1,0,1,1,1,RA,Residential Area,Monitoring Violation | Monitoring and Reporting | Other Violation,1,10/10/2022,10/10/2022,,,,10/10/2022,,10/10/2022,,1,0,1,,El Paso
EAST MONTANA WATER SYSTEM BUTTERFIELD WS,TX0710118,,TX,,El Paso,06,110049487505,N,CWS,Community water system,GW,Ground water,228,I,Inactive,P,Private,0,0,No,No,No,No,No,No,0,0,0,0,,,,,,03/30/2000,03/30/2000,,,,,,,,,,https://echo.epa.gov/detailed-facility-report?fid=110049487505,48141,Inactive,GW,             ,,0,0,0,0,0,0,0,RA,Residential Area,,,,,,,,,,,,0,0,,,El Paso
SOL Y MAR,TX1080238,,TX,,Hidalgo,06,110048800703,N,CWS,Community water system,GW,Ground water,0,N,Changed from public to non-public,P,Private,0,0,No,No,No,No,No,No,0,0,0,0,,,,,,01/10/2019,,01/10/2019,01/29/2019,09/19/2012,01/29/2019,,,,,,https://echo.epa.gov/detailed-facility-report?fid=110048800703,48215,Inactive,GW,             ,,0,0,0,0,0,0,1,MH,Mobile Home Park,,,,,,,,08/17/2018,,08/17/2018,,0,0,,,Hidalgo
EAGLE PASS GUARD BASE,TX1620012,,TX,,Maverick,06,110071300815,N,NTNCWS,Non-Transient non-community system,SWP,Surface water purchased,0,N,Changed from public to non-public,P,Private,8,0,No,No,No,No,No,No,4,0,18,0,,,18,39,,12/04/2024,,12/04/2024,,,,0999=Chlorine; 5000=Lead and Copper Rule; 8000=Revised Total Coliform Rule,,,,,https://echo.epa.gov/detailed-facility-report?fid=110071300815,48323,Inactive,SW,VVVVVVVV     ,0999=Chlorine; 5000=Lead and Copper Rule; 7500=Public Notice; 8000=Revised Total Coliform Rule,0,0,1,0,0,1,0,ON,Other Non-transient Area,Monitoring Violation | Monitoring and Reporting | Other Violation,,,,,,,,,,,0,0,,,Maverick
CITY OF DELL,TX1150001,,TX,,Hudspeth,06,110013242197,N,CWS,Community water system,GW,Ground water,245,A,Active,L,Local government,12,4,Yes,Yes,Yes,Yes,Yes,Yes,6,4,52,20,6,9,23,94,2,05/27/2026,,05/27/2026,06/17/2026,06/17/2026,10/24/2022,0999=Chlorine; 3014=E. COLI; 5200=LEAD AND COPPER RULE REVISIONS; 7000=Consumer Confidence Rule; 7500=Public Notice; 8000=Revised Total Coliform Rule,3014=E. COLI; 5200=LEAD AND COPPER RULE REVISIONS; 7000=Consumer Confidence Rule; 7500=Public Notice; 8000=Revised Total Coliform Rule,,,1,https://echo.epa.gov/detailed-facility-report?fid=110013242197,48229,Enforcement Priority,GW,_VVVVVVVSSSSV,0999=Chlorine; 3014=E. COLI; 5000=Lead and Copper Rule; 5200=LEAD AND COPPER RULE REVISIONS; 7000=Consumer Confidence Rule; 7500=Public Notice; 8000=Revised Total Coliform Rule,0,1,1,1,1,1,1,RA,Residential Area,Monitoring Violation | Monitoring and Reporting | Other Violation | Reporting Violation | Treatment Technique Violation,2,10/07/2025,10/07/2025,,,,10/07/2025,,10/07/2025,,3,0,3,,Hudspeth
JOE CHANDLERS GUEST RANCH,TX2220006,,TX,,Terrell,06,110053012663,N,TNCWS,Transient non-community system,GW,Ground water,50,I,Inactive,P,Private,0,0,No,No,No,No,No,No,0,0,0,0,,,,,,12/10/1992,,12/10/1992,06/01/1990,06/01/1990,,,,,,,https://echo.epa.gov/detailed-facility-report?fid=110053012663,48443,Inactive,GW,             ,,0,0,0,0,0,0,0,PA,Recreation Area,,,,,,,,,,,,0,0,,,Terrell
STILLWELL GENERAL STORE AND RV PARK,TX0220036,,TX,,Brewster,06,110049633777,N,TNCWS,Transient non-community system,GW,Ground water,25,A,Active,P,Private,11,0,No,No,No,Yes,Yes,Yes,2,1,6,1,,,5,4,,05/28/2026,,05/28/2026,,,,1040=Nitrate; 7500=Public Notice,7500=Public Notice,,,,https://echo.epa.gov/detailed-facility-report?fid=110049633777,48043,In Violation,GW,VVVVVVVVVV__V,1040=Nitrate; 7500=Public Notice,0,0,1,0,1,1,1,OT,Other Transient Area,Monitoring and Reporting | Other Violation,1,10/03/2023,10/03/2023,,,,10/03/2023,,10/03/2023,,1,0,1,,Brewster
STARBASE AD ASTRA PHASE 1A,TX0310165,,TX,,Cameron,06,110071699571,N,NTNCWS,Non-Transient non-community system,SWP,Surface water purchased,121,A,Active,P,Private,4,0,No,No,Yes,No,No,No,1,1,1,1,,,,2,,09/03/2025,,09/03/2025,,,,5000=Lead and Copper Rule,5000=Lead and Copper Rule,,,,https://echo.epa.gov/detailed-facility-report?fid=110071699571,48061,In Violation,SW,_________VVVV,5000=Lead and Copper Rule,0,0,1,0,1,1,0,ON,Other Non-transient Area,Monitoring and Reporting,,,,,,,,,,,0,0,,,Cameron
DOS REPUBLICAS EAGLE PASS MINE,TX1620010,,TX,,Maverick,06,110070770833,N,NTNCWS,Non-Transient non-community system,SWP,Surface water purchased,0,N,Changed from public to non-public,P,Private,0,0,No,No,No,No,No,No,0,0,0,0,,,,,,02/18/2019,,02/18/2019,,,,,,,,,https://echo.epa.gov/detailed-facility-report?fid=110070770833,48323,Inactive,SW,             ,,0,0,0,0,0,0,1,ON,Other Non-transient Area,,,,,,,,01/24/2019,,01/24/2019,,0,0,,,Maverick
AMERICANA INN,TX0710140,,TX,,El Paso,06,110049881543,N,TNCWS,Transient non-community system,GW,Ground water,25,I,Inactive,P,Private,0,0,No,No,No,No,No,No,0,0,0,0,,,,,,07/29/1993,07/29/1993,,09/09/1993,09/09/1993,,,,,,,https://echo.epa.gov/detailed-facility-report?fid=110049881543,48141,Inactive,GW,             ,,0,0,0,0,0,0,0,HM,Hotel/Motel,,,,,,,,,,,,0,0,,,El Paso
HARLINGEN WATER WORKS SYSTEM,TX0310002,,TX,,Cameron,06,110012828967,N,CWS,Community water system,SW,Surface water,85900,A,Active,L,Local government,0,0,No,No,No,No,No,No,0,0,0,0,,,,,,01/22/2021,,01/22/2021,,,,,,,,,https://echo.epa.gov/detailed-facility-report?fid=110012828967,48061,No Violation,SW,_____________,,0,0,0,0,0,0,1,RA,Residential Area,,2,09/25/2025,09/25/2025,,,,09/25/2025,,09/25/2025,,2,0,2,,Cameron
CRESCENT DEVELOPMENT,TX0710148,,TX,,El Paso,06,110049526250,N,CWS,Community water system,GW,Ground water,50,I,Inactive,P,Private,0,0,No,No,No,No,No,No,0,0,0,0,,,,,,07/01/1989,,07/01/1989,09/13/1989,,09/13/1989,,,,,,https://echo.epa.gov/detailed-facility-report?fid=110049526250,48141,Inactive,GW,             ,,0,0,0,0,0,0,0,,,,,,,,,,,,,,0,0,,,El Paso
STARBASE WEST PRODUCTION RESTROOM PWS,TX0310158,,TX,,Cameron,06,110071300273,N,TNCWS,Transient non-community system,SWP,Surface water purchased,0,N,Changed from public to non-public,P,Private,1,0,No,No,No,No,No,No,1,0,2,0,,,2,3,,03/07/2023,,03/07/2023,,,,8000=Revised Total Coliform Rule,,,,,https://echo.epa.gov/detailed-facility-report?fid=110071300273,48061,Inactive,SW,___V_        ,8000=Revised Total Coliform Rule,0,0,1,0,0,1,0,OT,Other Transient Area,Monitoring Violation,,,,,,,,,,,0,0,,,Cameron
EL PASO COUNTY WCID WESTWAY,TX0710004,,TX,,El Paso,06,110013278559,N,CWS,Community water system,GW,Ground water,4000,N,Changed from public to non-public,L,Local government,0,0,No,No,No,No,No,No,0,0,0,0,,,,,,03/16/1993,03/16/1993,02/01/1989,,,,,,,,,https://echo.epa.gov/detailed-facility-report?fid=110013278559,48141,Inactive,GW,             ,,0,0,0,0,0,0,0,RA,Residential Area,,,,,,,,,,06/07/2004,,0,0,,,El Paso
STENSENG INC - SOUTH CAGE AT 1,TX1080136,,TX,,Hidalgo,06,110053002647,N,TNCWS,Transient non-community system,SWP,Surface water purchased,26,I,Inactive,P,Private,0,0,No,No,No,No,No,No,0,0,0,0,,,,,,06/01/1987,,06/01/1987,,,,,,,,,https://echo.epa.gov/detailed-facility-report?fid=110053002647,48215,Inactive,SW,             ,,0,0,0,0,0,0,0,,,,,,,,,,,,,,0,0,,,Hidalgo
CONOCO NJ CHITTIM LEASE,TX1620007,,TX,,Maverick,06,110053025310,N,TNCWS,Transient non-community system,GWP,Ground water purchased,40,I,Inactive,P,Private,0,0,No,No,No,No,No,No,0,0,0,0,,,,,,,,,,,,,,,,,https://echo.epa.gov/detailed-facility-report?fid=110053025310,48323,Inactive,GW,             ,,0,0,0,0,0,0,0,IA,Industrial/Agricultural,,,,,,,,,,,,0,0,,,Maverick
CITY OF EDCOUCH,TX1080003,,TX,,Hidalgo,06,110012922463,N,CWS,Community water system,SW,Surface water,2878,A,Active,L,Local government,12,0,No,No,No,Yes,Yes,No,2,1,1,0,,,1,,,01/29/2021,03/08/1995,01/29/2021,09/19/2017,04/02/2004,09/19/2017,7500=Public Notice,7500=Public Notice,,,,https://echo.epa.gov/detailed-facility-report?fid=110012922463,48215,In Violation,SW,VVVVVVVVVVVVV,5000=Lead and Copper Rule; 7000=Consumer Confidence Rule; 7500=Public Notice,0,0,0,0,1,1,1,RA,Residential Area,Monitoring and Reporting | Other Violation,2,10/31/2024,10/31/2024,,,,10/31/2024,,10/31/2024,,2,0,2,,Hidalgo
SPOFFORD WATER SYSTEM,TX1360002,,TX,,Kinney,06,110013233410,N,CWS,Community water system,GWP,Ground water purchased,68,A,Active,L,Local government,5,0,No,No,No,No,No,No,2,0,5,0,,,5,4,,02/23/2026,03/03/1994,02/23/2026,10/12/1989,,10/12/1989,5000=Lead and Copper Rule; 7000=Consumer Confidence Rule,5000=Lead and Copper Rule; 7000=Consumer Confidence Rule,,,,https://echo.epa.gov/detailed-facility-report?fid=110013233410,48271,No Violation,GW,_VV______VVV_,5000=Lead and Copper Rule; 7000=Consumer Confidence Rule,0,0,1,0,0,1,1,RA,Residential Area,Monitoring and Reporting | Other Violation,2,11/05/2024,11/05/2024,,,,11/05/2024,,11/05/2024,,2,0,2,,Kinney
OZUNA'S WATER SYSTEM,TX1080092,,TX,,Hidalgo,06,110048725313,N,CWS,Community water system,GW,Ground water,307,I,Inactive,P,Private,0,0,No,No,No,No,No,No,0,0,0,0,,,,,,01/01/1986,,01/01/1986,,,,,,,,,https://echo.epa.gov/detailed-facility-report?fid=110048725313,48215,Inactive,GW,             ,,0,0,0,0,0,0,0,RA,Residential Area,,,,,,,,,,,,0,0,,,Hidalgo
TPWD FRANKLIN MOUNTAINS STATE PARK,TX0710217,,TX,,El Paso,06,110071699933,N,TNCWS,Transient non-community system,GWP,Ground water purchased,25,A,Active,L,Local government,0,0,No,No,No,No,No,No,0,0,0,0,,,,,,,,,,,,,,,,,https://echo.epa.gov/detailed-facility-report?fid=110071699933,48141,No Violation,GW,_____________,,0,0,0,0,0,0,0,OT,Other Transient Area,,,,,,,,,,,,0,0,,,El Paso
MARATHON WATER SUPPLY & SEWER SERVICE,TX0220013,,TX,,Brewster,06,110012830623,N,CWS,Community water system,GW,Ground water,430,A,Active,L,Local government,1,0,No,No,No,No,No,No,1,0,1,0,,,1,1,,09/05/2024,02/04/1993,09/05/2024,,,,,,,,,https://echo.epa.gov/detailed-facility-report?fid=110012830623,48043,No Violation,GW,_____V_______,7000=Consumer Confidence Rule,0,0,1,0,0,1,1,RA,Residential Area,Other Violation,1,12/06/2022,12/06/2022,,,,12/06/2022,,12/06/2022,,1,0,1,,Brewster
LOST ALASKAN RV PARK,TX0220033,,TX,,Brewster,06,110049633722,N,TNCWS,Transient non-community system,GW,Ground water,70,A,Active,P,Private,5,0,No,No,No,No,No,No,1,0,0,0,,,,2,,04/17/2024,,04/17/2024,,,,,,,,,https://echo.epa.gov/detailed-facility-report?fid=110049633722,48043,No Violation,GW,VVVVV________,7500=Public Notice,0,0,1,0,0,1,1,PA,Recreation Area,Other Violation,2,10/16/2025,10/16/2025,,,,10/16/2025,,10/16/2025,,2,0,2,,Brewster
CULLIGAN WATER CONDITIONING,TX0950063,,TX,,Presidio,06,110052938693,N,TNCWS,Transient non-community system,SWP,Surface water purchased,26,I,Inactive,P,Private,0,0,No,No,No,No,No,No,0,0,0,0,,,,,,,,,,,,,,,,,https://echo.epa.gov/detailed-facility-report?fid=110052938693,48377,Inactive,SW,             ,,0,0,0,0,0,0,0,,,,,,,,,,,,,,0,0,,,Presidio
CBP EL PASO SOFTSIDE FACILITY,TX0710216,,TX,,El Paso,06,110071406697,N,NTNCWS,Non-Transient non-community system,SWP,Surface water purchased,0,N,Changed from public to non-public,P,Private,4,0,No,No,No,No,No,No,2,0,2,0,,,2,5,,10/30/2024,,10/30/2024,,,,0999=Chlorine,,,,,https://echo.epa.gov/detailed-facility-report?fid=110071406697,48141,Inactive,SW,_V___VVV     ,0999=Chlorine; 5000=Lead and Copper Rule,0,0,1,0,0,1,0,ON,Other Non-transient Area,Monitoring and Reporting,,,,,,,,,,,0,0,,,El Paso
MAYFAIR 5 WATER COMPANY,TX0710147,,TX,,El Paso,06,110013277890,N,CWS,Community water system,GW,Ground water,0,N,Changed from public to non-public,P,Private,0,0,No,No,No,No,No,No,0,0,0,0,,,,,,11/06/2013,03/30/2000,11/06/2013,09/17/2012,09/17/2012,04/24/2009,,,,,,https://echo.epa.gov/detailed-facility-report?fid=110013277890,48141,Inactive,GW,             ,,0,0,0,0,0,0,0,RA,Residential Area,,,,,,,,,,10/07/2013,,0,0,,,El Paso
VALLEY CALICHE PRODUCTS,TX1080214,,TX,,Hidalgo,06,110052995773,N,TNCWS,Transient non-community system,GW,Ground water,0,N,Changed from public to non-public,P,Private,0,0,No,No,No,No,No,No,0,0,0,0,,,,,,09/26/2012,,09/26/2012,,,,,,,,,https://echo.epa.gov/detailed-facility-report?fid=110052995773,48215,Inactive,GW,             ,,0,0,0,0,0,0,1,IA,Industrial/Agricultural,,,,,,,,10/10/2019,,10/10/2019,,0,0,,,Hidalgo
EL VAQUERO PIT STOP,TX2400041,,TX,,Webb,06,110063371809,N,TNCWS,Transient non-community system,GW,Ground water,0,N,Changed from public to non-public,P,Private,5,0,No,No,No,No,No,No,2,0,13,0,,,13,14,,04/23/2025,,04/23/2025,,,,1040=Nitrate; 8000=Revised Total Coliform Rule,,,,,https://echo.epa.gov/detailed-facility-report?fid=110063371809,48479,Inactive,GW,___VVVVV_    ,1040=Nitrate; 8000=Revised Total Coliform Rule,0,0,1,0,0,1,1,SS,Service Station,Monitoring Violation | Monitoring and Reporting,1,10/26/2022,10/26/2022,,,,10/26/2022,,10/26/2022,,1,0,1,,Webb
CITY OF BRACKETTVILLE,TX1360001,,TX,,Kinney,06,110013233385,N,CWS,Community water system,GW,Ground water,2352,A,Active,L,Local government,6,0,No,No,Yes,No,No,No,4,2,4,2,,,2,5,,03/26/2026,,03/26/2026,,,,3014=E. COLI; 5000=Lead and Copper Rule; 5200=LEAD AND COPPER RULE REVISIONS,3014=E. COLI; 5000=Lead and Copper Rule; 5200=LEAD AND COPPER RULE REVISIONS,,,,https://echo.epa.gov/detailed-facility-report?fid=110013233385,48271,In Violation,GW,_VV______VVVV,3014=E. COLI; 5000=Lead and Copper Rule; 5200=LEAD AND COPPER RULE REVISIONS; 7000=Consumer Confidence Rule,0,0,1,0,1,1,1,RA,Residential Area,Monitoring and Reporting | Other Violation | Reporting Violation,2,01/17/2025,01/17/2025,,,,01/17/2025,,01/17/2025,,2,0,2,,Kinney
CITY OF LA VILLA,TX1080023,,TX,,Hidalgo,06,110012922668,N,CWS,Community water system,SW,Surface water,2781,A,Active,L,Local government,5,0,No,No,No,No,No,No,2,0,2,0,,,2,13,,12/01/2025,03/16/2001,12/01/2025,01/24/2014,06/28/2001,01/24/2014,2456=Total Haloacetic Acids (HAA5); 2950=TTHM,,,,,https://echo.epa.gov/detailed-facility-report?fid=110012922668,48215,No Violation,SW,__VVVV__V____,2456=Total Haloacetic Acids (HAA5); 2950=TTHM; 5000=Lead and Copper Rule; 7500=Public Notice,0,0,1,0,0,1,1,RA,Residential Area,Monitoring and Reporting,1,10/24/2023,10/24/2023,,,,10/24/2023,,10/24/2023,,2,0,2,,Hidalgo
STAR TEXACO,TX0360047,,TX,,El Paso,06,110049510793,N,TNCWS,Transient non-community system,GW,Ground water,50,I,Inactive,P,Private,0,0,No,No,No,No,No,No,0,0,0,0,,,,,,09/01/1983,,09/01/1983,,,,,,,,,https://echo.epa.gov/detailed-facility-report?fid=110049510793,48141,Inactive,GW,             ,,0,0,0,0,0,0,0,,,,,,,,,,,,,,0,0,,,El Paso
TEX-PURE DRINKING WATER - LA M,TX0580023,,TX,,Hudspeth,06,110049867710,N,TNCWS,Transient non-community system,GWP,Ground water purchased,100,I,Inactive,P,Private,0,0,No,No,No,No,No,No,0,0,0,0,,,,,,10/01/1979,,10/01/1979,,,,,,,,,https://echo.epa.gov/detailed-facility-report?fid=110049867710,48229,Inactive,GW,             ,,0,0,0,0,0,0,0,,,,,,,,,,,,,,0,0,,,Hudspeth
HUDSPETH COUNTY WCID 1,TX1150007,,TX,,Hudspeth,06,110013242268,N,CWS,Community water system,GW,Ground water,2045,A,Active,L,Local government,12,0,No,No,Yes,Yes,Yes,No,3,2,10,6,,,4,24,,06/09/2026,03/30/2000,06/09/2026,12/09/2016,,12/09/2016,5000=Lead and Copper Rule; 7000=Consumer Confidence Rule; 7500=Public Notice,5000=Lead and Copper Rule; 7000=Consumer Confidence Rule; 7500=Public Notice,,,,https://echo.epa.gov/detailed-facility-report?fid=110013242268,48229,In Violation,GW,VVVVVVVVVVVVV,5000=Lead and Copper Rule; 7000=Consumer Confidence Rule; 7500=Public Notice,0,0,1,0,1,1,1,RA,Residential Area,Monitoring and Reporting | Other Violation,1,10/12/2023,10/12/2023,,,,10/12/2023,,10/12/2023,,1,0,1,,Hudspeth
CIENEGAS TERRACE,TX2330027,,TX,,Val Verde,06,110048954262,N,CWS,Community water system,GWP,Ground water purchased,546,I,Inactive,P,Private,0,0,No,No,No,No,No,No,0,0,0,0,,,,,,08/29/1991,08/29/1991,07/20/1991,,,,,,,,,https://echo.epa.gov/detailed-facility-report?fid=110048954262,48465,Inactive,GW,             ,,0,0,0,0,0,0,0,,,,,,,,,,,,,,0,0,,,Val Verde
VAL VERDE COUNTY WCID COMSTOCK,TX2330003,,TX,,Val Verde,06,110013208377,N,CWS,Community water system,GW,Ground water,175,A,Active,L,Local government,12,0,No,No,No,Yes,Yes,No,3,1,4,1,,,3,5,,03/26/2026,,03/26/2026,08/12/2012,,08/12/2012,5200=LEAD AND COPPER RULE REVISIONS; 7000=Consumer Confidence Rule; 7500=Public Notice,5200=LEAD AND COPPER RULE REVISIONS; 7000=Consumer Confidence Rule; 7500=Public Notice,,,,https://echo.epa.gov/detailed-facility-report?fid=110013208377,48465,In Violation,GW,_VVVVVVVVVVVV,5200=LEAD AND COPPER RULE REVISIONS; 7000=Consumer Confidence Rule; 7500=Public Notice; 8000=Revised Total Coliform Rule,0,0,1,0,1,1,1,RA,Residential Area,Other Violation | Reporting Violation,1,06/17/2024,06/17/2024,,,,06/17/2024,,06/17/2024,,1,0,1,,Val Verde
PECOS RIVER COMPANY,TX2330030,,TX,,Val Verde,06,110053004789,N,TNCWS,Transient non-community system,GW,Ground water,50,I,Inactive,P,Private,0,0,No,No,No,No,No,No,0,0,0,0,,,,,,08/29/1991,08/29/1991,09/30/1986,,,,,,,,,https://echo.epa.gov/detailed-facility-report?fid=110053004789,48465,Inactive,GW,             ,,0,0,0,0,0,0,0,PA,Recreation Area,,,,,,,,,,,,0,0,,,Val Verde
RANCH MOBILE HOME PARK THE,TX1080225,,TX,,Hidalgo,06,110048800428,N,CWS,Community water system,GW,Ground water,150,I,Inactive,P,Private,0,0,No,No,No,No,No,No,0,0,0,0,,,,,,04/26/1994,04/26/1994,,,,,,,,,,https://echo.epa.gov/detailed-facility-report?fid=110048800428,48215,Inactive,GW,             ,,0,0,0,0,0,0,0,MH,Mobile Home Park,,,,,,,,,,,,0,0,,,Hidalgo
MILITARY HWY WSC DEL MAR HEIGHTS,TX0310147,,TX,,Cameron,06,110012829207,N,CWS,Community water system,SWP,Surface water purchased,213,A,Active,L,Local government,0,0,No,No,No,No,No,No,0,0,0,0,,,,,,02/23/2015,,02/23/2015,,,,,,,,,https://echo.epa.gov/detailed-facility-report?fid=110012829207,48061,No Violation,SW,_____________,,0,0,0,0,0,0,1,RA,Residential Area,,2,10/15/2024,10/15/2024,,,,10/15/2024,,10/15/2024,,2,0,2,,Cameron
HIGHWAY 90 WEST TRAILER PARK,TX2330017,,TX,,Val Verde,06,110048954039,N,CWS,Community water system,GW,Ground water,40,I,Inactive,P,Private,0,0,No,No,No,No,No,No,0,0,0,0,,,,,,09/01/1982,,09/01/1982,,,,,,,,,https://echo.epa.gov/detailed-facility-report?fid=110048954039,48465,Inactive,GW,             ,,0,0,0,0,0,0,0,,,,,,,,,,,,,,0,0,,,Val Verde
LARGA VISTA HOME OWNERS NON-PR,TX2400014,,TX,,Webb,06,110048852416,N,CWS,Community water system,GW,Ground water,165,I,Inactive,P,Private,0,0,No,No,No,No,No,No,0,0,0,0,,,,,,06/01/1985,,06/01/1985,,,,,,,,,https://echo.epa.gov/detailed-facility-report?fid=110048852416,48479,Inactive,GW,             ,,0,0,0,0,0,0,0,,,,,,,,,,,,,,0,0,,,Webb
D & D WATER TRUCKS,TX0710152,,TX,,El Paso,06,110049526312,N,TNCWS,Transient non-community system,SWP,Surface water purchased,0,N,Changed from public to non-public,P,Private,0,0,No,No,No,No,No,No,0,0,0,0,,,,,,12/04/2018,12/30/1991,12/04/2018,,,,,,,,,https://echo.epa.gov/detailed-facility-report?fid=110049526312,48141,Inactive,SW,             ,,0,0,0,0,0,0,0,DI,Dispenser,,,,,,,,,,01/15/2016,,0,0,,,El Paso
STARBASE WATER SYSTEM,TX0310154,,TX,,Cameron,06,110071702783,N,CWS,Community water system,SWP,Surface water purchased,743,A,Active,P,Private,3,0,No,No,No,No,No,No,2,0,5,0,,,5,11,,10/30/2025,,10/30/2025,,,,8000=Revised Total Coliform Rule,,,,,https://echo.epa.gov/detailed-facility-report?fid=110071702783,48061,No Violation,SW,_____V___VV__,7500=Public Notice; 8000=Revised Total Coliform Rule,0,0,1,0,0,1,0,RA,Residential Area,Monitoring Violation | Other Violation,,,,,,,,,,,0,0,,,Cameron
JUDGE ROY BEAN VISTOR CENTER,TX2330038,,TX,,Val Verde,06,110049498165,N,TNCWS,Transient non-community system,GW,Ground water,250,I,Inactive,S,State or Territorial Government,0,0,No,No,No,No,No,No,0,0,0,0,,,,,,03/01/1985,,03/01/1985,,,,,,,,,https://echo.epa.gov/detailed-facility-report?fid=110049498165,48465,Inactive,GW,             ,,0,0,0,0,0,0,0,OT,Other Transient Area,,,,,,,,,,,,0,0,,,Val Verde
BAR 6 SUBDIVISION WATER SYSTEM,TX1080174,,TX,,Hidalgo,06,110048719730,N,CWS,Community water system,GW,Ground water,25,I,Inactive,P,Private,0,0,No,No,No,No,No,No,0,0,0,0,,,,,,09/30/1987,,09/30/1987,04/16/1987,,04/16/1987,,,,,,https://echo.epa.gov/detailed-facility-report?fid=110048719730,48215,Inactive,GW,             ,,0,0,0,0,0,0,0,RA,Residential Area,,,,,,,,,,,,0,0,,,Hidalgo
LAGO VISTA WATER SYSTEM,TX2330055,,TX,,Val Verde,06,110048933507,N,CWS,Community water system,GW,Ground water,72,A,Active,P,Private,12,2,No,Yes,Yes,Yes,Yes,Yes,4,3,48,17,11,7,24,75,,05/19/2026,,05/19/2026,01/28/2020,,01/28/2020,0999=Chlorine; 5000=Lead and Copper Rule; 7000=Consumer Confidence Rule; 7500=Public Notice,5000=Lead and Copper Rule; 7000=Consumer Confidence Rule; 7500=Public Notice,,,4,https://echo.epa.gov/detailed-facility-report?fid=110048933507,48465,In Violation,GW,SSVVVVVVVVVVV,0999=Chlorine; 5000=Lead and Copper Rule; 7000=Consumer Confidence Rule; 7500=Public Notice; 8000=Revised Total Coliform Rule,0,0,1,0,1,1,1,RA,Residential Area,Monitoring and Reporting | Other Violation | Treatment Technique Violation,2,06/26/2024,06/26/2024,,,,06/26/2024,,06/26/2024,,2,0,2,,Val Verde
USAF TARS MARFA,TX1890009,,TX,,Presidio,06,110052924136,N,NTNCWS,Non-Transient non-community system,GW,Ground water,25,I,Inactive,F,Federal government,0,0,No,No,No,No,No,No,0,0,0,0,,,,,,,,,,,,,,,,,https://echo.epa.gov/detailed-facility-report?fid=110052924136,48377,Inactive,GW,             ,,0,0,0,0,0,0,0,OT,Other Transient Area,,,,,,,,,,,,0,0,,,Presidio
BUSY BS KWIK STOP,TX2400035,,TX,,Webb,06,110052823904,N,TNCWS,Transient non-community system,GW,Ground water,0,N,Changed from public to non-public,P,Private,0,0,No,No,No,No,No,No,0,0,0,0,,,,,,08/18/2014,,08/18/2014,06/13/2014,,06/13/2014,,,,,,https://echo.epa.gov/detailed-facility-report?fid=110052823904,48479,Inactive,GW,             ,,0,0,0,0,0,0,0,SS,Service Station,,,,,,,,,,10/24/2014,,0,0,,,Webb
TDCJ SANCHEZ,TX0710192,,TX,,El Paso,06,110049003911,N,CWS,Community water system,GWP,Ground water purchased,0,N,Changed from public to non-public,S,State or Territorial Government,0,0,No,No,No,No,No,No,0,0,0,0,,,,,,04/21/2011,,04/21/2011,,,,,,,,,https://echo.epa.gov/detailed-facility-report?fid=110049003911,48141,Inactive,GW,             ,,0,0,0,0,0,0,0,IN,Institution,,,,,,,,,,07/13/2010,,0,0,,,El Paso
CITY OF WESLACO,TX1080011,,TX,,Hidalgo,06,110002067799,N,CWS,Community water system,SW,Surface water,40033,A,Active,L,Local government,12,0,No,Yes,Yes,Yes,Yes,Yes,2,2,9,8,,,1,8,,05/12/2026,,05/12/2026,,,,5200=LEAD AND COPPER RULE REVISIONS; 7500=Public Notice,5200=LEAD AND COPPER RULE REVISIONS; 7500=Public Notice,,,1,https://echo.epa.gov/detailed-facility-report?fid=110002067799,48215,In Violation,SW,VVVVVVVVVVVVV,5200=LEAD AND COPPER RULE REVISIONS; 7000=Consumer Confidence Rule; 7500=Public Notice,0,0,1,0,1,1,1,RA,Residential Area,Other Violation | Reporting Violation | Treatment Technique Violation,2,04/01/2025,04/01/2025,,,,04/01/2025,,04/01/2025,,2,0,2,,Hidalgo
FERN VILLAGE WATER SYSTEM,TX0710125,,TX,,El Paso,06,110049487925,N,CWS,Community water system,GW,Ground water,141,I,Inactive,P,Private,0,0,No,No,No,No,No,No,0,0,0,0,,,,,,08/28/1987,08/28/1987,,08/28/1987,,08/28/1987,,,,,,https://echo.epa.gov/detailed-facility-report?fid=110049487925,48141,Inactive,GW,             ,,0,0,0,0,0,0,0,RA,Residential Area,,,,,,,,,,,,0,0,,,El Paso
THE SHREDDER COMPANY,TX0710040,,TX,,El Paso,06,110049962144,N,NTNCWS,Non-Transient non-community system,GW,Ground water,0,N,Changed from public to non-public,P,Private,0,0,No,No,No,No,No,No,0,0,0,0,,,,,,10/13/2015,,10/13/2015,11/23/2014,04/15/2013,11/23/2014,,,,,,https://echo.epa.gov/detailed-facility-report?fid=110049962144,48141,Inactive,GW,             ,,0,0,0,0,0,0,0,IA,Industrial/Agricultural,,,,,,,,,,01/30/2015,,0,0,,,El Paso
EL SAUZ WSC,TX2140028,,TX,,Starr,06,110013212567,N,CWS,Community water system,SWP,Surface water purchased,2223,A,Active,L,Local government,12,0,No,No,Yes,No,No,No,4,1,52,6,1,26,20,52,1,04/22/2026,05/14/1991,04/22/2026,10/27/2021,04/04/1991,10/27/2021,2950=TTHM; 5000=Lead and Copper Rule,2950=TTHM; 5000=Lead and Copper Rule,,,,https://echo.epa.gov/detailed-facility-report?fid=110013212567,48427,In Violation,SW,VVVVVVVVVVVVV,2950=TTHM; 5000=Lead and Copper Rule; 5200=LEAD AND COPPER RULE REVISIONS; 7000=Consumer Confidence Rule; 7500=Public Notice; 8000=Revised Total Coliform Rule,0,1,1,0,1,1,1,RA,Residential Area,Maximum Contaminant Level Violation | Monitoring and Reporting | Other Violation | Reporting Violation,2,10/29/2025,10/29/2025,,,,10/29/2025,,10/29/2025,,4,0,4,,Starr
COLONIA NUEVA WATER SYSTEM,TX1080047,,TX,,Hidalgo,06,110048198400,N,CWS,Community water system,SWP,Surface water purchased,25,I,Inactive,L,Local government,0,0,No,No,No,No,No,No,0,0,0,0,,,,,,07/01/1989,,07/01/1989,,,,,,,,,https://echo.epa.gov/detailed-facility-report?fid=110048198400,48215,Inactive,SW,             ,,0,0,0,0,0,0,0,RA,Residential Area,,,,,,,,,,,,0,0,,,Hidalgo
TRAILS END MOBILE HOME PARK,TX1080223,,TX,,Hidalgo,06,110048938432,N,CWS,Community water system,SWP,Surface water purchased,200,A,Active,P,Private,12,0,No,No,No,No,Yes,No,2,1,3,2,,,1,5,,12/31/2025,,12/31/2025,,,,7000=Consumer Confidence Rule,7000=Consumer Confidence Rule,,,,https://echo.epa.gov/detailed-facility-report?fid=110048938432,48215,In Violation,SW,_VVVVVVVVVVVV,5000=Lead and Copper Rule; 7000=Consumer Confidence Rule,0,0,1,0,1,1,1,RA,Residential Area,Monitoring and Reporting | Other Violation,1,08/21/2023,08/21/2023,,,,08/21/2023,,08/21/2023,,1,0,1,,Hidalgo
VINTON HILLS SUBDIVISION,TX0710172,,TX,,El Paso,06,110012935583,N,CWS,Community water system,GW,Ground water,0,N,Changed from public to non-public,P,Private,0,0,No,No,No,No,No,No,0,0,0,0,,,,,,05/06/2020,,05/06/2020,,,,,,,,,https://echo.epa.gov/detailed-facility-report?fid=110012935583,48141,Inactive,GW,__________   ,,0,0,0,0,0,0,1,RA,Residential Area,,2,12/17/2024,12/17/2024,,,,12/17/2024,,12/17/2024,,2,0,2,,El Paso
BAR 7 SUBDIVISION WATER SYSTEM,TX1080175,,TX,,Hidalgo,06,110048734036,N,CWS,Community water system,GW,Ground water,30,I,Inactive,P,Private,0,0,No,No,No,No,No,No,0,0,0,0,,,,,,09/30/1987,,09/30/1987,04/16/1987,,04/16/1987,,,,,,https://echo.epa.gov/detailed-facility-report?fid=110048734036,48215,Inactive,GW,             ,,0,0,0,0,0,0,0,RA,Residential Area,,,,,,,,,,,,0,0,,,Hidalgo
PORT ISABEL DETENTION CENTER,TX0310087,,TX,,Cameron,06,110012829127,N,NTNCWS,Non-Transient non-community system,SWP,Surface water purchased,1355,A,Active,F,Federal government,2,0,No,No,No,No,No,No,1,0,1,0,,,1,1,,01/27/2025,,01/27/2025,,,,,,,,,https://echo.epa.gov/detailed-facility-report?fid=110012829127,48061,No Violation,SW,______VV_____,5000=Lead and Copper Rule,0,0,1,0,0,1,1,OT,Other Transient Area,Monitoring and Reporting,1,01/22/2022,01/22/2022,,,,01/22/2022,,01/22/2022,,1,0,1,,Cameron
SAN PEDRO VILLAGE,TX2330046,,TX,,Val Verde,06,110013208439,N,CWS,Community water system,GWP,Ground water purchased,138,A,Active,P,Private,8,0,No,No,No,No,No,No,3,0,10,0,,,10,15,,03/26/2026,,03/26/2026,12/30/2005,,12/30/2005,5200=LEAD AND COPPER RULE REVISIONS,5200=LEAD AND COPPER RULE REVISIONS,,,1,https://echo.epa.gov/detailed-facility-report?fid=110013208439,48465,No Violation,GW,_____VVVVVVVV,5200=LEAD AND COPPER RULE REVISIONS; 7000=Consumer Confidence Rule; 7500=Public Notice,0,0,1,0,0,1,1,RA,Residential Area,Other Violation | Reporting Violation | Treatment Technique Violation,2,10/21/2025,10/21/2025,,,,10/21/2025,,10/21/2025,,2,0,2,,Val Verde
RUIDOSA WATER SUPPLY,TX1890017,,TX,,Presidio,06,110048947752,N,CWS,Community water system,GW,Ground water,11,N,Changed from public to non-public,P,Private,0,0,No,No,No,No,No,No,0,0,0,0,,,,,,10/29/2009,,10/29/2009,,,,,,,,,https://echo.epa.gov/detailed-facility-report?fid=110048947752,48377,Inactive,GW,             ,,0,0,0,0,0,0,0,RA,Residential Area,,,,,,,,,,01/22/2014,,0,0,,,Presidio
FALCON RURAL WSC,TX2140003,,TX,,Starr,06,110013212442,N,CWS,Community water system,SW,Surface water,3600,A,Active,L,Local government,12,1,No,Yes,Yes,Yes,Yes,No,4,4,22,8,,,14,39,,02/24/2026,,02/24/2026,04/07/2013,,04/07/2013,5000=Lead and Copper Rule; 5200=LEAD AND COPPER RULE REVISIONS; 7000=Consumer Confidence Rule; 7500=Public Notice,5000=Lead and Copper Rule; 5200=LEAD AND COPPER RULE REVISIONS; 7000=Consumer Confidence Rule; 7500=Public Notice,,,1,https://echo.epa.gov/detailed-facility-report?fid=110013212442,48427,In Violation,SW,VVVVVVVSVVVVV,5000=Lead and Copper Rule; 5200=LEAD AND COPPER RULE REVISIONS; 7000=Consumer Confidence Rule; 7500=Public Notice,0,0,1,0,1,1,1,RA,Residential Area,Monitoring and Reporting | Other Violation | Reporting Violation | Treatment Technique Violation,1,04/30/2024,04/30/2024,,,,04/30/2024,,04/30/2024,,1,0,1,,Starr
LAJITAS ON THE RIO GRANDE,TX0220018,,TX,,Brewster,06,110012830641,N,CWS,Community water system,GW,Ground water,942,A,Active,P,Private,6,0,No,No,No,No,No,No,3,0,5,0,,,5,13,,01/12/2026,11/23/1992,01/12/2026,06/26/2010,,06/26/2010,0999=Chlorine,,,,,https://echo.epa.gov/detailed-facility-report?fid=110012830641,48043,No Violation,GW,VVVVV____V___,0999=Chlorine; 7000=Consumer Confidence Rule; 7500=Public Notice,0,0,1,0,0,1,1,RA,Residential Area,Monitoring and Reporting | Other Violation,2,10/10/2024,10/10/2024,1,,,10/10/2024,,10/10/2024,,2,0,2,,Brewster
AMISTAD NATL RECREATION AREA HDQRS,TX2330026,,TX,,Val Verde,06,110053004761,N,TNCWS,Transient non-community system,GW,Ground water,50,N,Changed from public to non-public,F,Federal government,0,0,No,No,No,No,No,No,0,0,0,0,,,,,,,,,,,,,,,,,https://echo.epa.gov/detailed-facility-report?fid=110053004761,48465,Inactive,GW,             ,,0,0,0,0,0,0,0,OT,Other Transient Area,,,,,,,,,,01/19/2006,,0,0,,,Val Verde
FORT HANCOCK WCID,TX1150005,,TX,,Hudspeth,06,110013242240,N,CWS,Community water system,GW,Ground water,1800,A,Active,L,Local government,7,0,No,No,No,No,No,No,3,0,8,0,,,8,7,,05/14/2025,,05/14/2025,07/19/2011,07/19/2011,10/12/2007,5200=LEAD AND COPPER RULE REVISIONS,5200=LEAD AND COPPER RULE REVISIONS,,,1,https://echo.epa.gov/detailed-facility-report?fid=110013242240,48229,No Violation,GW,______VVVVVVV,5000=Lead and Copper Rule; 5200=LEAD AND COPPER RULE REVISIONS; 7500=Public Notice,0,0,1,0,0,1,1,RA,Residential Area,Monitoring and Reporting | Other Violation | Reporting Violation | Treatment Technique Violation,1,10/10/2023,10/10/2023,,,,10/10/2023,,10/10/2023,,1,0,1,,Hudspeth
CITY OF LAREDO WATER HAULER,TX2400044,,TX,,Webb,06,110063375440,N,TNCWS,Transient non-community system,SWP,Surface water purchased,25,A,Active,L,Local government,1,0,No,No,No,No,No,No,1,0,1,0,,,1,3,,03/31/2026,,03/31/2026,,,,8000=Revised Total Coliform Rule,8000=Revised Total Coliform Rule,,,,https://echo.epa.gov/detailed-facility-report?fid=110063375440,48479,No Violation,SW,___________V_,8000=Revised Total Coliform Rule,0,0,1,0,0,1,1,DI,Dispenser,Monitoring Violation,1,01/29/2024,01/29/2024,,,,01/29/2024,,01/29/2024,,1,0,1,,Webb
HILLSIDE WATER WORKS,TX0710050,,TX,,El Paso,06,110013278611,N,CWS,Community water system,GW,Ground water,0,N,Changed from public to non-public,L,Local government,0,0,No,No,No,No,No,No,0,0,0,0,,,,,,03/15/2021,,03/15/2021,04/06/2020,04/06/2020,01/24/2014,,,,,,https://echo.epa.gov/detailed-facility-report?fid=110013278611,48141,Inactive,GW,_________    ,,0,0,0,0,0,0,1,MH,Mobile Home Park,,1,09/20/2022,09/20/2022,,,,09/20/2022,,09/20/2022,,1,0,1,6,El Paso
SHADY HAVEN FOUR SEASONS RV & MHP,TX2530025,,TX,,Zapata,06,110048798244,N,CWS,Community water system,SWP,Surface water purchased,0,N,Changed from public to non-public,P,Private,0,0,No,No,No,No,No,No,0,0,0,0,,,,,,02/19/2013,,02/19/2013,,,,,,,,,https://echo.epa.gov/detailed-facility-report?fid=110048798244,48505,Inactive,SW,             ,,0,0,0,0,0,0,0,RA,Residential Area,,,,,,,,,,,,0,0,,,Zapata
CROSSFIT TIERRA,TX0710193,,TX,,El Paso,06,110053030554,N,TNCWS,Transient non-community system,SWP,Surface water purchased,25,A,Active,P,Private,12,0,No,No,No,Yes,Yes,Yes,2,1,2,1,,,1,3,,05/11/2026,,05/11/2026,,,,7500=Public Notice; 8000=Revised Total Coliform Rule,7500=Public Notice,,,,https://echo.epa.gov/detailed-facility-report?fid=110053030554,48141,In Violation,SW,VVVVVVVVVVVVV,7500=Public Notice; 8000=Revised Total Coliform Rule,0,0,1,0,1,1,1,OT,Other Transient Area,Monitoring Violation | Other Violation,1,01/04/2024,01/04/2024,,,,01/04/2024,,01/04/2024,,1,0,1,,El Paso
OILTON RURAL WSC,TX2400006,,TX,,Webb,06,110013207635,N,CWS,Community water system,GW,Ground water,411,A,Active,L,Local government,12,5,Yes,Yes,Yes,Yes,Yes,Yes,6,4,36,15,6,2,19,60,1,05/12/2026,03/16/2001,05/12/2026,06/18/2026,06/18/2026,10/20/2020,0999=Chlorine; 1005=Arsenic; 3014=E. COLI; 5200=LEAD AND COPPER RULE REVISIONS; 7000=Consumer Confidence Rule; 7500=Public Notice,3014=E. COLI; 5200=LEAD AND COPPER RULE REVISIONS; 7000=Consumer Confidence Rule; 7500=Public Notice,,,1,https://echo.epa.gov/detailed-facility-report?fid=110013207635,48479,Enforcement Priority,GW,VVVVVVVSSSSSV,0999=Chlorine; 1005=Arsenic; 3014=E. COLI; 5200=LEAD AND COPPER RULE REVISIONS; 7000=Consumer Confidence Rule; 7500=Public Notice; 8000=Revised Total Coliform Rule,0,1,1,1,1,1,1,RA,Residential Area,Monitoring and Reporting | Other Violation | Reporting Violation | Treatment Technique Violation,2,10/08/2024,10/08/2024,,,,10/08/2024,,10/08/2024,,2,0,2,,Webb
SOUTHMOST REGIONAL WATER AUTHORITY,TX0310150,,TX,,Cameron,06,110022986919,N,CWS,Community water system,GW,Ground water,0,A,Active,L,Local government,3,0,No,No,No,No,No,No,1,0,7,0,,,7,9,,05/07/2025,,05/07/2025,,,,,,,,1,https://echo.epa.gov/detailed-facility-report?fid=110022986919,48061,No Violation,GW,______VVV____,1009=Chlorite; 5200=LEAD AND COPPER RULE REVISIONS,0,0,1,0,0,1,1,WH,Wholesaler of Water,Reporting Violation | Treatment Technique Violation,1,07/18/2023,07/18/2023,,,,07/18/2023,,07/18/2023,,1,0,1,,Cameron
NATIONAL GUARD BASECAMP BRAVO,TX2330075,,TX,,Val Verde,06,110071300707,N,NTNCWS,Non-Transient non-community system,SWP,Surface water purchased,0,N,Changed from public to non-public,P,Private,3,0,No,No,No,No,No,No,4,0,25,0,,,25,53,,09/27/2023,,09/27/2023,,,,0999=Chlorine; 1040=Nitrate; 8000=Revised Total Coliform Rule,,,,,https://echo.epa.gov/detailed-facility-report?fid=110071300707,48465,Inactive,SW,VVV          ,0999=Chlorine; 1040=Nitrate; 5000=Lead and Copper Rule; 8000=Revised Total Coliform Rule,0,0,1,0,0,1,0,ON,Other Non-transient Area,Monitoring Violation | Monitoring and Reporting,,,,,,,,,,,0,0,,,Val Verde
LLANO GRANDE LAKE PARK EAST,TX1080034,,TX,,Hidalgo,06,110013243873,N,CWS,Community water system,SWP,Surface water purchased,1300,A,Active,P,Private,12,12,Yes,Yes,Yes,No,Yes,Yes,4,2,51,20,1,1,30,57,,05/19/2026,,05/19/2026,01/14/2020,,01/14/2020,1041=Nitrite; 5000=Lead and Copper Rule; 7000=Consumer Confidence Rule,5000=Lead and Copper Rule; 7000=Consumer Confidence Rule,,1,3,https://echo.epa.gov/detailed-facility-report?fid=110013243873,48215,Enforcement Priority,SW,SSSSSSSSSSSSV,1041=Nitrite; 5000=Lead and Copper Rule; 7000=Consumer Confidence Rule; 7500=Public Notice,0,0,1,1,1,1,1,MH,Mobile Home Park,Monitoring and Reporting | Other Violation | Treatment Technique Violation,1,07/06/2023,07/06/2023,,,,07/06/2023,,07/06/2023,,1,0,1,,Hidalgo
J & A WATER HAULING SERVICE,TX0710214,,TX,,El Paso,06,110070769167,N,TNCWS,Transient non-community system,SWP,Surface water purchased,25,A,Active,P,Private,0,0,No,No,No,No,No,No,0,0,0,0,,,,,,,,,,,,,,,,,https://echo.epa.gov/detailed-facility-report?fid=110070769167,48141,No Violation,SW,_____________,,0,0,0,0,0,0,1,DI,Dispenser,,1,01/23/2025,01/23/2025,,,,01/23/2025,,01/23/2025,,1,0,1,,El Paso
TOWN OF ANTHONY,TX0710001,,TX,,El Paso,06,110010922216,N,CWS,Community water system,GW,Ground water,5555,A,Active,L,Local government,10,4,No,No,No,Yes,Yes,No,5,1,31,3,,,28,27,1,01/16/2026,,01/16/2026,08/19/2021,,08/19/2021,1005=Arsenic; 5200=LEAD AND COPPER RULE REVISIONS; 7000=Consumer Confidence Rule; 7500=Public Notice,5200=LEAD AND COPPER RULE REVISIONS; 7000=Consumer Confidence Rule; 7500=Public Notice,,,1,https://echo.epa.gov/detailed-facility-report?fid=110010922216,48141,In Violation,GW,___VVVVSSSSVV,1005=Arsenic; 5000=Lead and Copper Rule; 5200=LEAD AND COPPER RULE REVISIONS; 7000=Consumer Confidence Rule; 7500=Public Notice,0,1,1,0,1,1,1,RA,Residential Area,Maximum Contaminant Level Violation | Monitoring and Reporting | Other Violation | Reporting Violation | Treatment Technique Violation,2,10/21/2025,10/21/2025,,,,10/21/2025,,10/21/2025,,2,0,2,,El Paso
EAST MONTANA WATER SYSTEM PASO VIEW ESTA,TX0710084,,TX,,El Paso,06,110013277934,N,CWS,Community water system,GW,Ground water,870,N,Changed from public to non-public,L,Local government,0,0,No,No,No,No,No,No,0,0,0,0,,,,,,03/16/2001,03/16/2001,04/01/1984,09/02/1982,,09/02/1982,,,,,,https://echo.epa.gov/detailed-facility-report?fid=110013277934,48141,Inactive,GW,             ,,0,0,0,0,0,0,0,RA,Residential Area,,,,,,,,,,11/25/2002,,0,0,,,El Paso
TEAKELL GIN (LABOR CAMP),TX0950043,,TX,,Presidio,06,110049672298,N,TNCWS,Transient non-community system,GW,Ground water,30,I,Inactive,P,Private,0,0,No,No,No,No,No,No,0,0,0,0,,,,,,07/01/1980,,07/01/1980,,,,,,,,,https://echo.epa.gov/detailed-facility-report?fid=110049672298,48377,Inactive,GW,             ,,0,0,0,0,0,0,0,,,,,,,,,,,,,,0,0,,,Presidio
UNIROYAL GOODRICH,TX2400015,,TX,,Webb,06,110052946531,N,NTNCWS,Non-Transient non-community system,GW,Ground water,100,I,Inactive,P,Private,0,0,No,No,No,No,No,No,0,0,0,0,,,,,,02/01/1980,,02/01/1980,,,,,,,,,https://echo.epa.gov/detailed-facility-report?fid=110052946531,48479,Inactive,GW,             ,,0,0,0,0,0,0,0,IA,Industrial/Agricultural,,,,,,,,,,,,0,0,,,Webb
BARRANCA CORP,TX0710121,,TX,,El Paso,06,110049487710,N,TNCWS,Transient non-community system,GW,Ground water,400,A,Active,P,Private,12,0,No,No,No,Yes,Yes,No,1,1,0,0,,,,,,01/02/2020,05/24/1991,01/02/2020,,,,7500=Public Notice,7500=Public Notice,,,,https://echo.epa.gov/detailed-facility-report?fid=110049487710,48141,In Violation,GW,VVVVVVVVVVVVV,7500=Public Notice,0,0,0,0,1,1,1,RS,Restaurant,Other Violation,1,09/30/2021,09/30/2021,,,,09/30/2021,,09/30/2021,,1,0,1,,El Paso
CITY OF PRESIDIO,TX1890002,,TX,,Presidio,06,110013215314,N,CWS,Community water system,GW,Ground water,5514,A,Active,L,Local government,11,0,No,No,Yes,No,No,No,3,1,9,1,,,8,11,,07/02/2025,04/28/1993,07/02/2025,07/21/1993,07/21/1993,,5000=Lead and Copper Rule,5000=Lead and Copper Rule,,,1,https://echo.epa.gov/detailed-facility-report?fid=110013215314,48377,In Violation,GW,__VVVVVVVVVVV,5000=Lead and Copper Rule; 5200=LEAD AND COPPER RULE REVISIONS; 7500=Public Notice,0,0,1,0,1,1,1,RA,Residential Area,Monitoring and Reporting | Other Violation | Reporting Violation | Treatment Technique Violation,1,03/21/2024,03/21/2024,,,,03/21/2024,,03/21/2024,,1,0,1,,Presidio
TEXAS TRUCKING CO,TX0710171,,TX,,El Paso,06,110052962718,N,TNCWS,Transient non-community system,SWP,Surface water purchased,75,I,Inactive,P,Private,0,0,No,No,No,No,No,No,0,0,0,0,,,,,,,,,,,,,,,,,https://echo.epa.gov/detailed-facility-report?fid=110052962718,48141,Inactive,SW,             ,,0,0,0,0,0,0,0,OR,Other Residential,,,,,,,,,,,,0,0,,,El Paso
RENTERIA TRUCKING,TX0710138,,TX,,El Paso,06,110049881534,N,TNCWS,Transient non-community system,GWP,Ground water purchased,30,I,Inactive,P,Private,0,0,No,No,No,No,No,No,0,0,0,0,,,,,,07/30/1991,07/30/1991,10/20/1990,,,,,,,,,https://echo.epa.gov/detailed-facility-report?fid=110049881534,48141,Inactive,GW,             ,,0,0,0,0,0,0,0,,,,,,,,,,,,,,0,0,,,El Paso
BEACON LODGE,TX2530009,,TX,,Zapata,06,110052987416,N,TNCWS,Transient non-community system,SW,Surface water,125,I,Inactive,P,Private,0,0,No,No,No,No,No,No,0,0,0,0,,,,,,09/01/1981,,09/01/1981,05/01/1981,,05/01/1981,,,,,,https://echo.epa.gov/detailed-facility-report?fid=110052987416,48505,Inactive,SW,             ,,0,0,0,0,0,0,0,,,,,,,,,,,,,,0,0,,,Zapata
U S BORDER STATION,TX2330034,,TX,,Val Verde,06,110049497843,N,TNCWS,Transient non-community system,GW,Ground water,301,I,Inactive,F,Federal government,0,0,No,No,No,No,No,No,0,0,0,0,,,,,,06/01/1985,,06/01/1985,,,,,,,,,https://echo.epa.gov/detailed-facility-report?fid=110049497843,48465,Inactive,GW,             ,,0,0,0,0,0,0,0,,,,,,,,,,,,,,0,0,,,Val Verde
COUNTRY W ESTATES HOMEOWNERS ASSN,TX1080090,,TX,,Hidalgo,06,110048628295,N,CWS,Community water system,GW,Ground water,70,I,Inactive,P,Private,0,0,No,No,No,No,No,No,0,0,0,0,,,,,,01/01/1987,,01/01/1987,11/10/1983,,11/10/1983,,,,,,https://echo.epa.gov/detailed-facility-report?fid=110048628295,48215,Inactive,GW,             ,,0,0,0,0,0,0,0,RA,Residential Area,,,,,,,,,,,,0,0,,,Hidalgo
GCC SECTION 10 FACILITY,TX0710212,,TX,,El Paso,06,110070784686,N,TNCWS,Transient non-community system,GW,Ground water,1,N,Changed from public to non-public,P,Private,0,0,No,No,No,No,No,No,0,0,0,0,,,,,,07/13/2018,,07/13/2018,,,,,,,,,https://echo.epa.gov/detailed-facility-report?fid=110070784686,48141,Inactive,GW,             ,,0,0,0,0,0,0,1,OT,Other Transient Area,,,,,,,,06/22/2018,,06/22/2018,,0,0,,,El Paso
PERSIMMON GAP,TX0220028,,TX,,Brewster,06,110049633544,N,TNCWS,Transient non-community system,GWP,Ground water purchased,25,A,Active,F,Federal government,1,0,No,No,No,No,No,No,1,0,2,0,,,2,7,,12/19/2023,,12/19/2023,,,,8000=Revised Total Coliform Rule,,,,,https://echo.epa.gov/detailed-facility-report?fid=110049633544,48043,No Violation,GW,__V__________,7500=Public Notice; 8000=Revised Total Coliform Rule,0,0,1,0,0,1,1,OT,Other Transient Area,Monitoring Violation,1,10/25/2022,10/25/2022,,,,10/25/2022,,10/25/2022,,1,0,1,,Brewster
SAN PEDRO CANYON SUBDIVISION - UPPER,TX2330011,,TX,,Val Verde,06,110013208402,N,CWS,Community water system,GW,Ground water,150,A,Active,P,Private,12,2,No,No,No,No,No,No,6,0,70,1,,60,9,55,,05/05/2026,08/19/1991,05/05/2026,03/16/2015,03/16/2015,02/23/2013,"0999=Chlorine; 4000=Gross Alpha, Excl. Radon and U; 8000=Revised Total Coliform Rule",8000=Revised Total Coliform Rule,,,,https://echo.epa.gov/detailed-facility-report?fid=110013208402,48465,No Violation,GW,VVSVVSVVVVVV_,"0999=Chlorine; 4000=Gross Alpha, Excl. Radon and U; 5000=Lead and Copper Rule; 7000=Consumer Confidence Rule; 7500=Public Notice; 8000=Revised Total Coliform Rule",0,0,1,0,0,1,1,RA,Residential Area,Maximum Contaminant Level Violation | Monitoring Violation | Monitoring and Reporting | Other Violation,2,11/03/2025,11/03/2025,,,,11/03/2025,,11/03/2025,,2,0,2,,Val Verde
LAYMAN'S VALEY CHRISTIAN ENCAMPMEN,TX0310074,,TX,,Cameron,06,110049738995,N,TNCWS,Transient non-community system,GW,Ground water,60,I,Inactive,P,Private,0,0,No,No,No,No,No,No,0,0,0,0,,,,,,08/01/1980,,08/01/1980,,,,,,,,,https://echo.epa.gov/detailed-facility-report?fid=110049738995,48061,Inactive,GW,             ,,0,0,0,0,0,0,0,PA,Recreation Area,,,,,,,,,,,,0,0,,,Cameron
TERLINGUA RANCH DEVELOPMENT,TX0220004,,TX,,Brewster,06,110049906811,N,TNCWS,Transient non-community system,GW,Ground water,25,A,Active,P,Private,0,0,No,No,No,No,No,No,0,0,1,0,,,1,,,02/10/2020,,02/10/2020,,,,,,,,,https://echo.epa.gov/detailed-facility-report?fid=110049906811,48043,No Violation,GW,_____________,3014=E. COLI,0,0,0,0,0,0,1,PA,Recreation Area,,1,10/25/2022,10/25/2022,,,,10/25/2022,,10/25/2022,,1,0,1,,Brewster
FIESTA DRIVE-IN,TX0710094,,TX,,El Paso,06,110049721921,N,TNCWS,Transient non-community system,GW,Ground water,26,I,Inactive,P,Private,0,0,No,No,No,No,No,No,0,0,0,0,,,,,,06/01/1985,,06/01/1985,,,,,,,,,https://echo.epa.gov/detailed-facility-report?fid=110049721921,48141,Inactive,GW,             ,,0,0,0,0,0,0,0,RS,Restaurant,,,,,,,,,,,,0,0,,,El Paso
BRUNI RURAL WSC,TX2400003,,TX,,Webb,06,110012898427,N,CWS,Community water system,GW,Ground water,350,A,Active,L,Local government,12,0,No,No,No,Yes,Yes,Yes,5,2,68,4,,55,9,60,,05/28/2026,08/29/1991,05/28/2026,04/09/2020,04/09/2020,09/07/2018,1005=Arsenic; 5000=Lead and Copper Rule; 5200=LEAD AND COPPER RULE REVISIONS; 7000=Consumer Confidence Rule; 7500=Public Notice,5000=Lead and Copper Rule; 5200=LEAD AND COPPER RULE REVISIONS; 7000=Consumer Confidence Rule; 7500=Public Notice,,,,https://echo.epa.gov/detailed-facility-report?fid=110012898427,48479,In Violation,GW,VVVVVVVVVVVVV,1005=Arsenic; 5000=Lead and Copper Rule; 5200=LEAD AND COPPER RULE REVISIONS; 7000=Consumer Confidence Rule; 7500=Public Notice,0,0,1,0,1,1,1,RA,Residential Area,Maximum Contaminant Level Violation | Monitoring and Reporting | Other Violation | Reporting Violation,2,11/25/2024,11/25/2024,,,,11/25/2024,,11/25/2024,,2,0,2,6,Webb
RAMIRENO WSC,TX2530022,,TX,,Zapata,06,110013206459,N,CWS,Community water system,SWP,Surface water purchased,0,N,Changed from public to non-public,L,Local government,0,0,No,No,No,No,No,No,0,0,0,0,,,,,,04/10/2017,,04/10/2017,,,,,,,,,https://echo.epa.gov/detailed-facility-report?fid=110013206459,48505,Inactive,SW,             ,,0,0,0,0,0,0,0,RA,Residential Area,,,,,,,,,,05/14/2015,,0,0,,,Zapata
BENTSEN GROVE RESORT,TX1080219,,TX,,Hidalgo,06,110052995817,N,NTNCWS,Non-Transient non-community system,GW,Ground water,1550,A,Active,P,Private,2,0,No,No,No,No,No,No,1,0,2,0,,,2,6,,02/05/2026,,02/05/2026,,,,8000=Revised Total Coliform Rule,,,,,https://echo.epa.gov/detailed-facility-report?fid=110052995817,48215,No Violation,GW,_______V__V__,8000=Revised Total Coliform Rule,0,0,1,0,0,1,1,MH,Mobile Home Park,Monitoring Violation,1,02/12/2025,02/12/2025,,,,02/12/2025,,02/12/2025,,1,0,1,,Hidalgo
REDFORD WATER SUPPLY,TX1890012,,TX,,Presidio,06,110013215332,N,CWS,Community water system,GW,Ground water,82,A,Active,L,Local government,12,4,No,Yes,No,No,No,Yes,5,1,122,100,100,,22,92,,06/03/2026,,06/03/2026,11/08/2016,,11/08/2016,0999=Chlorine; 1005=Arsenic; 7500=Public Notice,1005=Arsenic; 7500=Public Notice,,,1,https://echo.epa.gov/detailed-facility-report?fid=110013215332,48377,In Violation,GW,SSVVVVVSVVSVV,0999=Chlorine; 1005=Arsenic; 5000=Lead and Copper Rule; 5200=LEAD AND COPPER RULE REVISIONS; 7000=Consumer Confidence Rule; 7500=Public Notice,0,0,1,0,1,1,1,RA,Residential Area,Maximum Contaminant Level Violation | Monitoring and Reporting | Other Violation | Reporting Violation | Treatment Technique Violation,1,01/24/2024,01/24/2024,,,,01/24/2024,,01/24/2024,,1,0,1,,Presidio
TXDOT ELM CREEK REST STOP,TX1360005,,TX,,Kinney,06,110052929113,N,TNCWS,Transient non-community system,GW,Ground water,200,I,Inactive,S,State or Territorial Government,0,0,No,No,No,No,No,No,0,0,0,0,,,,,,04/01/1984,,04/01/1984,,,,,,,,,https://echo.epa.gov/detailed-facility-report?fid=110052929113,48271,Inactive,GW,             ,,0,0,0,0,0,0,0,HR,Highway Rest Area,,,,,,,,,,,,0,0,,,Kinney
BROWNSVILLE NAVIGATION DISTRICT,TX0310028,,TX,,Cameron,06,110012829083,N,NTNCWS,Non-Transient non-community system,SWP,Surface water purchased,2500,A,Active,L,Local government,1,0,No,No,No,No,No,No,1,0,2,0,,,2,6,,08/15/2024,,08/15/2024,,,,8000=Revised Total Coliform Rule,,,,,https://echo.epa.gov/detailed-facility-report?fid=110012829083,48061,No Violation,SW,____V________,8000=Revised Total Coliform Rule,0,0,1,0,0,1,1,ON,Other Non-transient Area,Monitoring Violation,1,10/21/2021,10/21/2021,,,,10/21/2021,,10/21/2021,,1,0,1,,Cameron
CASTOLON MAINT AREA BBNP,TX0220019,,TX,,Brewster,06,110049974541,N,TNCWS,Transient non-community system,GW,Ground water,50,A,Active,F,Federal government,0,0,No,No,No,No,No,No,0,0,0,0,,,,,,02/05/2013,,02/05/2013,,,,,,,,,https://echo.epa.gov/detailed-facility-report?fid=110049974541,48043,No Violation,GW,_____________,,0,0,0,0,0,0,1,PA,Recreation Area,,1,10/25/2022,10/25/2022,,,,10/25/2022,,10/25/2022,,1,0,1,,Brewster
LOWER VALLEY WATER DISTRICT,TX0710154,,TX,,El Paso,06,110013277907,N,CWS,Community water system,SWP,Surface water purchased,59049,A,Active,L,Local government,4,0,No,No,No,No,Yes,No,1,1,4,1,,,3,7,,12/31/2025,,12/31/2025,04/04/2015,,04/04/2015,7000=Consumer Confidence Rule,7000=Consumer Confidence Rule,,,,https://echo.epa.gov/detailed-facility-report?fid=110013277907,48141,In Violation,SW,_________VVVV,5000=Lead and Copper Rule; 7000=Consumer Confidence Rule; 7500=Public Notice; 8000=Revised Total Coliform Rule,0,0,1,0,1,1,1,RA,Residential Area,Other Violation,2,12/03/2024,12/03/2024,,,,12/03/2024,,12/03/2024,,2,0,2,,El Paso
SNUG HARBOR MOTEL & TRAILER PARK,TX0710017,,TX,,El Paso,06,110049664662,N,CWS,Community water system,GW,Ground water,72,N,Changed from public to non-public,P,Private,0,0,No,No,No,No,No,No,0,0,0,0,,,,,,08/28/1991,08/28/1991,05/01/1985,,,,,,,,,https://echo.epa.gov/detailed-facility-report?fid=110049664662,48141,Inactive,GW,             ,,0,0,0,0,0,0,0,MH,Mobile Home Park,,,,,,,,,,,,0,0,,,El Paso
KEN LA MOBILE VILLA GARDENS,TX0310042,,TX,,Cameron,06,110049763546,N,NTNCWS,Non-Transient non-community system,GW,Ground water,35,N,Changed from public to non-public,P,Private,0,0,No,No,No,No,No,No,0,0,0,0,,,,,,06/01/1985,,06/01/1985,,,,,,,,,https://echo.epa.gov/detailed-facility-report?fid=110049763546,48061,Inactive,GW,             ,,0,0,0,0,0,0,0,MH,Mobile Home Park,,,,,,,,,,09/27/2000,,0,0,,,Cameron
CERRO ALTO WATER SYSTEM,TX1150014,,TX,,Hudspeth,06,110016809266,N,CWS,Community water system,GW,Ground water,75,A,Active,P,Private,12,0,No,No,Yes,Yes,Yes,Yes,5,3,21,4,,,17,27,,05/12/2026,,05/12/2026,,,,0999=Chlorine; 5000=Lead and Copper Rule; 7000=Consumer Confidence Rule; 7500=Public Notice,5000=Lead and Copper Rule; 7000=Consumer Confidence Rule; 7500=Public Notice,,,1,https://echo.epa.gov/detailed-facility-report?fid=110016809266,48229,In Violation,GW,VVVVVVVVVVVVV,0999=Chlorine; 5000=Lead and Copper Rule; 5200=LEAD AND COPPER RULE REVISIONS; 7000=Consumer Confidence Rule; 7500=Public Notice,0,0,1,0,1,1,1,RA,Residential Area,Monitoring and Reporting | Other Violation | Reporting Violation | Treatment Technique Violation,1,09/15/2022,09/15/2022,,,,09/15/2022,,09/15/2022,,1,0,1,,Hudspeth
WEBB CONSOLIDATED SCHOOLS OILTON,TX2400023,,TX,,Webb,06,110052946657,N,NTNCWS,Non-Transient non-community system,GWP,Ground water purchased,210,I,Inactive,L,Local government,0,0,No,No,No,No,No,No,0,0,0,0,,,,,,09/20/1991,,09/20/1991,,,,,,,,,https://echo.epa.gov/detailed-facility-report?fid=110052946657,48479,Inactive,GW,             ,,0,0,0,0,0,0,0,SC,School,,,,,,,,,,,,0,0,,,Webb
SLEEPY HOLLOW TRAILER PARK,TX1080058,,TX,,Hidalgo,06,110052651545,N,NTNCWS,Non-Transient non-community system,GW,Ground water,55,A,Active,P,Private,0,0,No,No,No,No,No,No,0,0,0,0,,,,,,12/18/2013,,12/18/2013,,,,,,,,,https://echo.epa.gov/detailed-facility-report?fid=110052651545,48215,No Violation,GW,_____________,,0,0,0,0,0,0,1,MH,Mobile Home Park,,1,10/25/2022,10/25/2022,,,,10/25/2022,,10/25/2022,,1,0,1,,Hidalgo
PHELPS DODGE REFINING,TX0710075,,TX,,El Paso,06,110000466273,N,NTNCWS,Non-Transient non-community system,GW,Ground water,372,A,Active,P,Private,0,0,No,No,No,No,No,No,0,0,0,0,,,,,,03/01/1985,,03/01/1985,,,,,,,,,https://echo.epa.gov/detailed-facility-report?fid=110000466273,48141,No Violation,GW,_____________,,0,0,0,0,0,0,1,IA,Industrial/Agricultural,,,,,,,,10/28/2020,,10/28/2020,,0,0,,,El Paso
AMISTAD OUTDOORS RV,TX2330056,,TX,,Val Verde,06,110052993560,N,TNCWS,Transient non-community system,GW,Ground water,0,N,Changed from public to non-public,P,Private,0,0,No,No,No,No,No,No,0,0,0,0,,,,,,10/25/2011,,10/25/2011,,,,,,,,,https://echo.epa.gov/detailed-facility-report?fid=110052993560,48465,Inactive,GW,             ,,0,0,0,0,0,0,0,OT,Other Transient Area,,,,,,,,,,01/31/2011,,0,0,,,Val Verde
DUSTY BOOTS BAR AND DANCE HALL,TX0310171,,TX,,Cameron,06,110072196675,N,TNCWS,Transient non-community system,GW,Ground water,99,A,Active,P,Private,2,0,No,No,No,No,No,Yes,1,0,2,2,,,,4,,06/01/2026,,06/01/2026,,,,8000=Revised Total Coliform Rule,8000=Revised Total Coliform Rule,,,,https://echo.epa.gov/detailed-facility-report?fid=110072196675,48061,No Violation,GW,___________VV,8000=Revised Total Coliform Rule,0,0,1,0,0,1,0,RS,Restaurant,Monitoring Violation,,,,,,,,,,,0,0,,,Cameron
HOOKERS ONE STOP,TX2330058,,TX,,Val Verde,06,110052993604,N,TNCWS,Transient non-community system,GW,Ground water,0,N,Changed from public to non-public,P,Private,0,0,No,No,No,No,No,No,0,0,0,0,,,,,,,,,,,,,,,,,https://echo.epa.gov/detailed-facility-report?fid=110052993604,48465,Inactive,GW,             ,,0,0,0,0,0,0,0,,,,,,,,,,,,05/09/2007,,0,0,,,Val Verde
PASEO DEL ESTE MUD 10,TX0710191,,TX,,El Paso,06,110049003886,N,CWS,Community water system,SWP,Surface water purchased,0,N,Changed from public to non-public,L,Local government,0,0,No,No,No,No,No,No,0,0,0,0,,,,,,08/30/2010,,08/30/2010,,,,,,,,,https://echo.epa.gov/detailed-facility-report?fid=110049003886,48141,Inactive,SW,             ,,0,0,0,0,0,0,0,RA,Residential Area,,,,,,,,,,04/01/2010,,0,0,,,El Paso
CITY OF PRIMERA,TX0310094,,TX,,Cameron,06,110034559458,N,CWS,Community water system,SWP,Surface water purchased,5811,A,Active,L,Local government,12,0,No,No,Yes,No,No,No,3,1,5,1,,,4,10,,09/05/2024,,09/05/2024,,,,5000=Lead and Copper Rule,5000=Lead and Copper Rule,,,,https://echo.epa.gov/detailed-facility-report?fid=110034559458,48061,In Violation,SW,VVVVVVVVVVVVV,5000=Lead and Copper Rule; 7000=Consumer Confidence Rule; 7500=Public Notice; 8000=Revised Total Coliform Rule,0,0,1,0,1,1,1,RA,Residential Area,Monitoring and Reporting | Other Violation,3,10/02/2025,10/02/2025,,,,10/02/2025,,10/02/2025,,3,0,3,,Cameron
TRUCK ENTERPRISES,TX0710175,,TX,,El Paso,06,110052972208,N,NTNCWS,Non-Transient non-community system,SWP,Surface water purchased,0,N,Changed from public to non-public,P,Private,0,0,No,No,No,No,No,No,0,0,0,0,,,,,,04/13/2017,,04/13/2017,08/20/2009,,08/20/2009,,,,,,https://echo.epa.gov/detailed-facility-report?fid=110052972208,48141,Inactive,SW,             ,,0,0,0,0,0,0,0,IA,Industrial/Agricultural,,,,,,,,,,02/09/2012,,0,0,,,El Paso
GREATER EL PASO LANDFILL,TX0710206,,TX,,El Paso,06,110063352713,N,NTNCWS,Non-Transient non-community system,SWP,Surface water purchased,0,N,Changed from public to non-public,P,Private,0,0,No,No,No,No,No,No,0,0,0,0,,,,,,06/25/2015,,06/25/2015,,,,,,,,,https://echo.epa.gov/detailed-facility-report?fid=110063352713,48141,Inactive,SW,             ,,0,0,0,0,0,0,0,ON,Other Non-transient Area,,,,,,,,,,10/20/2015,,0,0,,,El Paso
SOUTH TOWER ESTATES WATER SYSTEM,TX1080176,,TX,,Hidalgo,06,110048734063,N,CWS,Community water system,GW,Ground water,30,I,Inactive,P,Private,0,0,No,No,No,No,No,No,0,0,0,0,,,,,,09/30/1987,,09/30/1987,04/16/1987,,04/16/1987,,,,,,https://echo.epa.gov/detailed-facility-report?fid=110048734063,48215,Inactive,GW,             ,,0,0,0,0,0,0,0,RA,Residential Area,,,,,,,,,,,,0,0,,,Hidalgo
STARBASE MEDICAL CLINIC,TX0310169,,TX,,Cameron,06,110071891836,N,TNCWS,Transient non-community system,SWP,Surface water purchased,0,N,Changed from public to non-public,P,Private,1,0,No,No,No,No,No,No,1,0,1,0,,,1,2,,12/04/2024,,12/04/2024,,,,8000=Revised Total Coliform Rule,,,,,https://echo.epa.gov/detailed-facility-report?fid=110071891836,48061,Inactive,SW,______V___   ,8000=Revised Total Coliform Rule,0,0,1,0,0,1,1,OT,Other Transient Area,Monitoring Violation,,,,,,,09/05/2025,,09/05/2025,,1,0,1,,Cameron
DEL GRANDE MOBILE HOME PARK,TX2330050,,TX,,Val Verde,06,110013208448,N,CWS,Community water system,GW,Ground water,288,A,Active,P,Private,12,0,No,No,No,Yes,Yes,No,4,2,32,2,,,30,36,,04/16/2026,03/30/2000,04/16/2026,07/12/2017,,07/12/2017,7000=Consumer Confidence Rule; 7500=Public Notice; 8000=Revised Total Coliform Rule,7000=Consumer Confidence Rule; 7500=Public Notice; 8000=Revised Total Coliform Rule,,,1,https://echo.epa.gov/detailed-facility-report?fid=110013208448,48465,In Violation,GW,VVVVVVVVVVVVV,0999=Chlorine; 5000=Lead and Copper Rule; 5200=LEAD AND COPPER RULE REVISIONS; 7000=Consumer Confidence Rule; 7500=Public Notice; 8000=Revised Total Coliform Rule,0,0,1,0,1,1,1,MH,Mobile Home Park,Maximum Contaminant Level Violation | Other Violation | Reporting Violation | Treatment Technique Violation,1,06/24/2024,06/24/2024,,,,05/28/2025,,05/28/2025,,3,0,3,,Val Verde
WEBB COUNTY WATER DISPENSER,TX2400029,,TX,,Webb,06,110013207662,N,CWS,Community water system,SWP,Surface water purchased,3362,A,Active,L,Local government,6,2,No,No,No,No,No,No,3,0,48,0,,25,23,43,1,11/05/2025,,11/05/2025,11/13/2024,,11/13/2024,2456=Total Haloacetic Acids (HAA5); 2950=TTHM,,,,1,https://echo.epa.gov/detailed-facility-report?fid=110013207662,48479,No Violation,SW,SS____VVVV___,2456=Total Haloacetic Acids (HAA5); 2950=TTHM; 5200=LEAD AND COPPER RULE REVISIONS; 7500=Public Notice,0,1,1,0,0,1,1,OR,Other Residential,Maximum Contaminant Level Violation | Other Violation | Reporting Violation | Treatment Technique Violation,1,08/09/2024,08/09/2024,,,,08/09/2024,,08/09/2024,,1,0,1,,Webb
CAL COMPACK FOODS,TX0710165,,TX,,El Paso,06,110052962638,N,NTNCWS,Non-Transient non-community system,GW,Ground water,25,I,Inactive,P,Private,0,0,No,No,No,No,No,No,0,0,0,0,,,,,,,,,,,,,,,,,https://echo.epa.gov/detailed-facility-report?fid=110052962638,48141,Inactive,GW,             ,,0,0,0,0,0,0,0,IA,Industrial/Agricultural,,,,,,,,,,,,0,0,,,El Paso
TPWD BIG BEND RANCH STATE PARK,TX1890008,,TX,,Presidio,06,110052924118,N,TNCWS,Transient non-community system,GW,Ground water,500,A,Active,S,State or Territorial Government,2,0,No,No,No,No,No,No,1,0,2,0,,,2,6,,07/30/2025,,07/30/2025,,,,8000=Revised Total Coliform Rule,,,,,https://echo.epa.gov/detailed-facility-report?fid=110052924118,48377,No Violation,GW,__V_____V____,8000=Revised Total Coliform Rule,0,0,1,0,0,1,1,OT,Other Transient Area,Monitoring Violation,1,10/26/2022,10/26/2022,,,,10/26/2022,,10/26/2022,,1,0,1,,Presidio
TERRELL COUNTY WCID 1,TX2220002,,TX,,Terrell,06,110013209580,N,CWS,Community water system,GW,Ground water,800,A,Active,L,Local government,12,10,Yes,No,Yes,Yes,Yes,Yes,6,4,32,15,,,17,50,,05/12/2026,,05/12/2026,11/22/2019,,11/22/2019,0999=Chlorine; 3014=E. COLI; 5000=Lead and Copper Rule; 5200=LEAD AND COPPER RULE REVISIONS; 7000=Consumer Confidence Rule; 7500=Public Notice,3014=E. COLI; 5000=Lead and Copper Rule; 5200=LEAD AND COPPER RULE REVISIONS; 7000=Consumer Confidence Rule; 7500=Public Notice,,,1,https://echo.epa.gov/detailed-facility-report?fid=110013209580,48443,Enforcement Priority,GW,VSSSSSVSSSSSV,0999=Chlorine; 3014=E. COLI; 5000=Lead and Copper Rule; 5200=LEAD AND COPPER RULE REVISIONS; 7000=Consumer Confidence Rule; 7500=Public Notice,0,0,1,1,1,1,1,RA,Residential Area,Monitoring and Reporting | Other Violation | Reporting Violation | Treatment Technique Violation,2,10/01/2024,10/01/2024,,,,10/01/2024,,10/01/2024,,2,0,2,,Terrell
STARBASE AD ASTRA SCHOOL,TX0310168,,TX,,Cameron,06,110071768970,N,NTNCWS,Non-Transient non-community system,SWP,Surface water purchased,28,A,Active,P,Private,5,0,No,No,Yes,Yes,Yes,No,3,2,7,4,,,3,10,,12/18/2025,,12/18/2025,,,,5000=Lead and Copper Rule; 7500=Public Notice; 8000=Revised Total Coliform Rule,5000=Lead and Copper Rule; 7500=Public Notice,,,,https://echo.epa.gov/detailed-facility-report?fid=110071768970,48061,In Violation,SW,_____V___VVVV,5000=Lead and Copper Rule; 7500=Public Notice; 8000=Revised Total Coliform Rule,0,0,1,0,1,1,0,SC,School,Monitoring Violation | Monitoring and Reporting | Other Violation,,,,,,,,,,,0,0,,,Cameron
HACIENDAS DEL NORTE WATER IMPROVEMENT DI,TX0710091,,TX,,El Paso,06,110013277836,N,CWS,Community water system,SWP,Surface water purchased,1074,A,Active,L,Local government,0,0,No,No,No,No,No,No,0,0,0,0,,,,,,01/14/2013,,01/14/2013,,,,,,,,,https://echo.epa.gov/detailed-facility-report?fid=110013277836,48141,No Violation,SW,_____________,,0,0,0,0,0,0,1,RA,Residential Area,,1,10/09/2023,10/09/2023,,,,10/09/2023,,10/09/2023,,1,0,1,,El Paso
RIO VALLEY ESTATES,TX0710205,,TX,,El Paso,06,110048780903,N,CWS,Community water system,SWP,Surface water purchased,0,N,Changed from public to non-public,P,Private,0,0,No,No,No,No,No,No,0,0,0,0,,,,,,,,,,,,,,,,,https://echo.epa.gov/detailed-facility-report?fid=110048780903,48141,Inactive,SW,             ,,0,0,0,0,0,0,0,RA,Residential Area,,,,,,,,,,,,0,0,,,El Paso
TERLINGUA COMMON SCHOOL,TX0220023,,TX,,Brewster,06,110049633330,N,NTNCWS,Non-Transient non-community system,GU,Groundwater under influence of surface water,185,I,Inactive,P,Private,0,0,No,No,No,No,No,No,0,0,0,0,,,,,,07/01/1989,,07/01/1989,,,,,,,,,https://echo.epa.gov/detailed-facility-report?fid=110049633330,48043,Inactive,SW,             ,,0,0,0,0,0,0,0,SC,School,,,,,,,,,,,,0,0,,,Brewster
NATIONAL PARK SERVICE PECOS RIVER,TX2330048,,TX,,Val Verde,06,110049498744,N,TNCWS,Transient non-community system,GW,Ground water,25,A,Active,F,Federal government,12,0,No,No,No,Yes,Yes,No,2,1,14,4,,,10,27,,03/31/2026,,03/31/2026,,,,7500=Public Notice; 8000=Revised Total Coliform Rule,7500=Public Notice; 8000=Revised Total Coliform Rule,,,,https://echo.epa.gov/detailed-facility-report?fid=110049498744,48465,In Violation,GW,V_VVVVVVVVVVV,7500=Public Notice; 8000=Revised Total Coliform Rule,0,0,1,0,1,1,1,PA,Recreation Area,Monitoring Violation | Other Violation,1,01/11/2023,01/11/2023,,,,01/11/2023,,01/11/2023,,1,0,1,,Val Verde
CITY OF MERCEDES,TX1080007,,TX,,Hidalgo,06,110012922533,N,CWS,Community water system,SW,Surface water,16258,A,Active,L,Local government,12,0,No,No,No,Yes,Yes,No,3,1,8,0,,,8,9,,02/23/2026,,02/23/2026,01/25/2014,,01/25/2014,5000=Lead and Copper Rule; 7500=Public Notice,5000=Lead and Copper Rule; 7500=Public Notice,,,1,https://echo.epa.gov/detailed-facility-report?fid=110012922533,48215,In Violation,SW,VVVVVVVVVVVVV,5000=Lead and Copper Rule; 5200=LEAD AND COPPER RULE REVISIONS; 7500=Public Notice,0,0,1,0,1,1,1,RA,Residential Area,Monitoring and Reporting | Other Violation | Reporting Violation | Treatment Technique Violation,2,04/30/2025,04/30/2025,,,,04/30/2025,,04/30/2025,,2,0,2,,Hidalgo
UNION PACIFIC NAVA CAR CLEANING FACILITY,TX1360007,,TX,,Kinney,06,110070765863,N,NTNCWS,Non-Transient non-community system,GWP,Ground water purchased,125,A,Active,P,Private,7,0,No,No,No,Yes,Yes,Yes,3,1,9,2,,,7,7,,05/12/2026,,05/12/2026,,,,5000=Lead and Copper Rule; 7500=Public Notice,5000=Lead and Copper Rule; 7500=Public Notice,,,1,https://echo.epa.gov/detailed-facility-report?fid=110070765863,48271,In Violation,GW,______VVVVVVV,5000=Lead and Copper Rule; 5200=LEAD AND COPPER RULE REVISIONS; 7500=Public Notice,0,0,1,0,1,1,1,IA,Industrial/Agricultural,Monitoring and Reporting | Other Violation | Reporting Violation | Treatment Technique Violation,1,01/17/2025,01/17/2025,,,,01/17/2025,,01/17/2025,,1,0,1,,Kinney
TIERRA BLANCA SUBDIVISION,TX1080032,,TX,,Hidalgo,06,110048682403,N,CWS,Community water system,GW,Ground water,116,I,Inactive,L,Local government,0,0,No,No,No,No,No,No,0,0,0,0,,,,,,06/13/1991,06/13/1991,05/20/1990,09/22/1989,,09/22/1989,,,,,,https://echo.epa.gov/detailed-facility-report?fid=110048682403,48215,Inactive,GW,             ,,0,0,0,0,0,0,0,,,,,,,,,,,,,,0,0,,,Hidalgo
TERRELL GAS PLANT PWS,TX2220005,,TX,,Terrell,06,110053012636,N,NTNCWS,Non-Transient non-community system,GW,Ground water,27,A,Active,P,Private,8,0,No,No,No,No,No,Yes,2,0,2,1,,,1,5,,06/01/2026,08/29/1991,06/01/2026,,,,1094=Asbestos; 8000=Revised Total Coliform Rule,8000=Revised Total Coliform Rule,,,,https://echo.epa.gov/detailed-facility-report?fid=110053012636,48443,No Violation,GW,VVVVVVV_____V,1094=Asbestos; 8000=Revised Total Coliform Rule,0,0,1,0,0,1,1,IA,Industrial/Agricultural,Monitoring Violation | Monitoring and Reporting,1,04/10/2024,04/10/2024,1,1,1,04/10/2024,,04/10/2024,,1,0,1,,Terrell
SUPER STOP,TX0710199,,TX,,El Paso,06,110052905745,N,TNCWS,Transient non-community system,SWP,Surface water purchased,25,A,Active,P,Private,12,0,No,No,No,Yes,Yes,No,1,1,0,0,,,,,,01/27/2017,,01/27/2017,,,,7500=Public Notice,7500=Public Notice,,,,https://echo.epa.gov/detailed-facility-report?fid=110052905745,48141,In Violation,SW,VVVVVVVVVVVVV,7500=Public Notice,0,0,0,0,1,1,1,SS,Service Station,Other Violation,2,10/27/2025,10/27/2025,,,,10/27/2025,,10/27/2025,,2,0,2,,El Paso
STARBASE STARGATE PWS,TX0310156,,TX,,Cameron,06,110071300674,N,NTNCWS,Non-Transient non-community system,SWP,Surface water purchased,0,N,Changed from public to non-public,P,Private,7,0,No,No,No,No,No,No,2,0,13,0,,,13,20,,05/09/2024,,05/09/2024,,,,,,,,,https://echo.epa.gov/detailed-facility-report?fid=110071300674,48061,Inactive,SW,VVVVVVV___   ,1040=Nitrate; 5000=Lead and Copper Rule; 7500=Public Notice; 8000=Revised Total Coliform Rule,0,0,1,0,0,1,0,ON,Other Non-transient Area,Monitoring and Reporting | Other Violation,,,,,,,,,,,0,0,,,Cameron
CITY OF LAREDO COLUMBIA BRIDGE,TX2400028,,TX,,Webb,06,110052823771,N,NTNCWS,Non-Transient non-community system,SW,Surface water,0,N,Changed from public to non-public,L,Local government,0,0,No,No,No,No,No,No,0,0,0,0,,,,,,06/18/2019,,06/18/2019,08/01/2017,,08/01/2017,,,,,,https://echo.epa.gov/detailed-facility-report?fid=110052823771,48479,Inactive,SW,             ,,0,0,0,0,0,0,1,IA,Industrial/Agricultural,,,,,,,,05/11/2018,,05/11/2018,,0,0,,,Webb
ESPERANZA WATER SERVICE,TX1150010,,TX,,Hudspeth,06,110013242311,N,CWS,Community water system,GW,Ground water,849,A,Active,P,Private,2,0,No,No,No,No,No,No,2,0,3,0,,,3,5,,12/31/2025,12/30/1991,12/31/2025,05/25/2016,,05/25/2016,,,,,,https://echo.epa.gov/detailed-facility-report?fid=110013242311,48229,No Violation,GW,VV___________,5000=Lead and Copper Rule; 7000=Consumer Confidence Rule; 7500=Public Notice,0,0,1,0,0,1,1,RA,Residential Area,Other Violation,2,10/24/2024,10/24/2024,,,,10/24/2024,,10/24/2024,,2,0,2,,Hudspeth
CULLIGAN WATER CONDITIONING,TX2400026,,TX,,Webb,06,110052823735,N,TNCWS,Transient non-community system,GW,Ground water,25,I,Inactive,P,Private,0,0,No,No,No,No,No,No,0,0,0,0,,,,,,,,,,,,,,,,,https://echo.epa.gov/detailed-facility-report?fid=110052823735,48479,Inactive,GW,             ,,0,0,0,0,0,0,0,OT,Other Transient Area,,,,,,,,,,,,0,0,,,Webb
FUEL AMERICA TRUCK STOP,TX2400046,,TX,,Webb,06,110071196194,N,TNCWS,Transient non-community system,GW,Ground water,350,A,Active,P,Private,2,0,No,No,No,Yes,Yes,Yes,2,1,2,1,,,1,3,,05/11/2026,,05/11/2026,,,,7500=Public Notice; 8000=Revised Total Coliform Rule,7500=Public Notice,,,,https://echo.epa.gov/detailed-facility-report?fid=110071196194,48479,In Violation,GW,_______V____V,7500=Public Notice; 8000=Revised Total Coliform Rule,0,0,1,0,1,1,1,OT,Other Transient Area,Monitoring Violation | Other Violation,1,07/07/2022,07/07/2022,,,,07/07/2022,,07/07/2022,,1,0,1,,Webb
SIESTA SHORES WCID,TX2530004,,TX,,Zapata,06,110013206440,N,CWS,Community water system,SW,Surface water,1893,A,Active,L,Local government,12,0,No,No,Yes,Yes,Yes,No,5,2,9,1,,,8,20,,03/26/2026,05/15/1997,03/26/2026,07/31/2018,,07/31/2018,5000=Lead and Copper Rule; 5200=LEAD AND COPPER RULE REVISIONS; 7500=Public Notice; 8000=Revised Total Coliform Rule,5000=Lead and Copper Rule; 5200=LEAD AND COPPER RULE REVISIONS; 7500=Public Notice,,,,https://echo.epa.gov/detailed-facility-report?fid=110013206440,48505,In Violation,SW,VVVVVVVVVVVVV,2950=TTHM; 5000=Lead and Copper Rule; 5200=LEAD AND COPPER RULE REVISIONS; 7500=Public Notice; 8000=Revised Total Coliform Rule,0,0,1,0,1,1,1,RA,Residential Area,Monitoring Violation | Monitoring and Reporting | Other Violation | Reporting Violation,2,04/17/2023,04/17/2023,,,,07/07/2025,,07/07/2025,,3,0,3,,Zapata
LAZY PALMS RANCH,TX1080147,,TX,,Hidalgo,06,110053009597,N,TNCWS,Transient non-community system,GW,Ground water,400,A,Active,P,Private,12,4,No,No,No,Yes,Yes,No,3,1,156,153,150,,3,59,,04/17/2025,,04/17/2025,01/17/2019,09/19/2012,01/17/2019,1040=Nitrate; 7500=Public Notice,7500=Public Notice,,,,https://echo.epa.gov/detailed-facility-report?fid=110053009597,48215,In Violation,GW,VSSVVSVSVVVVV,1040=Nitrate; 3014=E. COLI; 7500=Public Notice,0,0,1,0,1,1,1,MH,Mobile Home Park,Maximum Contaminant Level Violation | Monitoring and Reporting | Other Violation,1,01/10/2024,01/10/2024,,,,01/10/2024,,01/10/2024,,2,0,2,,Hidalgo
LONGHORN RANCH MOTEL,TX0220032,,TX,,Brewster,06,110049633704,N,TNCWS,Transient non-community system,GW,Ground water,100,A,Active,P,Private,12,6,No,No,No,Yes,Yes,Yes,4,1,31,2,,,29,57,1,05/28/2026,,05/28/2026,08/19/2021,11/05/2000,08/19/2021,1040=Nitrate; 3014=E. COLI; 7500=Public Notice; 8000=Revised Total Coliform Rule,3014=E. COLI; 7500=Public Notice; 8000=Revised Total Coliform Rule,,,,https://echo.epa.gov/detailed-facility-report?fid=110049633704,48043,In Violation,GW,VVVVVSSSSSSVV,1040=Nitrate; 3014=E. COLI; 7500=Public Notice; 8000=Revised Total Coliform Rule,0,1,1,0,1,1,1,HM,Hotel/Motel,Monitoring Violation | Monitoring and Reporting | Other Violation,1,10/15/2025,10/15/2025,,,,04/03/2026,,04/03/2026,,2,0,2,,Brewster
EL RANCHITO RESTAURANT,TX0310142,,TX,,Cameron,06,110052881798,N,TNCWS,Transient non-community system,GW,Ground water,100,I,Inactive,P,Private,0,0,No,No,No,No,No,No,0,0,0,0,,,,,,07/01/1989,,07/01/1989,,,,,,,,,https://echo.epa.gov/detailed-facility-report?fid=110052881798,48061,Inactive,GW,             ,,0,0,0,0,0,0,0,RS,Restaurant,,,,,,,,,,,,0,0,,,Cameron
COMSTOCK BORDER PATROL STATION COMPLEX,TX2330070,,TX,,Val Verde,06,110069304684,N,NTNCWS,Non-Transient non-community system,GW,Ground water,140,A,Active,F,Federal government,12,0,No,No,No,No,No,No,4,0,27,5,,,22,46,,06/02/2026,,06/02/2026,,,,"1040=Nitrate; 1041=Nitrite; 2031=Dalapon; 2036=OXAMYL; 2040=Picloram; 2041=Dinoseb; 2043=Aldicarb sulfoxide; 2044=Aldicarb sulfone; 2046=Carbofuran; 2047=Aldicarb; 2105=2,4-D; 2110=2,4,5-TP; 2378=1,2,4-Trichlorobenzene; 2380=cis-1,2-Dichloroethylene; 2931=1,2-DIBROMO-3-CHLOROPROPANE; 2946=ETHYLENE DIBROMIDE; 2955=Xylenes, Total; 2964=DICHLOROMETHANE; 2968=o-Dichlorobenzene; 2969=p-Dichlorobenzene; 2976=Vinyl chloride; 2977=1,1-Dichloroethylene; 2979=trans-1,2-Dichloroethylene; 2980=1,2-Dichloroethane; 2981=1,1,1-Trichloroethane; 2982=Carbon tetrachloride; 2983=1,2-Dichloropropane; 2984=Trichloroethylene; 2985=1,1,2-Trichloroethane; 2987=Tetrachloroethylene; 2989=CHLOROBENZENE; 2990=Benzene; 2991=Toluene; 2992=Ethylbenzene; 2996=Styrene; 5000=Lead and Copper Rule",5000=Lead and Copper Rule,,,2,https://echo.epa.gov/detailed-facility-report?fid=110069304684,48465,No Violation,GW,VVVVVVVVVVVVV,"1040=Nitrate; 1041=Nitrite; 2031=Dalapon; 2036=OXAMYL; 2040=Picloram; 2041=Dinoseb; 2043=Aldicarb sulfoxide; 2044=Aldicarb sulfone; 2046=Carbofuran; 2047=Aldicarb; 2105=2,4-D; 2110=2,4,5-TP; 2378=1,2,4-Trichlorobenzene; 2380=cis-1,2-Dichloroethylene; 2456=Total Haloacetic Acids (HAA5); 2931=1,2-DIBROMO-3-CHLOROPROPANE; 2946=ETHYLENE DIBROMIDE; 2950=TTHM; 2955=Xylenes, Total; 2964=DICHLOROMETHANE; 2968=o-Dichlorobenzene; 2969=p-Dichlorobenzene; 2976=Vinyl chloride; 2977=1,1-Dichloroethylene; 2979=trans-1,2-Dichloroethylene; 2980=1,2-Dichloroethane; 2981=1,1,1-Trichloroethane; 2982=Carbon tetrachloride; 2983=1,2-Dichloropropane; 2984=Trichloroethylene; 2985=1,1,2-Trichloroethane; 2987=Tetrachloroethylene; 2989=CHLOROBENZENE; 2990=Benzene; 2991=Toluene; 2992=Ethylbenzene; 2996=Styrene; 5000=Lead and Copper Rule; 7500=Public Notice",0,0,1,0,0,1,1,ON,Other Non-transient Area,Monitoring and Reporting,1,03/21/2025,03/21/2025,,,,03/21/2025,,03/21/2025,,1,0,1,,Val Verde
LEISURE WORLD MOBILE HOME COMMUNITY,TX1080222,,TX,,Hidalgo,06,110052995835,N,NTNCWS,Non-Transient non-community system,SWP,Surface water purchased,700,A,Active,P,Private,3,0,No,No,No,No,No,No,1,0,1,0,,,1,3,,12/09/2024,,12/09/2024,,,,,,,,,https://echo.epa.gov/detailed-facility-report?fid=110052995835,48215,No Violation,SW,__VVV________,5000=Lead and Copper Rule,0,0,1,0,0,1,1,MH,Mobile Home Park,Monitoring and Reporting,2,01/27/2026,01/27/2026,,,,01/27/2026,,01/27/2026,,2,0,2,,Hidalgo
R M W. W.,TX0360041,,TX,,El Paso,06,110049510604,N,CWS,Community water system,GW,Ground water,26,I,Inactive,P,Private,0,0,No,No,No,No,No,No,0,0,0,0,,,,,,09/01/1981,,09/01/1981,,,,,,,,,https://echo.epa.gov/detailed-facility-report?fid=110049510604,48141,Inactive,GW,             ,,0,0,0,0,0,0,0,,,,,,,,,,,,,,0,0,,,El Paso
LOS BOTINES VAQUERO VILLAGE,TX2400034,,TX,,Webb,06,110052823888,N,TNCWS,Transient non-community system,GW,Ground water,25,A,Active,P,Private,0,0,No,No,No,No,No,No,0,0,0,0,,,,,,12/06/2016,,12/06/2016,,,,,,,,,https://echo.epa.gov/detailed-facility-report?fid=110052823888,48479,No Violation,GW,_____________,,0,0,0,0,0,0,1,PA,Recreation Area,,2,11/07/2025,11/07/2025,,,,11/07/2025,,11/07/2025,,3,0,3,,Webb
VALLEY BAPTIST MEDICAL CENTER,TX0310151,,TX,,Cameron,06,110052881903,N,TNCWS,Transient non-community system,SWP,Surface water purchased,0,N,Changed from public to non-public,P,Private,0,0,No,No,No,No,No,No,0,0,0,0,,,,,,12/06/2012,,12/06/2012,,,,,,,,,https://echo.epa.gov/detailed-facility-report?fid=110052881903,48061,Inactive,SW,             ,,0,0,0,0,0,0,1,MF,Medical Facility,,,,,,,,03/26/2018,,03/26/2018,,0,0,,,Cameron
MAGIC VALLEY TRAILER PARK,TX1080232,,TX,,Hidalgo,06,110052917741,N,NTNCWS,Non-Transient non-community system,GW,Ground water,175,I,Inactive,P,Private,0,0,No,No,No,No,No,No,0,0,0,0,,,,,,,,,,,,,,,,,https://echo.epa.gov/detailed-facility-report?fid=110052917741,48215,Inactive,GW,             ,,0,0,0,0,0,0,0,MH,Mobile Home Park,,,,,,,,,,,,0,0,,,Hidalgo
W SILVER,TX0710096,,TX,,El Paso,06,110049722047,N,NTNCWS,Non-Transient non-community system,GW,Ground water,150,A,Active,P,Private,0,0,No,No,No,No,No,No,0,0,0,0,,,,,,02/15/2018,01/25/1994,02/15/2018,03/25/1999,03/25/1999,,,,,,,https://echo.epa.gov/detailed-facility-report?fid=110049722047,48141,No Violation,GW,_____________,,0,0,0,0,0,0,1,IA,Industrial/Agricultural,,1,01/07/2025,01/07/2025,,,,01/07/2025,,01/07/2025,,1,0,1,,El Paso
TIERRA DEL LAGO,TX2330013,,TX,,Val Verde,06,110013208411,N,CWS,Community water system,GW,Ground water,81,A,Active,L,Local government,3,0,No,No,No,No,No,No,1,0,1,0,,,1,2,1,12/31/2025,03/30/2000,12/31/2025,10/27/2021,05/03/2000,10/27/2021,7000=Consumer Confidence Rule,7000=Consumer Confidence Rule,,,,https://echo.epa.gov/detailed-facility-report?fid=110013208411,48465,No Violation,GW,_________VVV_,7000=Consumer Confidence Rule,0,1,1,0,0,1,1,RA,Residential Area,Other Violation,2,01/29/2025,01/29/2025,,,,01/29/2025,,01/29/2025,,2,0,2,,Val Verde
SEGURO WATER,TX2330051,,TX,,Val Verde,06,110013208457,N,CWS,Community water system,GW,Ground water,0,A,Active,P,Private,0,0,No,No,No,No,No,No,0,0,0,0,,,,,,09/21/2020,07/09/1992,09/21/2020,09/15/1992,09/15/1992,,,,,,,https://echo.epa.gov/detailed-facility-report?fid=110013208457,48465,No Violation,GW,_____________,,0,0,0,0,0,0,1,WH,Wholesaler of Water,,2,07/31/2025,07/31/2025,,,,07/31/2025,,07/31/2025,,2,0,2,,Val Verde
ROUGH CANYON,TX2330033,,TX,,Val Verde,06,110049497816,N,TNCWS,Transient non-community system,GW,Ground water,40,A,Active,F,Federal government,8,0,No,No,No,No,No,No,2,0,13,0,,,13,31,,03/31/2026,,03/31/2026,07/25/2018,,07/25/2018,8000=Revised Total Coliform Rule,8000=Revised Total Coliform Rule,,,,https://echo.epa.gov/detailed-facility-report?fid=110049497816,48465,No Violation,GW,V_VVVVV___VV_,7500=Public Notice; 8000=Revised Total Coliform Rule,0,0,1,0,0,1,1,OT,Other Transient Area,Monitoring Violation | Other Violation,1,01/11/2023,01/11/2023,,,,01/11/2023,,01/11/2023,,1,0,1,,Val Verde
BUZZARD ROOST RV BARN CAMPGROUND,TX2330052,,TX,,Val Verde,06,110049498806,N,TNCWS,Transient non-community system,GW,Ground water,98,A,Active,P,Private,0,0,No,No,No,No,No,No,0,0,0,0,,,,,,01/01/2004,,01/01/2004,,,,,,,,,https://echo.epa.gov/detailed-facility-report?fid=110049498806,48465,No Violation,GW,_____________,,0,0,0,0,0,0,1,OT,Other Transient Area,,1,07/30/2024,07/30/2024,,,,07/30/2024,,07/30/2024,,1,0,1,,Val Verde
EAST MONTANA WATER SYSTEM,TX0710178,,TX,,El Paso,06,110013277943,N,CWS,Community water system,SWP,Surface water purchased,11480,A,Active,L,Local government,5,0,No,No,Yes,No,No,No,3,1,3,1,,,2,5,,03/26/2026,03/16/2001,03/26/2026,,,,0999=Chlorine; 5200=LEAD AND COPPER RULE REVISIONS,5200=LEAD AND COPPER RULE REVISIONS,,,,https://echo.epa.gov/detailed-facility-report?fid=110013277943,48141,In Violation,SW,_____V___VVVV,0999=Chlorine; 5200=LEAD AND COPPER RULE REVISIONS; 7500=Public Notice,0,0,1,0,1,1,1,RA,Residential Area,Monitoring and Reporting | Other Violation | Reporting Violation,2,12/15/2025,12/15/2025,,,,12/15/2025,,12/15/2025,,2,0,2,,El Paso
MONTANA LAND ESTATES,TX0710115,,TX,,El Paso,06,110049487417,N,CWS,Community water system,GW,Ground water,210,I,Inactive,P,Private,0,0,No,No,No,No,No,No,0,0,0,0,,,,,,,,,,,,,,,,,https://echo.epa.gov/detailed-facility-report?fid=110049487417,48141,Inactive,GW,             ,,0,0,0,0,0,0,0,RA,Residential Area,,,,,,,,,,,,0,0,,,El Paso
THE LANDINGS AT LAUGHLIN,TX2330068,,TX,,Val Verde,06,110048933810,N,CWS,Community water system,SWP,Surface water purchased,1200,N,Changed from public to non-public,P,Private,0,0,No,No,No,No,No,No,0,0,0,0,,,,,,05/01/2015,,05/01/2015,,,,,,,,,https://echo.epa.gov/detailed-facility-report?fid=110048933810,48465,Inactive,SW,             ,,0,0,0,0,0,0,1,RA,Residential Area,,,,,,,,06/21/2017,,06/21/2017,,0,0,,,Val Verde
CITY OF SANTA ROSA,TX0310009,,TX,,Cameron,06,110047517556,N,CWS,Community water system,SW,Surface water,2883,A,Active,L,Local government,12,4,No,Yes,Yes,Yes,Yes,Yes,5,3,39,12,6,,27,38,1,05/12/2026,,05/12/2026,06/17/2026,06/17/2026,09/22/2014,2950=TTHM; 5200=LEAD AND COPPER RULE REVISIONS; 7000=Consumer Confidence Rule; 7500=Public Notice,2950=TTHM; 5200=LEAD AND COPPER RULE REVISIONS; 7000=Consumer Confidence Rule; 7500=Public Notice,,,1,https://echo.epa.gov/detailed-facility-report?fid=110047517556,48061,In Violation,SW,VVVVVVVSSSSVV,2950=TTHM; 5000=Lead and Copper Rule; 5200=LEAD AND COPPER RULE REVISIONS; 7000=Consumer Confidence Rule; 7500=Public Notice,0,1,1,0,1,1,1,RA,Residential Area,Maximum Contaminant Level Violation | Monitoring and Reporting | Other Violation | Reporting Violation | Treatment Technique Violation,2,01/26/2024,01/26/2024,,,,01/26/2024,,01/26/2024,,2,0,2,,Cameron
LEE LIMAS MOBILE HOME PARK,TX0710158,,TX,,El Paso,06,110013277916,N,CWS,Community water system,GW,Ground water,39,A,Active,P,Private,12,12,Yes,Yes,Yes,Yes,Yes,Yes,13,4,221,210,24,,11,324,1,06/02/2026,03/30/2000,06/02/2026,06/23/2021,06/23/2021,03/14/2014,"0999=Chlorine; 1005=Arsenic; 1010=Barium; 1015=Cadmium; 1020=Chromium; 1024=CYANIDE; 1025=Fluoride; 1035=Mercury; 1040=Nitrate; 1041=Nitrite; 1045=Selenium; 1074=Antimony, Total; 1075=Beryllium, Total; 1085=Thallium, Total; 2005=Endrin; 2010=BHC-GAMMA; 2015=Methoxychlor; 2020=Toxaphene; 2031=Dalapon; 2035=Di(2-ethylhexyl) adipate; 2036=OXAMYL; 2037=Simazine; 2039=Di(2-ethylhexyl) phthalate; 2040=Picloram; 2041=Dinoseb; 2042=Hexachlorocyclopentadiene; 2043=Aldicarb sulfoxide; 2044=Aldicarb sulfone; 2046=Carbofuran; 2047=Aldicarb; 2050=Atrazine; 2051=LASSO; 2065=Heptachlor; 2067=Heptachlor epoxide; 2105=2,4-D; 2110=2,4,5-TP; 2274=HEXACHLOROBENZENE; 2306=Benzo(a)pyrene; 2326=Pentachlorophenol; 2378=1,2,4-Trichlorobenzene; 2380=cis-1,2-Dichloroethylene; 2456=Total Haloacetic Acids (HAA5); 2931=1,2-DIBROMO-3-CHLOROPROPANE; 2946=ETHYLENE DIBROMIDE; 2950=TTHM; 2955=Xylenes, Total; 2959=Chlordane; 2964=DICHLOROMETHANE; 2968=o-Dichlorobenzene; 2969=p-Dichlorobenzene; 2976=Vinyl chloride; 2977=1,1-Dichloroethylene; 2979=trans-1,2-Dichloroethylene; 2980=1,2-Dichloroethane; 2981=1,1,1-Trichloroethane; 2982=Carbon tetrachloride; 2983=1,2-Dichloropropane; 2984=Trichloroethylene; 2985=1,1,2-Trichloroethane; 2987=Tetrachloroethylene; 2989=CHLOROBENZENE; 2990=Benzene; 2991=Toluene; 2992=Ethylbenzene; 2996=Styrene; 4000=Gross Alpha, Excl. Radon and U; 4006=Combined Uranium; 4010=Combined Radium (-226 and -228); 5000=Lead and Copper Rule; 5200=LEAD AND COPPER RULE REVISIONS; 7000=Consumer Confidence Rule; 7500=Public Notice; 8000=Revised Total Coliform Rule",5000=Lead and Copper Rule; 5200=LEAD AND COPPER RULE REVISIONS; 7000=Consumer Confidence Rule; 7500=Public Notice; 8000=Revised Total Coliform Rule,,,1,https://echo.epa.gov/detailed-facility-report?fid=110013277916,48141,Enforcement Priority,GW,SSSSSSSSSSSSV,"0999=Chlorine; 1005=Arsenic; 1010=Barium; 1015=Cadmium; 1020=Chromium; 1024=CYANIDE; 1025=Fluoride; 1035=Mercury; 1040=Nitrate; 1041=Nitrite; 1045=Selenium; 1074=Antimony, Total; 1075=Beryllium, Total; 1085=Thallium, Total; 2005=Endrin; 2010=BHC-GAMMA; 2015=Methoxychlor; 2020=Toxaphene; 2031=Dalapon; 2035=Di(2-ethylhexyl) adipate; 2036=OXAMYL; 2037=Simazine; 2039=Di(2-ethylhexyl) phthalate; 2040=Picloram; 2041=Dinoseb; 2042=Hexachlorocyclopentadiene; 2043=Aldicarb sulfoxide; 2044=Aldicarb sulfone; 2046=Carbofuran; 2047=Aldicarb; 2050=Atrazine; 2051=LASSO; 2065=Heptachlor; 2067=Heptachlor epoxide; 2105=2,4-D; 2110=2,4,5-TP; 2274=HEXACHLOROBENZENE; 2306=Benzo(a)pyrene; 2326=Pentachlorophenol; 2378=1,2,4-Trichlorobenzene; 2380=cis-1,2-Dichloroethylene; 2456=Total Haloacetic Acids (HAA5); 2931=1,2-DIBROMO-3-CHLOROPROPANE; 2946=ETHYLENE DIBROMIDE; 2950=TTHM; 2955=Xylenes, Total; 2959=Chlordane; 2964=DICHLOROMETHANE; 2968=o-Dichlorobenzene; 2969=p-Dichlorobenzene; 2976=Vinyl chloride; 2977=1,1-Dichloroethylene; 2979=trans-1,2-Dichloroethylene; 2980=1,2-Dichloroethane; 2981=1,1,1-Trichloroethane; 2982=Carbon tetrachloride; 2983=1,2-Dichloropropane; 2984=Trichloroethylene; 2985=1,1,2-Trichloroethane; 2987=Tetrachloroethylene; 2989=CHLOROBENZENE; 2990=Benzene; 2991=Toluene; 2992=Ethylbenzene; 2996=Styrene; 4000=Gross Alpha, Excl. Radon and U; 4006=Combined Uranium; 4010=Combined Radium (-226 and -228); 5000=Lead and Copper Rule; 5200=LEAD AND COPPER RULE REVISIONS; 7000=Consumer Confidence Rule; 7500=Public Notice; 8000=Revised Total Coliform Rule",0,1,1,1,1,1,1,MH,Mobile Home Park,Monitoring Violation | Monitoring and Reporting | Other Violation | Reporting Violation | Treatment Technique Violation,1,09/25/2023,09/25/2023,,,,09/25/2023,,09/25/2023,,1,0,1,,El Paso
TERLINGUA GHOST TOWN,TX0220031,,TX,,Brewster,06,110049633688,N,CWS,Community water system,GW,Ground water,45,N,Changed from public to non-public,P,Private,0,0,No,No,No,No,No,No,0,0,0,0,,,,,,03/30/2000,03/30/2000,11/08/1991,05/03/2000,05/03/2000,04/04/2000,,,,,,https://echo.epa.gov/detailed-facility-report?fid=110049633688,48043,Inactive,GW,             ,,0,0,0,0,0,0,0,PA,Recreation Area,,,,,,,,,,09/27/2000,,0,0,,,Brewster
GLASS FILM COMPANY,TX1080154,,TX,,Hidalgo,06,110052948236,N,TNCWS,Transient non-community system,SWP,Surface water purchased,40,I,Inactive,P,Private,0,0,No,No,No,No,No,No,0,0,0,0,,,,,,01/01/1987,,01/01/1987,,,,,,,,,https://echo.epa.gov/detailed-facility-report?fid=110052948236,48215,Inactive,SW,             ,,0,0,0,0,0,0,0,OT,Other Transient Area,,,,,,,,,,,,0,0,,,Hidalgo
CANDELARIA WSC,TX1890011,,TX,,Presidio,06,110012905605,N,CWS,Community water system,GW,Ground water,138,A,Active,L,Local government,12,12,Yes,Yes,Yes,Yes,Yes,Yes,7,3,214,120,80,14,80,334,,06/10/2026,10/04/2001,06/10/2026,03/05/2015,02/14/2013,03/05/2015,0999=Chlorine; 1005=Arsenic; 5000=Lead and Copper Rule; 5200=LEAD AND COPPER RULE REVISIONS; 7500=Public Notice; 8000=Revised Total Coliform Rule,1005=Arsenic; 5000=Lead and Copper Rule; 5200=LEAD AND COPPER RULE REVISIONS; 7500=Public Notice; 8000=Revised Total Coliform Rule,,,1,https://echo.epa.gov/detailed-facility-report?fid=110012905605,48377,Enforcement Priority,GW,SSSSSSSSSSSSV,0999=Chlorine; 1005=Arsenic; 5000=Lead and Copper Rule; 5200=LEAD AND COPPER RULE REVISIONS; 7000=Consumer Confidence Rule; 7500=Public Notice; 8000=Revised Total Coliform Rule,0,0,1,1,1,1,1,RA,Residential Area,Maximum Contaminant Level Violation | Monitoring Violation | Monitoring and Reporting | Other Violation | Reporting Violation | Treatment Technique Violation,2,10/21/2024,10/21/2024,,,,10/21/2024,,10/21/2024,,2,0,2,6,Presidio
MESQUITE TRANQUILITY RV PARK,TX0220042,,TX,,Brewster,06,110070772429,N,TNCWS,Transient non-community system,GW,Ground water,0,N,Changed from public to non-public,P,Private,0,0,No,No,No,No,No,No,0,0,0,0,,,,,,11/22/2019,,11/22/2019,03/12/2019,03/12/2019,,,,,,,https://echo.epa.gov/detailed-facility-report?fid=110070772429,48043,Inactive,GW,             ,,0,0,0,0,0,0,1,OT,Other Transient Area,,,,,,,,10/24/2018,,10/24/2018,,0,0,,,Brewster
ENGELMAN ESTATES,TX1080178,,TX,,Hidalgo,06,110048734125,N,CWS,Community water system,GW,Ground water,10,I,Inactive,P,Private,0,0,No,No,No,No,No,No,0,0,0,0,,,,,,09/30/1987,,09/30/1987,04/16/1987,,04/16/1987,,,,,,https://echo.epa.gov/detailed-facility-report?fid=110048734125,48215,Inactive,GW,             ,,0,0,0,0,0,0,0,RA,Residential Area,,,,,,,,,,,,0,0,,,Hidalgo
ORYX ENERGY COMPANY,TX2140022,,TX,,Starr,06,110052933251,N,NTNCWS,Non-Transient non-community system,GW,Ground water,40,I,Inactive,P,Private,0,0,No,No,No,No,No,No,0,0,0,0,,,,,,04/20/1990,,04/20/1990,,,,,,,,,https://echo.epa.gov/detailed-facility-report?fid=110052933251,48427,Inactive,GW,             ,,0,0,0,0,0,0,0,IA,Industrial/Agricultural,,,,,,,,,,,,0,0,,,Starr
MALAPAI RESOURCES COMPANY,TX2400019,,TX,,Webb,06,110052946586,N,NTNCWS,Non-Transient non-community system,GW,Ground water,27,I,Inactive,P,Private,0,0,No,No,No,No,No,No,0,0,0,0,,,,,,08/01/1983,,08/01/1983,,,,,,,,,https://echo.epa.gov/detailed-facility-report?fid=110052946586,48479,Inactive,GW,             ,,0,0,0,0,0,0,0,,,,,,,,,,,,,,0,0,,,Webb
LAKE SIDE TRAILER PARK,TX2530011,,TX,,Zapata,06,110052987452,N,TNCWS,Transient non-community system,SWP,Surface water purchased,40,I,Inactive,P,Private,0,0,No,No,No,No,No,No,0,0,0,0,,,,,,,,,,,,,,,,,https://echo.epa.gov/detailed-facility-report?fid=110052987452,48505,Inactive,SW,             ,,0,0,0,0,0,0,0,,,,,,,,,,,,,,0,0,,,Zapata
CUMMINS SOUTHWEST INC,TX0710164,,TX,,El Paso,06,110052962610,N,NTNCWS,Non-Transient non-community system,GW,Ground water,30,I,Inactive,P,Private,0,0,No,No,No,No,No,No,0,0,0,0,,,,,,,,,,,,,,,,,https://echo.epa.gov/detailed-facility-report?fid=110052962610,48141,Inactive,GW,             ,,0,0,0,0,0,0,0,IA,Industrial/Agricultural,,,,,,,,,,,,0,0,,,El Paso
FORT CLARK SPRINGS MUD,TX1360003,,TX,,Kinney,06,110013233447,N,CWS,Community water system,GW,Ground water,1200,A,Active,L,Local government,3,0,No,No,No,No,No,No,2,0,2,0,,,2,1,,12/31/2025,11/24/1992,12/31/2025,,,,5200=LEAD AND COPPER RULE REVISIONS; 7000=Consumer Confidence Rule,5200=LEAD AND COPPER RULE REVISIONS; 7000=Consumer Confidence Rule,,,,https://echo.epa.gov/detailed-facility-report?fid=110013233447,48271,No Violation,GW,_________VVV_,5200=LEAD AND COPPER RULE REVISIONS; 7000=Consumer Confidence Rule,0,0,1,0,0,1,1,RA,Residential Area,Other Violation | Reporting Violation,2,04/30/2026,04/30/2026,,,,04/30/2026,,04/30/2026,,2,0,2,,Kinney
MUNIZ SUBDIVISION,TX1080212,,TX,,Hidalgo,06,110048938227,N,CWS,Community water system,GW,Ground water,200,I,Inactive,P,Private,0,0,No,No,No,No,No,No,0,0,0,0,,,,,,10/20/1991,07/19/1991,10/20/1991,01/30/1990,,01/30/1990,,,,,,https://echo.epa.gov/detailed-facility-report?fid=110048938227,48215,Inactive,GW,             ,,0,0,0,0,0,0,0,RA,Residential Area,,,,,,,,,,,,0,0,,,Hidalgo
LAKE RIDGE WATER SYSTEM,TX2330029,,TX,,Val Verde,06,110012897605,N,CWS,Community water system,GW,Ground water,1300,A,Active,P,Private,10,0,No,No,No,No,No,No,2,0,1,0,,,1,2,,08/14/2025,,08/14/2025,10/10/2005,,10/10/2005,,,,,,https://echo.epa.gov/detailed-facility-report?fid=110012897605,48465,No Violation,GW,VVVVVVVVVV___,5000=Lead and Copper Rule; 7500=Public Notice,0,0,1,0,0,1,1,RA,Residential Area,Monitoring and Reporting | Other Violation,2,09/23/2025,09/23/2025,,,,09/23/2025,,09/23/2025,,2,0,2,,Val Verde
EL RANCHO ESCONDIDO,TX0710134,,TX,,El Paso,06,110049881446,N,TNCWS,Transient non-community system,GW,Ground water,200,I,Inactive,P,Private,0,0,No,No,No,No,No,No,0,0,0,0,,,,,,07/01/1989,,07/01/1989,,,,,,,,,https://echo.epa.gov/detailed-facility-report?fid=110049881446,48141,Inactive,GW,             ,,0,0,0,0,0,0,0,RS,Restaurant,,,,,,,,,,,,0,0,,,El Paso
QUAIL RUN MOBILE HOME PARK,TX0710102,,TX,,El Paso,06,110013277863,N,CWS,Community water system,GW,Ground water,45,A,Active,P,Private,12,8,No,No,No,No,No,No,7,0,34,0,,,34,57,,03/03/2026,03/30/2000,03/03/2026,03/09/2021,05/03/2000,03/09/2021,"1024=CYANIDE; 1040=Nitrate; 2005=Endrin; 2010=BHC-GAMMA; 2015=Methoxychlor; 2020=Toxaphene; 2035=Di(2-ethylhexyl) adipate; 2037=Simazine; 2039=Di(2-ethylhexyl) phthalate; 2042=Hexachlorocyclopentadiene; 2050=Atrazine; 2051=LASSO; 2065=Heptachlor; 2067=Heptachlor epoxide; 2274=HEXACHLOROBENZENE; 2306=Benzo(a)pyrene; 2326=Pentachlorophenol; 2378=1,2,4-Trichlorobenzene; 2380=cis-1,2-Dichloroethylene; 2955=Xylenes, Total; 2959=Chlordane; 2964=DICHLOROMETHANE; 2968=o-Dichlorobenzene; 2969=p-Dichlorobenzene; 2976=Vinyl chloride; 2977=1,1-Dichloroethylene; 2979=trans-1,2-Dichloroethylene; 2980=1,2-Dichloroethane; 2981=1,1,1-Trichloroethane; 2982=Carbon tetrachloride; 2983=1,2-Dichloropropane; 2984=Trichloroethylene; 2985=1,1,2-Trichloroethane; 2987=Tetrachloroethylene; 2989=CHLOROBENZENE; 2990=Benzene; 2991=Toluene; 2992=Ethylbenzene; 2996=Styrene; 5200=LEAD AND COPPER RULE REVISIONS; 7500=Public Notice",5200=LEAD AND COPPER RULE REVISIONS; 7500=Public Notice,,,1,https://echo.epa.gov/detailed-facility-report?fid=110013277863,48141,No Violation,GW,VVVSSSSSSSSV_,"1024=CYANIDE; 1040=Nitrate; 2005=Endrin; 2010=BHC-GAMMA; 2015=Methoxychlor; 2020=Toxaphene; 2035=Di(2-ethylhexyl) adipate; 2037=Simazine; 2039=Di(2-ethylhexyl) phthalate; 2042=Hexachlorocyclopentadiene; 2050=Atrazine; 2051=LASSO; 2065=Heptachlor; 2067=Heptachlor epoxide; 2274=HEXACHLOROBENZENE; 2306=Benzo(a)pyrene; 2326=Pentachlorophenol; 2378=1,2,4-Trichlorobenzene; 2380=cis-1,2-Dichloroethylene; 2456=Total Haloacetic Acids (HAA5); 2950=TTHM; 2955=Xylenes, Total; 2959=Chlordane; 2964=DICHLOROMETHANE; 2968=o-Dichlorobenzene; 2969=p-Dichlorobenzene; 2976=Vinyl chloride; 2977=1,1-Dichloroethylene; 2979=trans-1,2-Dichloroethylene; 2980=1,2-Dichloroethane; 2981=1,1,1-Trichloroethane; 2982=Carbon tetrachloride; 2983=1,2-Dichloropropane; 2984=Trichloroethylene; 2985=1,1,2-Trichloroethane; 2987=Tetrachloroethylene; 2989=CHLOROBENZENE; 2990=Benzene; 2991=Toluene; 2992=Ethylbenzene; 2996=Styrene; 5000=Lead and Copper Rule; 5200=LEAD AND COPPER RULE REVISIONS; 7500=Public Notice; 8000=Revised Total Coliform Rule",0,0,1,0,0,1,1,MH,Mobile Home Park,Monitoring and Reporting | Other Violation | Reporting Violation | Treatment Technique Violation,1,10/03/2023,10/03/2023,,,,10/03/2023,,10/03/2023,,1,0,1,,El Paso
CITY OF SAN JUAN,TX1080010,,TX,,Hidalgo,06,110002064550,N,CWS,Community water system,SW,Surface water,30000,A,Active,L,Local government,4,0,No,No,No,No,No,No,1,0,1,0,,,1,1,,03/26/2026,,03/26/2026,,,,5200=LEAD AND COPPER RULE REVISIONS,5200=LEAD AND COPPER RULE REVISIONS,,,,https://echo.epa.gov/detailed-facility-report?fid=110002064550,48215,No Violation,SW,_________VVVV,5200=LEAD AND COPPER RULE REVISIONS,0,0,1,0,0,1,1,RA,Residential Area,Reporting Violation,2,10/30/2025,10/30/2025,,,,10/30/2025,,10/30/2025,,3,0,3,,Hidalgo
DEVILS SHORES WSC,TX2330021,,TX,,Val Verde,06,110013208420,N,CWS,Community water system,GW,Ground water,97,A,Active,L,Local government,12,0,No,No,No,No,No,No,3,0,5,0,,,5,11,,03/06/2026,07/16/1992,03/06/2026,06/16/1994,06/16/1994,,5000=Lead and Copper Rule; 7500=Public Notice,5000=Lead and Copper Rule; 7500=Public Notice,,,,https://echo.epa.gov/detailed-facility-report?fid=110013208420,48465,No Violation,GW,VVVVVVVVVVVV_,5000=Lead and Copper Rule; 7000=Consumer Confidence Rule; 7500=Public Notice,0,0,1,0,0,1,1,RA,Residential Area,Monitoring and Reporting | Other Violation,1,07/19/2023,07/19/2023,,,,07/19/2023,,07/19/2023,,1,0,1,,Val Verde
SHAFTER MINE,TX1890018,,TX,,Presidio,06,110053001461,N,CWS,Community water system,GW,Ground water,32,A,Active,P,Private,12,11,Yes,Yes,Yes,Yes,Yes,Yes,13,4,104,75,,,29,245,,06/11/2026,,06/11/2026,,,,"0999=Chlorine; 1005=Arsenic; 1010=Barium; 1015=Cadmium; 1020=Chromium; 1024=CYANIDE; 1025=Fluoride; 1035=Mercury; 1040=Nitrate; 1045=Selenium; 1074=Antimony, Total; 1075=Beryllium, Total; 1085=Thallium, Total; 2005=Endrin; 2010=BHC-GAMMA; 2015=Methoxychlor; 2020=Toxaphene; 2031=Dalapon; 2035=Di(2-ethylhexyl) adipate; 2036=OXAMYL; 2037=Simazine; 2039=Di(2-ethylhexyl) phthalate; 2040=Picloram; 2041=Dinoseb; 2042=Hexachlorocyclopentadiene; 2043=Aldicarb sulfoxide; 2044=Aldicarb sulfone; 2046=Carbofuran; 2047=Aldicarb; 2050=Atrazine; 2051=LASSO; 2065=Heptachlor; 2067=Heptachlor epoxide; 2105=2,4-D; 2110=2,4,5-TP; 2274=HEXACHLOROBENZENE; 2306=Benzo(a)pyrene; 2326=Pentachlorophenol; 2378=1,2,4-Trichlorobenzene; 2380=cis-1,2-Dichloroethylene; 2456=Total Haloacetic Acids (HAA5); 2931=1,2-DIBROMO-3-CHLOROPROPANE; 2946=ETHYLENE DIBROMIDE; 2950=TTHM; 2955=Xylenes, Total; 2959=Chlordane; 2964=DICHLOROMETHANE; 2968=o-Dichlorobenzene; 2969=p-Dichlorobenzene; 2976=Vinyl chloride; 2977=1,1-Dichloroethylene; 2979=trans-1,2-Dichloroethylene; 2980=1,2-Dichloroethane; 2981=1,1,1-Trichloroethane; 2982=Carbon tetrachloride; 2983=1,2-Dichloropropane; 2984=Trichloroethylene; 2985=1,1,2-Trichloroethane; 2987=Tetrachloroethylene; 2989=CHLOROBENZENE; 2990=Benzene; 2991=Toluene; 2992=Ethylbenzene; 2996=Styrene; 4000=Gross Alpha, Excl. Radon and U; 4006=Combined Uranium; 4010=Combined Radium (-226 and -228); 5000=Lead and Copper Rule; 5200=LEAD AND COPPER RULE REVISIONS; 7000=Consumer Confidence Rule; 7500=Public Notice; 8000=Revised Total Coliform Rule",5000=Lead and Copper Rule; 5200=LEAD AND COPPER RULE REVISIONS; 7000=Consumer Confidence Rule; 7500=Public Notice; 8000=Revised Total Coliform Rule,,,1,https://echo.epa.gov/detailed-facility-report?fid=110053001461,48377,Enforcement Priority,GW,VSSSSSSSSSSSV,"0999=Chlorine; 1005=Arsenic; 1010=Barium; 1015=Cadmium; 1020=Chromium; 1024=CYANIDE; 1025=Fluoride; 1035=Mercury; 1040=Nitrate; 1045=Selenium; 1074=Antimony, Total; 1075=Beryllium, Total; 1085=Thallium, Total; 2005=Endrin; 2010=BHC-GAMMA; 2015=Methoxychlor; 2020=Toxaphene; 2031=Dalapon; 2035=Di(2-ethylhexyl) adipate; 2036=OXAMYL; 2037=Simazine; 2039=Di(2-ethylhexyl) phthalate; 2040=Picloram; 2041=Dinoseb; 2042=Hexachlorocyclopentadiene; 2043=Aldicarb sulfoxide; 2044=Aldicarb sulfone; 2046=Carbofuran; 2047=Aldicarb; 2050=Atrazine; 2051=LASSO; 2065=Heptachlor; 2067=Heptachlor epoxide; 2105=2,4-D; 2110=2,4,5-TP; 2274=HEXACHLOROBENZENE; 2306=Benzo(a)pyrene; 2326=Pentachlorophenol; 2378=1,2,4-Trichlorobenzene; 2380=cis-1,2-Dichloroethylene; 2456=Total Haloacetic Acids (HAA5); 2931=1,2-DIBROMO-3-CHLOROPROPANE; 2946=ETHYLENE DIBROMIDE; 2950=TTHM; 2955=Xylenes, Total; 2959=Chlordane; 2964=DICHLOROMETHANE; 2968=o-Dichlorobenzene; 2969=p-Dichlorobenzene; 2976=Vinyl chloride; 2977=1,1-Dichloroethylene; 2979=trans-1,2-Dichloroethylene; 2980=1,2-Dichloroethane; 2981=1,1,1-Trichloroethane; 2982=Carbon tetrachloride; 2983=1,2-Dichloropropane; 2984=Trichloroethylene; 2985=1,1,2-Trichloroethane; 2987=Tetrachloroethylene; 2989=CHLOROBENZENE; 2990=Benzene; 2991=Toluene; 2992=Ethylbenzene; 2996=Styrene; 4000=Gross Alpha, Excl. Radon and U; 4006=Combined Uranium; 4010=Combined Radium (-226 and -228); 5000=Lead and Copper Rule; 5200=LEAD AND COPPER RULE REVISIONS; 7000=Consumer Confidence Rule; 7500=Public Notice; 8000=Revised Total Coliform Rule",0,0,1,1,1,1,1,RA,Residential Area,Monitoring Violation | Monitoring and Reporting | Other Violation | Reporting Violation | Treatment Technique Violation,2,01/24/2024,01/24/2024,2,2,2,01/24/2024,,01/24/2024,,2,0,2,,Presidio
EASTER EGG VALLEY MOTEL,TX0220030,,TX,,Brewster,06,110049633633,N,TNCWS,Transient non-community system,GU,Groundwater under influence of surface water,25,I,Inactive,P,Private,0,0,No,No,No,No,No,No,0,0,0,0,,,,,,,,,,,,,,,,,https://echo.epa.gov/detailed-facility-report?fid=110049633633,48043,Inactive,SW,             ,,0,0,0,0,0,0,0,HM,Hotel/Motel,,,,,,,,,,,,0,0,,,Brewster
AMERICAN CAMP GROUND,TX2330023,,TX,,Val Verde,06,110048954208,N,CWS,Community water system,GW,Ground water,381,A,Active,P,Private,6,0,No,No,No,No,No,No,3,0,4,0,,,4,4,,03/26/2026,,03/26/2026,02/14/2018,,02/14/2018,5200=LEAD AND COPPER RULE REVISIONS; 7000=Consumer Confidence Rule,5200=LEAD AND COPPER RULE REVISIONS; 7000=Consumer Confidence Rule,,,,https://echo.epa.gov/detailed-facility-report?fid=110048954208,48465,No Violation,GW,______VV_VVVV,5000=Lead and Copper Rule; 5200=LEAD AND COPPER RULE REVISIONS; 7000=Consumer Confidence Rule,0,0,1,0,0,1,1,PA,Recreation Area,Monitoring and Reporting | Other Violation | Reporting Violation,2,10/15/2025,10/15/2025,,,,10/15/2025,,10/15/2025,,2,0,2,,Val Verde
