site_id,label,characteristic,value,unit,date,org
USGS-08475000,Nitrate,Nitrate,0.044,mg/l as N,2021-09-08,USGS Texas Water Science Center
USGS-08475000,Nitrate,Nitrate,0.194,mg/l asNO3,2021-09-08,USGS Texas Water Science Center
USGS-08475000,Total dissolved solids,Total dissolved solids,1040.0,mg/l,2021-09-08,USGS Texas Water Science Center
USGS-08475000,Total dissolved solids,Total dissolved solids,115.0,tons/day,2021-09-08,USGS Texas Water Science Center
USGS-08475000,Total dissolved solids,Total dissolved solids,1.41,tons/ac ft,2021-09-08,USGS Texas Water Science Center
USGS-08475000,Nitrate,Nitrate,1.23,mg/l as N,2021-02-09,USGS Texas Water Science Center
USGS-08475000,Nitrate,Inorganic nitrogen (nitrate and nitrite),1.26,mg/l as N,2021-02-09,USGS Texas Water Science Center
USGS-08475000,Total dissolved solids,Total dissolved solids,440.0,tons/day,2021-02-09,USGS Texas Water Science Center
USGS-08475000,Total dissolved solids,Total dissolved solids,1020.0,mg/l,2021-02-09,USGS Texas Water Science Center
USGS-08475000,Total dissolved solids,Total dissolved solids,1010.0,mg/l,2021-02-09,USGS Texas Water Science Center
USGS-08475000,Total dissolved solids,Total dissolved solids,1.39,tons/ac ft,2021-02-09,USGS Texas Water Science Center
USGS-08475000,Nitrate,Nitrate,5.46,mg/l asNO3,2021-02-09,USGS Texas Water Science Center
USGS-08364000,Nitrate,Nitrate,0.801,mg/l as N,2021-05-14,USGS New Mexico Water Science Center
USGS-08364000,Nitrate,Inorganic nitrogen (nitrate and nitrite),0.896,mg/l as N,2021-05-14,USGS New Mexico Water Science Center
USGS-08364000,Total dissolved solids,Total dissolved solids,3600.0,mg/l,2021-05-14,USGS New Mexico Water Science Center
USGS-08364000,Total dissolved solids,Total dissolved solids,3400.0,mg/l,2021-05-14,USGS New Mexico Water Science Center
USGS-08364000,Total dissolved solids,Total dissolved solids,4.9,tons/ac ft,2021-05-14,USGS New Mexico Water Science Center
USGS-08364000,Nitrate,Nitrate,3.55,mg/l asNO3,2021-05-14,USGS New Mexico Water Science Center
USGS-08475000,Nitrate,Nitrate,2.22,mg/l as N,2021-12-07,USGS Texas Water Science Center
USGS-08475000,Nitrate,Inorganic nitrogen (nitrate and nitrite),2.27,mg/l as N,2021-12-07,USGS Texas Water Science Center
USGS-08475000,Total dissolved solids,Total dissolved solids,1130.0,mg/l,2021-12-07,USGS Texas Water Science Center
USGS-08475000,Total dissolved solids,Total dissolved solids,1120.0,mg/l,2021-12-07,USGS Texas Water Science Center
USGS-08475000,Total dissolved solids,Total dissolved solids,722.0,tons/day,2021-12-07,USGS Texas Water Science Center
USGS-08475000,Total dissolved solids,Total dissolved solids,1.54,tons/ac ft,2021-12-07,USGS Texas Water Science Center
USGS-08475000,Nitrate,Nitrate,9.83,mg/l asNO3,2021-12-07,USGS Texas Water Science Center
USGS-08364000,Nitrate,Nitrate,0.836,mg/l as N,2021-04-15,USGS New Mexico Water Science Center
USGS-08364000,Nitrate,Inorganic nitrogen (nitrate and nitrite),0.913,mg/l as N,2021-04-15,USGS New Mexico Water Science Center
USGS-08364000,Nitrate,Nitrate,3.7,mg/l asNO3,2021-04-15,USGS New Mexico Water Science Center
USGS-08364000,Total dissolved solids,Total dissolved solids,2720.0,mg/l,2021-04-15,USGS New Mexico Water Science Center
USGS-08364000,Total dissolved solids,Total dissolved solids,2600.0,mg/l,2021-04-15,USGS New Mexico Water Science Center
USGS-08364000,Total dissolved solids,Total dissolved solids,49.3,tons/day,2021-04-15,USGS New Mexico Water Science Center
USGS-08364000,Total dissolved solids,Total dissolved solids,3.7,tons/ac ft,2021-04-15,USGS New Mexico Water Science Center
USGS-08364000,Nitrate,Nitrate,0.019,mg/l as N,2021-09-09,USGS New Mexico Water Science Center
USGS-08364000,Nitrate,Inorganic nitrogen (nitrate and nitrite),0.046,mg/l as N,2021-09-09,USGS New Mexico Water Science Center
USGS-08364000,Total dissolved solids,Total dissolved solids,1840.0,mg/l,2021-09-09,USGS New Mexico Water Science Center
USGS-08364000,Total dissolved solids,Total dissolved solids,1870.0,mg/l,2021-09-09,USGS New Mexico Water Science Center
USGS-08364000,Total dissolved solids,Total dissolved solids,2.5,tons/ac ft,2021-09-09,USGS New Mexico Water Science Center
USGS-08364000,Nitrate,Nitrate,0.085,mg/l asNO3,2021-09-09,USGS New Mexico Water Science Center
USGS-08364000,Nitrate,Nitrate,0.662,mg/l as N,2021-08-13,USGS New Mexico Water Science Center
USGS-08364000,Nitrate,Inorganic nitrogen (nitrate and nitrite),0.679,mg/l as N,2021-08-13,USGS New Mexico Water Science Center
USGS-08364000,Total dissolved solids,Total dissolved solids,459.0,mg/l,2021-08-13,USGS New Mexico Water Science Center
USGS-08364000,Total dissolved solids,Total dissolved solids,447.0,mg/l,2021-08-13,USGS New Mexico Water Science Center
USGS-08364000,Total dissolved solids,Total dissolved solids,0.62,tons/ac ft,2021-08-13,USGS New Mexico Water Science Center
USGS-08364000,Nitrate,Nitrate,2.93,mg/l asNO3,2021-08-13,USGS New Mexico Water Science Center
USGS-08475000,Nitrate,Nitrate,0.546,mg/l as N,2021-09-21,USGS Texas Water Science Center
USGS-08475000,Nitrate,Inorganic nitrogen (nitrate and nitrite),0.561,mg/l as N,2021-09-21,USGS Texas Water Science Center
USGS-08475000,Total dissolved solids,Total dissolved solids,853.0,mg/l,2021-09-21,USGS Texas Water Science Center
USGS-08475000,Total dissolved solids,Total dissolved solids,842.0,mg/l,2021-09-21,USGS Texas Water Science Center
USGS-08475000,Total dissolved solids,Total dissolved solids,486.0,tons/day,2021-09-21,USGS Texas Water Science Center
USGS-08475000,Total dissolved solids,Total dissolved solids,1.16,tons/ac ft,2021-09-21,USGS Texas Water Science Center
USGS-08475000,Nitrate,Nitrate,2.42,mg/l asNO3,2021-09-21,USGS Texas Water Science Center
USGS-08475000,Nitrate,Nitrate,0.48,mg/l as N,2021-07-13,USGS Texas Water Science Center
USGS-08475000,Nitrate,Inorganic nitrogen (nitrate and nitrite),0.57,mg/l as N,2021-07-13,USGS Texas Water Science Center
USGS-08475000,Total dissolved solids,Total dissolved solids,532.0,mg/l,2021-07-13,USGS Texas Water Science Center
USGS-08475000,Total dissolved solids,Total dissolved solids,546.0,mg/l,2021-07-13,USGS Texas Water Science Center
USGS-08475000,Total dissolved solids,Total dissolved solids,4420.0,tons/day,2021-07-13,USGS Texas Water Science Center
USGS-08475000,Total dissolved solids,Total dissolved solids,0.72,tons/ac ft,2021-07-13,USGS Texas Water Science Center
USGS-08475000,Nitrate,Nitrate,2.13,mg/l asNO3,2021-07-13,USGS Texas Water Science Center
USGS-08364000,Nitrate,Nitrate,0.182,mg/l as N,2021-06-15,USGS New Mexico Water Science Center
USGS-08364000,Nitrate,Inorganic nitrogen (nitrate and nitrite),0.188,mg/l as N,2021-06-15,USGS New Mexico Water Science Center
USGS-08364000,Total dissolved solids,Total dissolved solids,592.0,mg/l,2021-06-15,USGS New Mexico Water Science Center
USGS-08364000,Total dissolved solids,Total dissolved solids,571.0,mg/l,2021-06-15,USGS New Mexico Water Science Center
USGS-08364000,Total dissolved solids,Total dissolved solids,1230.0,tons/day,2021-06-15,USGS New Mexico Water Science Center
USGS-08364000,Total dissolved solids,Total dissolved solids,0.8,tons/ac ft,2021-06-15,USGS New Mexico Water Science Center
USGS-08364000,Nitrate,Nitrate,0.805,mg/l asNO3,2021-06-15,USGS New Mexico Water Science Center
USGS-08364000,Total dissolved solids,Total dissolved solids,385.0,tons/day,2021-07-07,USGS New Mexico Water Science Center
USGS-08364000,Total dissolved solids,Total dissolved solids,589.0,mg/l,2021-07-07,USGS New Mexico Water Science Center
USGS-08364000,Total dissolved solids,Total dissolved solids,585.0,mg/l,2021-07-07,USGS New Mexico Water Science Center
USGS-08364000,Total dissolved solids,Total dissolved solids,0.8,tons/ac ft,2021-07-07,USGS New Mexico Water Science Center
USGS-08475000,Nitrate,Nitrate,1.0,mg/l as N,2021-11-09,USGS Texas Water Science Center
USGS-08475000,Nitrate,Inorganic nitrogen (nitrate and nitrite),1.01,mg/l as N,2021-11-09,USGS Texas Water Science Center
USGS-08475000,Total dissolved solids,Total dissolved solids,1000.0,mg/l,2021-11-09,USGS Texas Water Science Center
USGS-08475000,Total dissolved solids,Total dissolved solids,969.0,mg/l,2021-11-09,USGS Texas Water Science Center
USGS-08475000,Total dissolved solids,Total dissolved solids,915.0,tons/day,2021-11-09,USGS Texas Water Science Center
USGS-08475000,Total dissolved solids,Total dissolved solids,1.36,tons/ac ft,2021-11-09,USGS Texas Water Science Center
USGS-08475000,Nitrate,Nitrate,4.45,mg/l asNO3,2021-11-09,USGS Texas Water Science Center
USGS-08364000,Nitrate,Nitrate,1.17,mg/l as N,2021-08-31,USGS New Mexico Water Science Center
USGS-08364000,Nitrate,Inorganic nitrogen (nitrate and nitrite),1.18,mg/l as N,2021-08-31,USGS New Mexico Water Science Center
USGS-08364000,Total dissolved solids,Total dissolved solids,581.0,mg/l,2021-08-31,USGS New Mexico Water Science Center
USGS-08364000,Total dissolved solids,Total dissolved solids,582.0,mg/l,2021-08-31,USGS New Mexico Water Science Center
USGS-08364000,Total dissolved solids,Total dissolved solids,0.79,tons/ac ft,2021-08-31,USGS New Mexico Water Science Center
USGS-08364000,Nitrate,Nitrate,5.17,mg/l asNO3,2021-08-31,USGS New Mexico Water Science Center
USGS-08475000,Nitrate,Nitrate,0.695,mg/l as N,2021-04-06,USGS Texas Water Science Center
USGS-08475000,Nitrate,Inorganic nitrogen (nitrate and nitrite),0.722,mg/l as N,2021-04-06,USGS Texas Water Science Center
USGS-08475000,Total dissolved solids,Total dissolved solids,790.0,tons/day,2021-04-06,USGS Texas Water Science Center
USGS-08475000,Total dissolved solids,Total dissolved solids,1.03,tons/ac ft,2021-04-06,USGS Texas Water Science Center
USGS-08475000,Total dissolved solids,Total dissolved solids,754.0,mg/l,2021-04-06,USGS Texas Water Science Center
USGS-08475000,Total dissolved solids,Total dissolved solids,693.0,mg/l,2021-04-06,USGS Texas Water Science Center
USGS-08475000,Nitrate,Nitrate,3.08,mg/l asNO3,2021-04-06,USGS Texas Water Science Center
USGS-08364000,Nitrate,Nitrate,1.42,mg/l as N,2021-03-18,USGS New Mexico Water Science Center
USGS-08364000,Nitrate,Inorganic nitrogen (nitrate and nitrite),1.46,mg/l as N,2021-03-18,USGS New Mexico Water Science Center
USGS-08364000,Total dissolved solids,Total dissolved solids,3170.0,mg/l,2021-03-18,USGS New Mexico Water Science Center
USGS-08364000,Total dissolved solids,Total dissolved solids,2990.0,mg/l,2021-03-18,USGS New Mexico Water Science Center
USGS-08364000,Total dissolved solids,Total dissolved solids,72.6,tons/day,2021-03-18,USGS New Mexico Water Science Center
USGS-08364000,Total dissolved solids,Total dissolved solids,4.32,tons/ac ft,2021-03-18,USGS New Mexico Water Science Center
USGS-08364000,Nitrate,Nitrate,6.28,mg/l asNO3,2021-03-18,USGS New Mexico Water Science Center
USGS-08475000,Nitrate,Nitrate,0.631,mg/l as N,2021-08-24,USGS Texas Water Science Center
USGS-08475000,Nitrate,Inorganic nitrogen (nitrate and nitrite),0.662,mg/l as N,2021-08-24,USGS Texas Water Science Center
USGS-08475000,Total dissolved solids,Total dissolved solids,1200.0,mg/l,2021-08-24,USGS Texas Water Science Center
USGS-08475000,Total dissolved solids,Total dissolved solids,1170.0,mg/l,2021-08-24,USGS Texas Water Science Center
USGS-08475000,Total dissolved solids,Total dissolved solids,404.0,tons/day,2021-08-24,USGS Texas Water Science Center
USGS-08475000,Total dissolved solids,Total dissolved solids,1.63,tons/ac ft,2021-08-24,USGS Texas Water Science Center
USGS-08475000,Nitrate,Nitrate,2.79,mg/l asNO3,2021-08-24,USGS Texas Water Science Center
USGS-08475000,Nitrate,Nitrate,0.843,mg/l as N,2021-08-10,USGS Texas Water Science Center
USGS-08475000,Nitrate,Inorganic nitrogen (nitrate and nitrite),0.939,mg/l as N,2021-08-10,USGS Texas Water Science Center
USGS-08475000,Total dissolved solids,Total dissolved solids,1650.0,mg/l,2021-08-10,USGS Texas Water Science Center
USGS-08475000,Total dissolved solids,Total dissolved solids,1530.0,mg/l,2021-08-10,USGS Texas Water Science Center
USGS-08475000,Total dissolved solids,Total dissolved solids,879.0,tons/day,2021-08-10,USGS Texas Water Science Center
USGS-08475000,Total dissolved solids,Total dissolved solids,2.24,tons/ac ft,2021-08-10,USGS Texas Water Science Center
USGS-08475000,Nitrate,Nitrate,3.73,mg/l asNO3,2021-08-10,USGS Texas Water Science Center
USGS-08475000,Nitrate,Nitrate,1.73,mg/l as N,2021-06-09,USGS Texas Water Science Center
USGS-08475000,Nitrate,Inorganic nitrogen (nitrate and nitrite),1.79,mg/l as N,2021-06-09,USGS Texas Water Science Center
USGS-08475000,Nitrate,Nitrate,7.64,mg/l asNO3,2021-06-09,USGS Texas Water Science Center
USGS-08475000,Total dissolved solids,Total dissolved solids,1610.0,mg/l,2021-06-09,USGS Texas Water Science Center
USGS-08475000,Total dissolved solids,Total dissolved solids,1460.0,mg/l,2021-06-09,USGS Texas Water Science Center
USGS-08475000,Total dissolved solids,Total dissolved solids,6000.0,tons/day,2021-06-09,USGS Texas Water Science Center
USGS-08475000,Total dissolved solids,Total dissolved solids,2.19,tons/ac ft,2021-06-09,USGS Texas Water Science Center
USGS-08475000,Nitrate,Nitrate,0.836,mg/l as N,2021-10-05,USGS Texas Water Science Center
USGS-08475000,Nitrate,Inorganic nitrogen (nitrate and nitrite),0.861,mg/l as N,2021-10-05,USGS Texas Water Science Center
USGS-08475000,Total dissolved solids,Total dissolved solids,1030.0,mg/l,2021-10-05,USGS Texas Water Science Center
USGS-08475000,Total dissolved solids,Total dissolved solids,698.0,tons/day,2021-10-05,USGS Texas Water Science Center
USGS-08475000,Total dissolved solids,Total dissolved solids,1.39,tons/ac ft,2021-10-05,USGS Texas Water Science Center
USGS-08475000,Nitrate,Nitrate,3.7,mg/l asNO3,2021-10-05,USGS Texas Water Science Center
USGS-08475000,Nitrate,Nitrate,1.18,mg/l as N,2021-07-27,USGS Texas Water Science Center
USGS-08475000,Nitrate,Inorganic nitrogen (nitrate and nitrite),1.29,mg/l as N,2021-07-27,USGS Texas Water Science Center
USGS-08475000,Total dissolved solids,Total dissolved solids,1190.0,mg/l,2021-07-27,USGS Texas Water Science Center
USGS-08475000,Total dissolved solids,Total dissolved solids,1180.0,mg/l,2021-07-27,USGS Texas Water Science Center
USGS-08475000,Total dissolved solids,Total dissolved solids,1.62,tons/ac ft,2021-07-27,USGS Texas Water Science Center
USGS-08475000,Nitrate,Nitrate,5.22,mg/l asNO3,2021-07-27,USGS Texas Water Science Center
USGS-08364000,Nitrate,Nitrate,0.517,mg/l as N,2021-07-27,USGS New Mexico Water Science Center
USGS-08364000,Nitrate,Inorganic nitrogen (nitrate and nitrite),0.526,mg/l as N,2021-07-27,USGS New Mexico Water Science Center
USGS-08364000,Total dissolved solids,Total dissolved solids,537.0,mg/l,2021-07-27,USGS New Mexico Water Science Center
USGS-08364000,Total dissolved solids,Total dissolved solids,524.0,mg/l,2021-07-27,USGS New Mexico Water Science Center
USGS-08364000,Total dissolved solids,Total dissolved solids,0.73,tons/ac ft,2021-07-27,USGS New Mexico Water Science Center
USGS-08364000,Nitrate,Nitrate,2.29,mg/l asNO3,2021-07-27,USGS New Mexico Water Science Center
USGS-08475000,Nitrate,Nitrate,0.66,mg/l as N,2022-11-08,USGS Texas Water Science Center
USGS-08475000,Nitrate,Inorganic nitrogen (nitrate and nitrite),0.665,mg/l as N,2022-11-08,USGS Texas Water Science Center
USGS-08475000,Total dissolved solids,Total dissolved solids,749.0,mg/l,2022-11-08,USGS Texas Water Science Center
USGS-08475000,Total dissolved solids,Total dissolved solids,730.0,mg/l,2022-11-08,USGS Texas Water Science Center
USGS-08475000,Total dissolved solids,Total dissolved solids,1.02,tons/ac ft,2022-11-08,USGS Texas Water Science Center
USGS-08475000,Nitrate,Nitrate,2.92,mg/l asNO3,2022-11-08,USGS Texas Water Science Center
USGS-08475000,Nitrate,Nitrate,0.731,mg/l as N,2022-09-07,USGS Texas Water Science Center
USGS-08475000,Nitrate,Inorganic nitrogen (nitrate and nitrite),0.745,mg/l as N,2022-09-07,USGS Texas Water Science Center
USGS-08475000,Total dissolved solids,Total dissolved solids,983.0,mg/l,2022-09-07,USGS Texas Water Science Center
USGS-08475000,Total dissolved solids,Total dissolved solids,940.0,mg/l,2022-09-07,USGS Texas Water Science Center
USGS-08475000,Total dissolved solids,Total dissolved solids,1.34,tons/ac ft,2022-09-07,USGS Texas Water Science Center
USGS-08475000,Nitrate,Nitrate,3.24,mg/l asNO3,2022-09-07,USGS Texas Water Science Center
USGS-08364000,Total dissolved solids,Total dissolved solids,550.0,mg/l,2022-07-29,USGS New Mexico Water Science Center
USGS-08364000,Total dissolved solids,Total dissolved solids,529.0,mg/l,2022-07-29,USGS New Mexico Water Science Center
USGS-08364000,Total dissolved solids,Total dissolved solids,0.75,tons/ac ft,2022-07-29,USGS New Mexico Water Science Center
USGS-08364000,Nitrate,Nitrate,1.17,mg/l as N,2022-08-24,USGS New Mexico Water Science Center
USGS-08364000,Nitrate,Inorganic nitrogen (nitrate and nitrite),1.18,mg/l as N,2022-08-24,USGS New Mexico Water Science Center
USGS-08364000,Nitrate,Nitrate,5.19,mg/l asNO3,2022-08-24,USGS New Mexico Water Science Center
USGS-08364000,Total dissolved solids,Total dissolved solids,379.0,mg/l,2022-08-24,USGS New Mexico Water Science Center
USGS-08364000,Total dissolved solids,Total dissolved solids,356.0,mg/l,2022-08-24,USGS New Mexico Water Science Center
USGS-08364000,Total dissolved solids,Total dissolved solids,0.52,tons/ac ft,2022-08-24,USGS New Mexico Water Science Center
USGS-08364000,Nitrate,Nitrate,0.971,mg/l as N,2022-03-15,USGS New Mexico Water Science Center
USGS-08364000,Nitrate,Inorganic nitrogen (nitrate and nitrite),1.0,mg/l as N,2022-03-15,USGS New Mexico Water Science Center
USGS-08364000,Total dissolved solids,Total dissolved solids,2700.0,mg/l,2022-03-15,USGS New Mexico Water Science Center
USGS-08364000,Total dissolved solids,Total dissolved solids,2670.0,mg/l,2022-03-15,USGS New Mexico Water Science Center
USGS-08364000,Total dissolved solids,Total dissolved solids,3.68,tons/ac ft,2022-03-15,USGS New Mexico Water Science Center
USGS-08364000,Nitrate,Nitrate,4.3,mg/l asNO3,2022-03-15,USGS New Mexico Water Science Center
USGS-08364000,Nitrate,Nitrate,0.68,mg/l as N,2022-05-17,USGS New Mexico Water Science Center
USGS-08364000,Nitrate,Inorganic nitrogen (nitrate and nitrite),0.737,mg/l as N,2022-05-17,USGS New Mexico Water Science Center
USGS-08364000,Total dissolved solids,Total dissolved solids,4040.0,mg/l,2022-05-17,USGS New Mexico Water Science Center
USGS-08364000,Total dissolved solids,Total dissolved solids,5.5,tons/ac ft,2022-05-17,USGS New Mexico Water Science Center
USGS-08364000,Nitrate,Nitrate,3.01,mg/l asNO3,2022-05-17,USGS New Mexico Water Science Center
USGS-08364000,Total dissolved solids,Total dissolved solids,591.0,mg/l,2022-07-20,USGS New Mexico Water Science Center
USGS-08364000,Total dissolved solids,Total dissolved solids,580.0,mg/l,2022-07-20,USGS New Mexico Water Science Center
USGS-08364000,Total dissolved solids,Total dissolved solids,0.8,tons/ac ft,2022-07-20,USGS New Mexico Water Science Center
USGS-08475000,Nitrate,Nitrate,0.361,mg/l as N,2022-04-12,USGS Texas Water Science Center
USGS-08475000,Nitrate,Inorganic nitrogen (nitrate and nitrite),0.392,mg/l as N,2022-04-12,USGS Texas Water Science Center
USGS-08475000,Total dissolved solids,Total dissolved solids,1240.0,mg/l,2022-04-12,USGS Texas Water Science Center
USGS-08475000,Total dissolved solids,Total dissolved solids,1170.0,mg/l,2022-04-12,USGS Texas Water Science Center
USGS-08475000,Total dissolved solids,Total dissolved solids,1.69,tons/ac ft,2022-04-12,USGS Texas Water Science Center
USGS-08475000,Nitrate,Nitrate,1.6,mg/l asNO3,2022-04-12,USGS Texas Water Science Center
USGS-08475000,Nitrate,Nitrate,0.477,mg/l as N,2022-08-09,USGS Texas Water Science Center
USGS-08475000,Nitrate,Inorganic nitrogen (nitrate and nitrite),0.484,mg/l as N,2022-08-09,USGS Texas Water Science Center
USGS-08475000,Total dissolved solids,Total dissolved solids,738.0,mg/l,2022-08-09,USGS Texas Water Science Center
USGS-08475000,Total dissolved solids,Total dissolved solids,1.05,tons/ac ft,2022-08-09,USGS Texas Water Science Center
USGS-08475000,Nitrate,Nitrate,2.11,mg/l asNO3,2022-08-09,USGS Texas Water Science Center
USGS-08475000,Total dissolved solids,Total dissolved solids,772.0,mg/l,2022-08-09,USGS Texas Water Science Center
USGS-08475000,Total dissolved solids,Total dissolved solids,762.0,mg/l,2022-07-12,USGS Texas Water Science Center
USGS-08475000,Total dissolved solids,Total dissolved solids,734.0,mg/l,2022-07-12,USGS Texas Water Science Center
USGS-08475000,Total dissolved solids,Total dissolved solids,1.04,tons/ac ft,2022-07-12,USGS Texas Water Science Center
USGS-08364000,Nitrate,Nitrate,0.353,mg/l as N,2022-09-13,USGS New Mexico Water Science Center
USGS-08364000,Nitrate,Inorganic nitrogen (nitrate and nitrite),0.386,mg/l as N,2022-09-13,USGS New Mexico Water Science Center
USGS-08364000,Total dissolved solids,Total dissolved solids,2180.0,mg/l,2022-09-13,USGS New Mexico Water Science Center
USGS-08364000,Total dissolved solids,Total dissolved solids,1990.0,mg/l,2022-09-13,USGS New Mexico Water Science Center
USGS-08364000,Total dissolved solids,Total dissolved solids,2.97,tons/ac ft,2022-09-13,USGS New Mexico Water Science Center
USGS-08364000,Nitrate,Nitrate,1.56,mg/l asNO3,2022-09-13,USGS New Mexico Water Science Center
USGS-08475000,Nitrate,Nitrate,1.3,mg/l as N,2022-12-06,USGS Texas Water Science Center
USGS-08475000,Nitrate,Nitrate,5.76,mg/l asNO3,2022-12-06,USGS Texas Water Science Center
USGS-08475000,Total dissolved solids,Total dissolved solids,794.0,mg/l,2022-12-06,USGS Texas Water Science Center
USGS-08475000,Total dissolved solids,Total dissolved solids,773.0,mg/l,2022-12-06,USGS Texas Water Science Center
USGS-08475000,Total dissolved solids,Total dissolved solids,1.08,tons/ac ft,2022-12-06,USGS Texas Water Science Center
USGS-08364000,Nitrate,Nitrate,0.196,mg/l as N,2022-06-17,USGS New Mexico Water Science Center
USGS-08364000,Nitrate,Inorganic nitrogen (nitrate and nitrite),0.203,mg/l as N,2022-06-17,USGS New Mexico Water Science Center
USGS-08364000,Total dissolved solids,Total dissolved solids,571.0,mg/l,2022-06-17,USGS New Mexico Water Science Center
USGS-08364000,Total dissolved solids,Total dissolved solids,0.78,tons/ac ft,2022-06-17,USGS New Mexico Water Science Center
USGS-08364000,Nitrate,Nitrate,0.869,mg/l asNO3,2022-06-17,USGS New Mexico Water Science Center
USGS-08475000,Nitrate,Nitrate,2.39,mg/l as N,2022-02-09,USGS Texas Water Science Center
USGS-08475000,Nitrate,Inorganic nitrogen (nitrate and nitrite),2.41,mg/l as N,2022-02-09,USGS Texas Water Science Center
USGS-08475000,Nitrate,Nitrate,10.6,mg/l asNO3,2022-02-09,USGS Texas Water Science Center
USGS-08475000,Total dissolved solids,Total dissolved solids,1330.0,mg/l,2022-02-09,USGS Texas Water Science Center
USGS-08475000,Total dissolved solids,Total dissolved solids,1300.0,mg/l,2022-02-09,USGS Texas Water Science Center
USGS-08475000,Total dissolved solids,Total dissolved solids,1.81,tons/ac ft,2022-02-09,USGS Texas Water Science Center
USGS-08475000,Nitrate,Nitrate,0.942,mg/l as N,2022-09-20,USGS Texas Water Science Center
USGS-08475000,Nitrate,Inorganic nitrogen (nitrate and nitrite),0.952,mg/l as N,2022-09-20,USGS Texas Water Science Center
USGS-08475000,Total dissolved solids,Total dissolved solids,1210.0,mg/l,2022-09-20,USGS Texas Water Science Center
USGS-08475000,Total dissolved solids,Total dissolved solids,1150.0,mg/l,2022-09-20,USGS Texas Water Science Center
USGS-08475000,Total dissolved solids,Total dissolved solids,1.64,tons/ac ft,2022-09-20,USGS Texas Water Science Center
USGS-08475000,Nitrate,Nitrate,4.17,mg/l asNO3,2022-09-20,USGS Texas Water Science Center
USGS-08475000,Total dissolved solids,Total dissolved solids,883.0,mg/l,2022-06-07,USGS Texas Water Science Center
USGS-08475000,Total dissolved solids,Total dissolved solids,832.0,mg/l,2022-06-07,USGS Texas Water Science Center
USGS-08475000,Total dissolved solids,Total dissolved solids,1.2,tons/ac ft,2022-06-07,USGS Texas Water Science Center
USGS-08364000,Nitrate,Nitrate,0.442,mg/l as N,2022-08-12,USGS New Mexico Water Science Center
USGS-08364000,Nitrate,Inorganic nitrogen (nitrate and nitrite),0.446,mg/l as N,2022-08-12,USGS New Mexico Water Science Center
USGS-08364000,Total dissolved solids,Total dissolved solids,564.0,mg/l,2022-08-12,USGS New Mexico Water Science Center
USGS-08364000,Total dissolved solids,Total dissolved solids,554.0,mg/l,2022-08-12,USGS New Mexico Water Science Center
USGS-08364000,Total dissolved solids,Total dissolved solids,0.77,tons/ac ft,2022-08-12,USGS New Mexico Water Science Center
USGS-08364000,Nitrate,Nitrate,1.96,mg/l asNO3,2022-08-12,USGS New Mexico Water Science Center
USGS-08475000,Nitrate,Nitrate,0.279,mg/l as N,2022-07-26,USGS Texas Water Science Center
USGS-08475000,Nitrate,Inorganic nitrogen (nitrate and nitrite),0.293,mg/l as N,2022-07-26,USGS Texas Water Science Center
USGS-08475000,Total dissolved solids,Total dissolved solids,765.0,mg/l,2022-07-26,USGS Texas Water Science Center
USGS-08475000,Total dissolved solids,Total dissolved solids,1.08,tons/ac ft,2022-07-26,USGS Texas Water Science Center
USGS-08475000,Total dissolved solids,Total dissolved solids,794.0,mg/l,2022-07-26,USGS Texas Water Science Center
USGS-08475000,Nitrate,Nitrate,1.24,mg/l asNO3,2022-07-26,USGS Texas Water Science Center
USGS-08475000,Nitrate,Nitrate,0.744,mg/l as N,2022-08-23,USGS Texas Water Science Center
USGS-08475000,Nitrate,Inorganic nitrogen (nitrate and nitrite),0.752,mg/l as N,2022-08-23,USGS Texas Water Science Center
USGS-08475000,Total dissolved solids,Total dissolved solids,1.14,tons/ac ft,2022-08-23,USGS Texas Water Science Center
USGS-08475000,Total dissolved solids,Total dissolved solids,839.0,mg/l,2022-08-23,USGS Texas Water Science Center
USGS-08475000,Total dissolved solids,Total dissolved solids,763.0,mg/l,2022-08-23,USGS Texas Water Science Center
USGS-08475000,Nitrate,Nitrate,3.29,mg/l asNO3,2022-08-23,USGS Texas Water Science Center
USGS-08364000,Nitrate,Nitrate,0.35,mg/l as N,2022-04-28,USGS New Mexico Water Science Center
USGS-08364000,Nitrate,Inorganic nitrogen (nitrate and nitrite),0.43,mg/l as N,2022-04-28,USGS New Mexico Water Science Center
USGS-08364000,Nitrate,Nitrate,1.55,mg/l asNO3,2022-04-28,USGS New Mexico Water Science Center
USGS-08364000,Total dissolved solids,Total dissolved solids,3220.0,mg/l,2022-04-28,USGS New Mexico Water Science Center
USGS-08364000,Total dissolved solids,Total dissolved solids,2570.0,mg/l,2022-04-28,USGS New Mexico Water Science Center
USGS-08364000,Total dissolved solids,Total dissolved solids,4.38,tons/ac ft,2022-04-28,USGS New Mexico Water Science Center
USGS-08475000,Nitrate,Nitrate,0.443,mg/l as N,2022-10-12,USGS Texas Water Science Center
USGS-08475000,Nitrate,Inorganic nitrogen (nitrate and nitrite),0.448,mg/l as N,2022-10-12,USGS Texas Water Science Center
USGS-08475000,Total dissolved solids,Total dissolved solids,1090.0,mg/l,2022-10-12,USGS Texas Water Science Center
USGS-08475000,Total dissolved solids,Total dissolved solids,1030.0,mg/l,2022-10-12,USGS Texas Water Science Center
USGS-08475000,Total dissolved solids,Total dissolved solids,1.48,tons/ac ft,2022-10-12,USGS Texas Water Science Center
USGS-08475000,Nitrate,Nitrate,1.96,mg/l asNO3,2022-10-12,USGS Texas Water Science Center
USGS-08475000,Nitrate,Nitrate,0.313,mg/l as N,2023-02-14,USGS Texas Water Science Center
USGS-08475000,Nitrate,Inorganic nitrogen (nitrate and nitrite),0.315,mg/l as N,2023-02-14,USGS Texas Water Science Center
USGS-08475000,Total dissolved solids,Total dissolved solids,979.0,mg/l,2023-02-14,USGS Texas Water Science Center
USGS-08475000,Total dissolved solids,Total dissolved solids,960.0,mg/l,2023-02-14,USGS Texas Water Science Center
USGS-08475000,Total dissolved solids,Total dissolved solids,1.33,tons/ac ft,2023-02-14,USGS Texas Water Science Center
USGS-08475000,Nitrate,Nitrate,1.39,mg/l asNO3,2023-02-14,USGS Texas Water Science Center
USGS-08475000,Nitrate,Nitrate,0.394,mg/l as N,2023-06-06,USGS Texas Water Science Center
USGS-08475000,Nitrate,Inorganic nitrogen (nitrate and nitrite),0.416,mg/l as N,2023-06-06,USGS Texas Water Science Center
USGS-08475000,Total dissolved solids,Total dissolved solids,1070.0,mg/l,2023-06-06,USGS Texas Water Science Center
USGS-08475000,Total dissolved solids,Total dissolved solids,1030.0,mg/l,2023-06-06,USGS Texas Water Science Center
USGS-08475000,Total dissolved solids,Total dissolved solids,1.46,tons/ac ft,2023-06-06,USGS Texas Water Science Center
USGS-08475000,Nitrate,Nitrate,1.75,mg/l asNO3,2023-06-06,USGS Texas Water Science Center
USGS-08475000,Nitrate,Nitrate,0.835,mg/l as N,2023-04-11,USGS Texas Water Science Center
USGS-08475000,Nitrate,Inorganic nitrogen (nitrate and nitrite),0.843,mg/l as N,2023-04-11,USGS Texas Water Science Center
USGS-08475000,Total dissolved solids,Total dissolved solids,752.0,mg/l,2023-04-11,USGS Texas Water Science Center
USGS-08475000,Total dissolved solids,Total dissolved solids,717.0,mg/l,2023-04-11,USGS Texas Water Science Center
USGS-08475000,Total dissolved solids,Total dissolved solids,1.02,tons/ac ft,2023-04-11,USGS Texas Water Science Center
USGS-08475000,Nitrate,Nitrate,3.7,mg/l asNO3,2023-04-11,USGS Texas Water Science Center
USGS-08364000,Nitrate,Nitrate,0.333,mg/l as N,2023-05-23,USGS New Mexico Water Science Center
USGS-08364000,Nitrate,Inorganic nitrogen (nitrate and nitrite),0.417,mg/l as N,2023-05-23,USGS New Mexico Water Science Center
USGS-08364000,Nitrate,Nitrate,1.47,mg/l asNO3,2023-05-23,USGS New Mexico Water Science Center
USGS-08364000,Total dissolved solids,Total dissolved solids,557.0,mg/l,2023-05-23,USGS New Mexico Water Science Center
USGS-08364000,Total dissolved solids,Total dissolved solids,541.0,mg/l,2023-05-23,USGS New Mexico Water Science Center
USGS-08364000,Total dissolved solids,Total dissolved solids,0.76,tons/ac ft,2023-05-23,USGS New Mexico Water Science Center
USGS-08364000,Total dissolved solids,Total dissolved solids,442.0,mg/l,2023-06-28,USGS New Mexico Water Science Center
USGS-08364000,Total dissolved solids,Total dissolved solids,437.0,mg/l,2023-06-28,USGS New Mexico Water Science Center
USGS-08364000,Total dissolved solids,Total dissolved solids,0.6,tons/ac ft,2023-06-28,USGS New Mexico Water Science Center
USGS-08475000,Total dissolved solids,Total dissolved solids,618.0,mg/l,2023-07-11,USGS Texas Water Science Center
USGS-08475000,Total dissolved solids,Total dissolved solids,598.0,mg/l,2023-07-11,USGS Texas Water Science Center
USGS-08475000,Total dissolved solids,Total dissolved solids,0.84,tons/ac ft,2023-07-11,USGS Texas Water Science Center
USGS-08364000,Nitrate,Nitrate,0.246,mg/l as N,2023-07-26,USGS New Mexico Water Science Center
USGS-08364000,Nitrate,Inorganic nitrogen (nitrate and nitrite),0.252,mg/l as N,2023-07-26,USGS New Mexico Water Science Center
USGS-08364000,Total dissolved solids,Total dissolved solids,382.0,mg/l,2023-07-26,USGS New Mexico Water Science Center
USGS-08364000,Total dissolved solids,Total dissolved solids,407.0,mg/l,2023-07-26,USGS New Mexico Water Science Center
USGS-08364000,Total dissolved solids,Total dissolved solids,0.52,tons/ac ft,2023-07-26,USGS New Mexico Water Science Center
USGS-08364000,Nitrate,Nitrate,1.09,mg/l asNO3,2023-07-26,USGS New Mexico Water Science Center
USGS-08475000,Total dissolved solids,Total dissolved solids,718.0,mg/l,2023-07-25,USGS Texas Water Science Center
USGS-08475000,Total dissolved solids,Total dissolved solids,0.98,tons/ac ft,2023-07-25,USGS Texas Water Science Center
USGS-08475000,Total dissolved solids,Total dissolved solids,723.0,mg/l,2023-07-25,USGS Texas Water Science Center
USGS-08364000,Nitrate,Nitrate,0.182,mg/l as N,2023-08-18,USGS New Mexico Water Science Center
USGS-08364000,Nitrate,Inorganic nitrogen (nitrate and nitrite),0.188,mg/l as N,2023-08-18,USGS New Mexico Water Science Center
USGS-08364000,Total dissolved solids,Total dissolved solids,376.0,mg/l,2023-08-18,USGS New Mexico Water Science Center
USGS-08364000,Total dissolved solids,Total dissolved solids,368.0,mg/l,2023-08-18,USGS New Mexico Water Science Center
USGS-08364000,Total dissolved solids,Total dissolved solids,0.51,tons/ac ft,2023-08-18,USGS New Mexico Water Science Center
USGS-08364000,Nitrate,Nitrate,0.805,mg/l asNO3,2023-08-18,USGS New Mexico Water Science Center
USGS-08475000,Nitrate,Nitrate,0.055,mg/l as N,2023-08-16,USGS Texas Water Science Center
USGS-08475000,Nitrate,Inorganic nitrogen (nitrate and nitrite),0.058,mg/l as N,2023-08-16,USGS Texas Water Science Center
USGS-08475000,Total dissolved solids,Total dissolved solids,669.0,mg/l,2023-08-16,USGS Texas Water Science Center
USGS-08475000,Total dissolved solids,Total dissolved solids,681.0,mg/l,2023-08-16,USGS Texas Water Science Center
USGS-08475000,Total dissolved solids,Total dissolved solids,0.93,tons/ac ft,2023-08-16,USGS Texas Water Science Center
USGS-08475000,Nitrate,Nitrate,0.242,mg/l asNO3,2023-08-16,USGS Texas Water Science Center
USGS-08364000,Total dissolved solids,Total dissolved solids,413.0,mg/l,2023-09-01,USGS New Mexico Water Science Center
USGS-08364000,Total dissolved solids,Total dissolved solids,405.0,mg/l,2023-09-01,USGS New Mexico Water Science Center
USGS-08364000,Total dissolved solids,Total dissolved solids,0.56,tons/ac ft,2023-09-01,USGS New Mexico Water Science Center
USGS-08475000,Total dissolved solids,Total dissolved solids,730.0,mg/l,2023-10-17,USGS Texas Water Science Center
USGS-08475000,Total dissolved solids,Total dissolved solids,720.0,mg/l,2023-10-17,USGS Texas Water Science Center
USGS-08475000,Total dissolved solids,Total dissolved solids,0.99,tons/ac ft,2023-10-17,USGS Texas Water Science Center
TCEQMAIN-20930,E. coli,Escherichia coli,150.0,,2021-10-05,Texas Commission on Environmental Quality
TCEQMAIN-21012,E. coli,Escherichia coli,16.0,,2021-06-15,Texas Commission on Environmental Quality
TCEQMAIN-22170,Nitrate,Nitrate,4.64,mg/L,2021-05-06,Texas Commission on Environmental Quality
TCEQMAIN-13272,E. coli,Escherichia coli,230.0,,2021-04-27,Texas Commission on Environmental Quality
TCEQMAIN-20449,E. coli,Escherichia coli,46.0,,2021-05-12,Texas Commission on Environmental Quality
TCEQMAIN-13103,Total dissolved solids,Total dissolved solids,8780.0,mg/L,2021-08-31,Texas Commission on Environmental Quality
TCEQMAIN-13177,Total dissolved solids,Total dissolved solids,973.0,mg/L,2021-11-17,Texas Commission on Environmental Quality
TCEQMAIN-15528,E. coli,Escherichia coli,2000.0,,2021-08-10,Texas Commission on Environmental Quality
TCEQMAIN-13109,E. coli,Escherichia coli,11.0,,2021-04-19,Texas Commission on Environmental Quality
TCEQMAIN-13176,Total dissolved solids,Total dissolved solids,1080.0,mg/L,2021-03-01,Texas Commission on Environmental Quality
TCEQMAIN-21542,E. coli,Escherichia coli,1400.0,,2021-04-20,Texas Commission on Environmental Quality
TCEQMAIN-20449,Total dissolved solids,Total dissolved solids,840.0,mg/L,2021-01-05,Texas Commission on Environmental Quality
TCEQMAIN-13079,Total dissolved solids,Total dissolved solids,2308.0,mg/L,2021-05-06,Texas Commission on Environmental Quality
TCEQMAIN-13230,Total dissolved solids,Total dissolved solids,2190.0,mg/L,2021-01-20,Texas Commission on Environmental Quality
TCEQMAIN-13271,E. coli,Escherichia coli,120.0,,2021-10-12,Texas Commission on Environmental Quality
TCEQMAIN-13103,Total dissolved solids,Total dissolved solids,2850.0,mg/L,2021-04-28,Texas Commission on Environmental Quality
TCEQMAIN-15816,Total dissolved solids,Total dissolved solids,661.0,mg/L,2021-10-26,Texas Commission on Environmental Quality
TCEQMAIN-13116,Total dissolved solids,Total dissolved solids,1290.0,mg/L,2021-01-25,Texas Commission on Environmental Quality
TCEQMAIN-13181,Total dissolved solids,Total dissolved solids,1110.0,mg/L,2021-12-08,Texas Commission on Environmental Quality
TCEQMAIN-13103,Total dissolved solids,Total dissolved solids,13700.0,mg/L,2021-02-24,Texas Commission on Environmental Quality
TCEQMAIN-13664,E. coli,Escherichia coli,36.0,,2021-03-24,Texas Commission on Environmental Quality
TCEQMAIN-20449,E. coli,Escherichia coli,10.0,,2021-07-06,Texas Commission on Environmental Quality
TCEQMAIN-21542,E. coli,Escherichia coli,110000.0,,2021-06-23,Texas Commission on Environmental Quality
TCEQMAIN-13177,Total dissolved solids,Total dissolved solids,834.0,mg/L,2021-03-24,Texas Commission on Environmental Quality
TCEQMAIN-20449,E. coli,Escherichia coli,4.0,,2021-06-15,Texas Commission on Environmental Quality
TCEQMAIN-22170,Total dissolved solids,Total dissolved solids,24436.0,mg/L,2021-10-26,Texas Commission on Environmental Quality
TCEQMAIN-13229,Total dissolved solids,Total dissolved solids,2120.0,mg/L,2021-01-20,Texas Commission on Environmental Quality
TCEQMAIN-20449,E. coli,Escherichia coli,24.0,,2021-12-14,Texas Commission on Environmental Quality
TCEQMAIN-22120,E. coli,Escherichia coli,2000.0,,2021-03-02,Texas Commission on Environmental Quality
TCEQMAIN-13272,E. coli,Escherichia coli,120.0,,2021-08-10,Texas Commission on Environmental Quality
TCEQMAIN-15816,Total dissolved solids,Total dissolved solids,651.0,mg/L,2021-02-09,Texas Commission on Environmental Quality
TCEQMAIN-21542,Total dissolved solids,Total dissolved solids,652.0,mg/L,2021-02-09,Texas Commission on Environmental Quality
TCEQMAIN-20999,Total dissolved solids,Total dissolved solids,628.0,mg/L,2021-02-22,Texas Commission on Environmental Quality
TCEQMAIN-13079,E. coli,Escherichia coli,170.0,,2021-10-26,Texas Commission on Environmental Quality
TCEQMAIN-13196,Total dissolved solids,Total dissolved solids,790.0,mg/L,2021-09-22,Texas Commission on Environmental Quality
TCEQMAIN-20930,E. coli,Escherichia coli,6900.0,,2021-12-13,Texas Commission on Environmental Quality
TCEQMAIN-20449,Total dissolved solids,Total dissolved solids,1040.0,mg/L,2021-05-12,Texas Commission on Environmental Quality
TCEQMAIN-13177,Total dissolved solids,Total dissolved solids,1120.0,mg/L,2021-05-25,Texas Commission on Environmental Quality
TCEQMAIN-20449,Total dissolved solids,Total dissolved solids,990.0,mg/L,2021-03-16,Texas Commission on Environmental Quality
TCEQMAIN-20999,Total dissolved solids,Total dissolved solids,602.0,mg/L,2021-01-25,Texas Commission on Environmental Quality
TCEQMAIN-13181,Total dissolved solids,Total dissolved solids,710.0,mg/L,2021-03-24,Texas Commission on Environmental Quality
TCEQMAIN-13177,E. coli,Escherichia coli,1500.0,,2021-06-23,Texas Commission on Environmental Quality
TCEQMAIN-15816,Total dissolved solids,Total dissolved solids,613.0,mg/L,2021-09-22,Texas Commission on Environmental Quality
TCEQMAIN-13664,E. coli,Escherichia coli,66.0,,2021-05-25,Texas Commission on Environmental Quality
TCEQMAIN-20999,Total dissolved solids,Total dissolved solids,593.0,mg/L,2021-08-23,Texas Commission on Environmental Quality
TCEQMAIN-15816,Total dissolved solids,Total dissolved solids,624.0,mg/L,2021-01-19,Texas Commission on Environmental Quality
TCEQMAIN-21542,Total dissolved solids,Total dissolved solids,717.0,mg/L,2021-08-24,Texas Commission on Environmental Quality
TCEQMAIN-13081,E. coli,Escherichia coli,260.0,,2021-06-15,Texas Commission on Environmental Quality
TCEQMAIN-13181,E. coli,Escherichia coli,2000.0,,2021-06-23,Texas Commission on Environmental Quality
TCEQMAIN-13230,E. coli,Escherichia coli,930.0,,2021-03-10,Texas Commission on Environmental Quality
TCEQMAIN-13664,E. coli,Escherichia coli,31.0,,2021-01-26,Texas Commission on Environmental Quality
TCEQMAIN-17407,Total dissolved solids,Total dissolved solids,2280.0,mg/L,2021-11-09,Texas Commission on Environmental Quality
TCEQMAIN-13084,E. coli,Escherichia coli,30.0,,2021-03-09,Texas Commission on Environmental Quality
TCEQMAIN-13109,E. coli,Escherichia coli,13.0,,2021-10-13,Texas Commission on Environmental Quality
TCEQMAIN-15089,Total dissolved solids,Total dissolved solids,2050.0,mg/L,2021-10-20,Texas Commission on Environmental Quality
TCEQMAIN-20449,E. coli,Escherichia coli,16.0,,2021-03-16,Texas Commission on Environmental Quality
TCEQMAIN-13079,Total dissolved solids,Total dissolved solids,2820.0,mg/L,2021-08-03,Texas Commission on Environmental Quality
TCEQMAIN-13177,Total dissolved solids,Total dissolved solids,1160.0,mg/L,2021-12-08,Texas Commission on Environmental Quality
TCEQMAIN-22267,E. coli,Escherichia coli,230.0,,2021-12-20,Texas Commission on Environmental Quality
TCEQMAIN-13189,Total dissolved solids,Total dissolved solids,657.0,mg/L,2021-03-31,Texas Commission on Environmental Quality
TCEQMAIN-13229,Total dissolved solids,Total dissolved solids,2510.0,mg/L,2021-05-12,Texas Commission on Environmental Quality
TCEQMAIN-13104,E. coli,Escherichia coli,100.0,,2021-01-26,Texas Commission on Environmental Quality
TCEQMAIN-20449,E. coli,Escherichia coli,12.0,,2021-04-13,Texas Commission on Environmental Quality
TCEQMAIN-13079,Nitrate,Nitrate,6.5,mg/L,2021-02-24,Texas Commission on Environmental Quality
TCEQMAIN-15089,Total dissolved solids,Total dissolved solids,2270.0,mg/L,2021-09-21,Texas Commission on Environmental Quality
TCEQMAIN-20449,E. coli,Escherichia coli,16.0,,2021-02-02,Texas Commission on Environmental Quality
TCEQMAIN-13079,E. coli,Escherichia coli,69.0,,2021-02-24,Texas Commission on Environmental Quality
TCEQMAIN-13189,Total dissolved solids,Total dissolved solids,614.0,mg/L,2021-09-29,Texas Commission on Environmental Quality
TCEQMAIN-20930,E. coli,Escherichia coli,190.0,,2021-06-15,Texas Commission on Environmental Quality
TCEQMAIN-21542,E. coli,Escherichia coli,5600.0,,2021-01-19,Texas Commission on Environmental Quality
TCEQMAIN-13177,E. coli,Escherichia coli,30.0,,2021-03-24,Texas Commission on Environmental Quality
TCEQMAIN-13177,Total dissolved solids,Total dissolved solids,1140.0,mg/L,2021-08-25,Texas Commission on Environmental Quality
TCEQMAIN-13664,E. coli,Escherichia coli,60.0,,2021-10-27,Texas Commission on Environmental Quality
TCEQMAIN-21542,E. coli,Escherichia coli,160.0,,2021-08-24,Texas Commission on Environmental Quality
TCEQMAIN-15816,E. coli,Escherichia coli,580.0,,2021-08-24,Texas Commission on Environmental Quality
TCEQMAIN-21542,E. coli,Escherichia coli,140000.0,,2021-09-22,Texas Commission on Environmental Quality
TCEQMAIN-13079,Nitrate,Nitrate,6.75,mg/L,2021-10-26,Texas Commission on Environmental Quality
TCEQMAIN-13664,Total dissolved solids,Total dissolved solids,752.0,mg/L,2021-10-27,Texas Commission on Environmental Quality
TCEQMAIN-22170,Total dissolved solids,Total dissolved solids,16420.0,mg/L,2021-05-06,Texas Commission on Environmental Quality
TCEQMAIN-13229,E. coli,Escherichia coli,58.0,,2021-01-20,Texas Commission on Environmental Quality
TCEQMAIN-13664,Total dissolved solids,Total dissolved solids,1060.0,mg/L,2021-01-26,Texas Commission on Environmental Quality
TCEQMAIN-13229,E. coli,Escherichia coli,20.0,,2021-03-10,Texas Commission on Environmental Quality
TCEQMAIN-13081,E. coli,Escherichia coli,180.0,,2021-10-05,Texas Commission on Environmental Quality
TCEQMAIN-20930,E. coli,Escherichia coli,230.0,,2021-03-09,Texas Commission on Environmental Quality
TCEQMAIN-20449,Total dissolved solids,Total dissolved solids,1420.0,mg/L,2021-06-15,Texas Commission on Environmental Quality
TCEQMAIN-18801,E. coli,Escherichia coli,41.0,,2021-01-26,Texas Commission on Environmental Quality
TCEQMAIN-13664,Total dissolved solids,Total dissolved solids,690.0,mg/L,2021-03-24,Texas Commission on Environmental Quality
TCEQMAIN-13103,E. coli,Escherichia coli,1000.0,,2021-08-31,Texas Commission on Environmental Quality
TCEQMAIN-17407,E. coli,Escherichia coli,32.0,,2021-01-19,Texas Commission on Environmental Quality
TCEQMAIN-13664,Total dissolved solids,Total dissolved solids,803.0,mg/L,2021-08-25,Texas Commission on Environmental Quality
TCEQMAIN-22120,E. coli,Escherichia coli,610.0,,2021-05-26,Texas Commission on Environmental Quality
TCEQMAIN-13274,E. coli,Escherichia coli,40.0,,2021-09-21,Texas Commission on Environmental Quality
TCEQMAIN-14164,Total dissolved solids,Total dissolved solids,7320.0,mg/L,2021-02-03,Texas Commission on Environmental Quality
TCEQMAIN-13272,E. coli,Escherichia coli,110.0,,2021-04-13,Texas Commission on Environmental Quality
TCEQMAIN-14164,Total dissolved solids,Total dissolved solids,4930.0,mg/L,2021-12-14,Texas Commission on Environmental Quality
TCEQMAIN-13177,E. coli,Escherichia coli,15.0,,2021-11-17,Texas Commission on Environmental Quality
TCEQMAIN-13181,Total dissolved solids,Total dissolved solids,808.0,mg/L,2021-08-25,Texas Commission on Environmental Quality
TCEQMAIN-13179,Total dissolved solids,Total dissolved solids,941.0,mg/L,2021-03-01,Texas Commission on Environmental Quality
TCEQMAIN-15528,E. coli,Escherichia coli,61000.0,,2021-09-14,Texas Commission on Environmental Quality
TCEQMAIN-13177,Total dissolved solids,Total dissolved solids,955.0,mg/L,2021-02-24,Texas Commission on Environmental Quality
TCEQMAIN-13189,E. coli,Escherichia coli,170.0,,2021-06-30,Texas Commission on Environmental Quality
TCEQMAIN-13079,Nitrate,Nitrate,0.21,mg/L,2021-08-03,Texas Commission on Environmental Quality
TCEQMAIN-20999,Total dissolved solids,Total dissolved solids,612.0,mg/L,2021-04-12,Texas Commission on Environmental Quality
TCEQMAIN-22269,E. coli,Escherichia coli,230.0,,2021-12-20,Texas Commission on Environmental Quality
TCEQMAIN-13109,E. coli,Escherichia coli,3.0,,2021-01-26,Texas Commission on Environmental Quality
TCEQMAIN-21542,E. coli,Escherichia coli,4000.0,,2021-02-09,Texas Commission on Environmental Quality
TCEQMAIN-13270,E. coli,Escherichia coli,550.0,,2021-11-02,Texas Commission on Environmental Quality
TCEQMAIN-13079,Nitrate,Nitrate,0.63,mg/L,2021-05-06,Texas Commission on Environmental Quality
TCEQMAIN-21542,Total dissolved solids,Total dissolved solids,646.0,mg/L,2021-09-22,Texas Commission on Environmental Quality
TCEQMAIN-15816,Total dissolved solids,Total dissolved solids,736.0,mg/L,2021-08-24,Texas Commission on Environmental Quality
TCEQMAIN-13272,E. coli,Escherichia coli,120.0,,2021-06-10,Texas Commission on Environmental Quality
TCEQMAIN-13079,Total dissolved solids,Total dissolved solids,2862.0,mg/L,2021-10-26,Texas Commission on Environmental Quality
TCEQMAIN-22118,E. coli,Escherichia coli,550.0,,2021-03-02,Texas Commission on Environmental Quality
TCEQMAIN-13230,Total dissolved solids,Total dissolved solids,1580.0,mg/L,2021-05-12,Texas Commission on Environmental Quality
TCEQMAIN-13103,E. coli,Escherichia coli,3500.0,,2021-08-04,Texas Commission on Environmental Quality
TCEQMAIN-13177,E. coli,Escherichia coli,280.0,,2021-12-08,Texas Commission on Environmental Quality
TCEQMAIN-13272,E. coli,Escherichia coli,250.0,,2021-02-11,Texas Commission on Environmental Quality
TCEQMAIN-21542,Total dissolved solids,Total dissolved solids,576.0,mg/L,2021-06-23,Texas Commission on Environmental Quality
TCEQMAIN-13230,Total dissolved solids,Total dissolved solids,1540.0,mg/L,2021-04-28,Texas Commission on Environmental Quality
TCEQMAIN-15816,E. coli,Escherichia coli,520.0,,2021-10-26,Texas Commission on Environmental Quality
TCEQMAIN-13103,E. coli,Escherichia coli,1300.0,,2021-01-26,Texas Commission on Environmental Quality
TCEQMAIN-17407,Total dissolved solids,Total dissolved solids,2050.0,mg/L,2021-01-19,Texas Commission on Environmental Quality
TCEQMAIN-22118,E. coli,Escherichia coli,1000.0,,2021-06-29,Texas Commission on Environmental Quality
TCEQMAIN-13223,E. coli,Escherichia coli,20.0,,2021-11-03,Texas Commission on Environmental Quality
TCEQMAIN-13274,Total dissolved solids,Total dissolved solids,591.0,mg/L,2021-10-20,Texas Commission on Environmental Quality
TCEQMAIN-13181,Total dissolved solids,Total dissolved solids,816.0,mg/L,2021-11-17,Texas Commission on Environmental Quality
TCEQMAIN-20449,Total dissolved solids,Total dissolved solids,1090.0,mg/L,2021-02-02,Texas Commission on Environmental Quality
TCEQMAIN-13229,E. coli,Escherichia coli,15.0,,2021-11-09,Texas Commission on Environmental Quality
TCEQMAIN-22118,E. coli,Escherichia coli,870.0,,2021-06-16,Texas Commission on Environmental Quality
TCEQMAIN-20449,Total dissolved solids,Total dissolved solids,1010.0,mg/L,2021-10-12,Texas Commission on Environmental Quality
TCEQMAIN-13181,E. coli,Escherichia coli,820.0,,2021-05-25,Texas Commission on Environmental Quality
TCEQMAIN-20449,E. coli,Escherichia coli,22.0,,2021-01-05,Texas Commission on Environmental Quality
TCEQMAIN-22118,E. coli,Escherichia coli,730.0,,2021-04-13,Texas Commission on Environmental Quality
TCEQMAIN-22120,E. coli,Escherichia coli,980.0,,2021-09-29,Texas Commission on Environmental Quality
TCEQMAIN-13179,E. coli,Escherichia coli,13.0,,2021-03-01,Texas Commission on Environmental Quality
TCEQMAIN-13176,Total dissolved solids,Total dissolved solids,955.0,mg/L,2021-10-26,Texas Commission on Environmental Quality
TCEQMAIN-21542,E. coli,Escherichia coli,4000.0,,2021-10-26,Texas Commission on Environmental Quality
TCEQMAIN-13189,Total dissolved solids,Total dissolved solids,631.0,mg/L,2021-06-30,Texas Commission on Environmental Quality
TCEQMAIN-13272,E. coli,Escherichia coli,2400.0,,2021-07-13,Texas Commission on Environmental Quality
TCEQMAIN-22120,E. coli,Escherichia coli,820.0,,2021-04-13,Texas Commission on Environmental Quality
TCEQMAIN-20999,Total dissolved solids,Total dissolved solids,621.0,mg/L,2021-05-17,Texas Commission on Environmental Quality
TCEQMAIN-13079,E. coli,Escherichia coli,110.0,,2021-08-03,Texas Commission on Environmental Quality
TCEQMAIN-13116,Total dissolved solids,Total dissolved solids,2270.0,mg/L,2021-04-19,Texas Commission on Environmental Quality
TCEQMAIN-20449,E. coli,Escherichia coli,23.0,,2021-11-02,Texas Commission on Environmental Quality
TCEQMAIN-21542,Total dissolved solids,Total dissolved solids,672.0,mg/L,2021-10-26,Texas Commission on Environmental Quality
TCEQMAIN-15816,Total dissolved solids,Total dissolved solids,746.0,mg/L,2021-06-23,Texas Commission on Environmental Quality
TCEQMAIN-13196,E. coli,Escherichia coli,1700.0,,2021-02-09,Texas Commission on Environmental Quality
TCEQMAIN-13664,E. coli,Escherichia coli,14.0,,2021-12-08,Texas Commission on Environmental Quality
TCEQMAIN-20999,Total dissolved solids,Total dissolved solids,569.0,mg/L,2021-07-26,Texas Commission on Environmental Quality
TCEQMAIN-13664,Total dissolved solids,Total dissolved solids,1060.0,mg/L,2021-12-08,Texas Commission on Environmental Quality
TCEQMAIN-13239,E. coli,Escherichia coli,67.0,,2021-10-13,Texas Commission on Environmental Quality
TCEQMAIN-13181,E. coli,Escherichia coli,410.0,,2021-03-24,Texas Commission on Environmental Quality
TCEQMAIN-17407,E. coli,Escherichia coli,30.0,,2021-11-09,Texas Commission on Environmental Quality
TCEQMAIN-15340,E. coli,Escherichia coli,24.0,,2021-11-03,Texas Commission on Environmental Quality
TCEQMAIN-13177,Total dissolved solids,Total dissolved solids,1450.0,mg/L,2021-06-23,Texas Commission on Environmental Quality
TCEQMAIN-13181,Total dissolved solids,Total dissolved solids,1270.0,mg/L,2021-05-25,Texas Commission on Environmental Quality
TCEQMAIN-22121,E. coli,Escherichia coli,2000.0,,2021-05-26,Texas Commission on Environmental Quality
TCEQMAIN-13196,Total dissolved solids,Total dissolved solids,633.0,mg/L,2021-02-09,Texas Commission on Environmental Quality
TCEQMAIN-14164,Total dissolved solids,Total dissolved solids,6290.0,mg/L,2021-06-15,Texas Commission on Environmental Quality
TCEQMAIN-13104,Total dissolved solids,Total dissolved solids,422.0,mg/L,2021-01-26,Texas Commission on Environmental Quality
TCEQMAIN-22170,Total dissolved solids,Total dissolved solids,14180.0,mg/L,2021-08-03,Texas Commission on Environmental Quality
TCEQMAIN-13272,E. coli,Escherichia coli,140.0,,2021-03-09,Texas Commission on Environmental Quality
TCEQMAIN-13177,E. coli,Escherichia coli,15.0,,2021-08-25,Texas Commission on Environmental Quality
TCEQMAIN-21012,E. coli,Escherichia coli,11.0,,2021-12-13,Texas Commission on Environmental Quality
ADVENTURESCIENTISTS-28.98.103.18,Total dissolved solids,Total dissolved solids,572.0,ppm,2021-05-18,Adventure Scientists (Volunteer)*
TCEQMAIN-13084,E. coli,Escherichia coli,94.0,,2021-06-15,Texas Commission on Environmental Quality
TCEQMAIN-13084,E. coli,Escherichia coli,38.0,,2021-12-13,Texas Commission on Environmental Quality
TCEQMAIN-13272,E. coli,Escherichia coli,75.0,,2021-01-12,Texas Commission on Environmental Quality
TCEQMAIN-13079,Total dissolved solids,Total dissolved solids,2568.0,mg/L,2021-02-24,Texas Commission on Environmental Quality
TCEQMAIN-13181,Total dissolved solids,Total dissolved solids,833.0,mg/L,2021-02-24,Texas Commission on Environmental Quality
TCEQMAIN-20449,E. coli,Escherichia coli,34.0,,2021-10-12,Texas Commission on Environmental Quality
TCEQMAIN-20999,E. coli,Escherichia coli,6800.0,,2021-04-12,Texas Commission on Environmental Quality
TCEQMAIN-20449,Total dissolved solids,Total dissolved solids,830.0,mg/L,2021-07-06,Texas Commission on Environmental Quality
TCEQMAIN-20999,E. coli,Escherichia coli,4400.0,,2021-08-23,Texas Commission on Environmental Quality
TCEQMAIN-13237,E. coli,Escherichia coli,16.0,,2021-11-02,Texas Commission on Environmental Quality
TCEQMAIN-17596,E. coli,Escherichia coli,21.0,,2021-10-19,Texas Commission on Environmental Quality
TCEQMAIN-13084,E. coli,Escherichia coli,20.0,,2021-10-05,Texas Commission on Environmental Quality
TCEQMAIN-22170,Total dissolved solids,Total dissolved solids,22172.0,mg/L,2021-02-24,Texas Commission on Environmental Quality
TCEQMAIN-20999,E. coli,Escherichia coli,4000.0,,2021-05-17,Texas Commission on Environmental Quality
TCEQMAIN-13179,Total dissolved solids,Total dissolved solids,4240.0,mg/L,2021-10-26,Texas Commission on Environmental Quality
TCEQMAIN-21012,E. coli,Escherichia coli,17.0,,2021-03-09,Texas Commission on Environmental Quality
TCEQMAIN-13181,E. coli,Escherichia coli,37.0,,2021-08-25,Texas Commission on Environmental Quality
TCEQMAIN-13196,Total dissolved solids,Total dissolved solids,670.0,mg/L,2021-12-14,Texas Commission on Environmental Quality
TCEQMAIN-14942,E. coli,Escherichia coli,120.0,,2021-10-13,Texas Commission on Environmental Quality
TCEQMAIN-20449,E. coli,Escherichia coli,30.0,,2021-09-07,Texas Commission on Environmental Quality
TCEQMAIN-20449,Total dissolved solids,Total dissolved solids,1120.0,mg/L,2021-12-14,Texas Commission on Environmental Quality
TCEQMAIN-14164,Total dissolved solids,Total dissolved solids,6230.0,mg/L,2021-08-11,Texas Commission on Environmental Quality
TCEQMAIN-13196,E. coli,Escherichia coli,110000.0,,2021-06-23,Texas Commission on Environmental Quality
TCEQMAIN-15816,Total dissolved solids,Total dissolved solids,687.0,mg/L,2021-12-14,Texas Commission on Environmental Quality
TCEQMAIN-20449,Total dissolved solids,Total dissolved solids,930.0,mg/L,2021-09-07,Texas Commission on Environmental Quality
TCEQMAIN-13272,E. coli,Escherichia coli,170.0,,2021-05-11,Texas Commission on Environmental Quality
TCEQMAIN-13229,Total dissolved solids,Total dissolved solids,2280.0,mg/L,2021-04-28,Texas Commission on Environmental Quality
TCEQMAIN-20999,E. coli,Escherichia coli,7100.0,,2021-07-26,Texas Commission on Environmental Quality
TCEQMAIN-15816,E. coli,Escherichia coli,3700.0,,2021-04-20,Texas Commission on Environmental Quality
TCEQMAIN-18801,E. coli,Escherichia coli,75.0,,2021-04-19,Texas Commission on Environmental Quality
TCEQMAIN-21542,Total dissolved solids,Total dissolved solids,672.0,mg/L,2021-12-14,Texas Commission on Environmental Quality
TCEQMAIN-15816,Total dissolved solids,Total dissolved solids,648.0,mg/L,2021-04-20,Texas Commission on Environmental Quality
TCEQMAIN-13081,E. coli,Escherichia coli,130.0,,2021-03-09,Texas Commission on Environmental Quality
TCEQMAIN-13196,E. coli,Escherichia coli,240000.0,,2021-09-22,Texas Commission on Environmental Quality
TCEQMAIN-18441,Total dissolved solids,Total dissolved solids,2290.0,mg/L,2021-03-09,Texas Commission on Environmental Quality
TCEQMAIN-16379,E. coli,Escherichia coli,230.0,,2021-11-03,Texas Commission on Environmental Quality
TCEQMAIN-20449,E. coli,Escherichia coli,20.0,,2021-08-03,Texas Commission on Environmental Quality
TCEQMAIN-13103,Total dissolved solids,Total dissolved solids,3440.0,mg/L,2021-08-04,Texas Commission on Environmental Quality
TCEQMAIN-18801,E. coli,Escherichia coli,63.0,,2021-10-13,Texas Commission on Environmental Quality
TCEQMAIN-20449,Total dissolved solids,Total dissolved solids,780.0,mg/L,2021-04-13,Texas Commission on Environmental Quality
TCEQMAIN-13664,E. coli,Escherichia coli,3000.0,,2021-08-25,Texas Commission on Environmental Quality
TCEQMAIN-15892,E. coli,Escherichia coli,1.0,,2021-12-14,Texas Commission on Environmental Quality
TCEQMAIN-15816,E. coli,Escherichia coli,49000.0,,2021-06-23,Texas Commission on Environmental Quality
TCEQMAIN-15528,E. coli,Escherichia coli,2400.0,,2021-01-19,Texas Commission on Environmental Quality
TCEQMAIN-13664,Total dissolved solids,Total dissolved solids,1400.0,mg/L,2021-05-25,Texas Commission on Environmental Quality
TCEQMAIN-13103,E. coli,Escherichia coli,820.0,,2021-04-28,Texas Commission on Environmental Quality
TCEQMAIN-13274,Total dissolved solids,Total dissolved solids,572.0,mg/L,2021-09-21,Texas Commission on Environmental Quality
TCEQMAIN-13103,Total dissolved solids,Total dissolved solids,12800.0,mg/L,2021-01-26,Texas Commission on Environmental Quality
TCEQMAIN-13181,Total dissolved solids,Total dissolved solids,1210.0,mg/L,2021-06-23,Texas Commission on Environmental Quality
TCEQMAIN-20449,Total dissolved solids,Total dissolved solids,1890.0,mg/L,2021-08-03,Texas Commission on Environmental Quality
TCEQMAIN-13081,E. coli,Escherichia coli,530.0,,2021-12-13,Texas Commission on Environmental Quality
TCEQMAIN-15089,E. coli,Escherichia coli,120.0,,2021-03-23,Texas Commission on Environmental Quality
TCEQMAIN-21542,Total dissolved solids,Total dissolved solids,630.0,mg/L,2021-01-19,Texas Commission on Environmental Quality
TCEQMAIN-15528,E. coli,Escherichia coli,690.0,,2021-02-11,Texas Commission on Environmental Quality
TCEQMAIN-15816,E. coli,Escherichia coli,1300.0,,2021-02-09,Texas Commission on Environmental Quality
ADVENTURESCIENTISTS-29.04.103.11,Total dissolved solids,Total dissolved solids,260.0,ppm,2021-05-19,Adventure Scientists (Volunteer)*
TCEQMAIN-13274,E. coli,Escherichia coli,20.0,,2021-10-20,Texas Commission on Environmental Quality
TCEQMAIN-13189,E. coli,Escherichia coli,30.0,,2021-03-31,Texas Commission on Environmental Quality
TCEQMAIN-20449,Total dissolved solids,Total dissolved solids,850.0,mg/L,2021-11-02,Texas Commission on Environmental Quality
TCEQMAIN-15089,Total dissolved solids,Total dissolved solids,1900.0,mg/L,2021-03-23,Texas Commission on Environmental Quality
TCEQMAIN-13196,Total dissolved solids,Total dissolved solids,808.0,mg/L,2021-06-23,Texas Commission on Environmental Quality
TCEQMAIN-13272,E. coli,Escherichia coli,650.0,,2021-01-19,Texas Commission on Environmental Quality
TCEQMAIN-13230,E. coli,Escherichia coli,260.0,,2021-01-20,Texas Commission on Environmental Quality
TCEQMAIN-13229,Total dissolved solids,Total dissolved solids,2470.0,mg/L,2021-11-09,Texas Commission on Environmental Quality
TCEQMAIN-13181,E. coli,Escherichia coli,54.0,,2021-12-08,Texas Commission on Environmental Quality
TCEQMAIN-15821,E. coli,Escherichia coli,160.0,,2021-10-12,Texas Commission on Environmental Quality
TCEQMAIN-13181,E. coli,Escherichia coli,70.0,,2021-11-17,Texas Commission on Environmental Quality
TCEQMAIN-21542,Total dissolved solids,Total dissolved solids,667.0,mg/L,2021-04-20,Texas Commission on Environmental Quality
TCEQMAIN-13228,E. coli,Escherichia coli,6.0,,2021-12-01,Texas Commission on Environmental Quality
TCEQMAIN-20999,E. coli,Escherichia coli,16000.0,,2021-01-25,Texas Commission on Environmental Quality
TCEQMAIN-15816,E. coli,Escherichia coli,3800.0,,2021-01-19,Texas Commission on Environmental Quality
TCEQMAIN-13079,E. coli,Escherichia coli,260.0,,2021-05-06,Texas Commission on Environmental Quality
TCEQMAIN-21542,Total dissolved solids,Total dissolved solids,656.0,mg/L,2022-02-23,Texas Commission on Environmental Quality
TCEQMAIN-13229,E. coli,Escherichia coli,22.0,,2022-04-25,Texas Commission on Environmental Quality
TCEQMAIN-15089,Total dissolved solids,Total dissolved solids,1840.0,mg/L,2022-01-12,Texas Commission on Environmental Quality
TCEQMAIN-22270,E. coli,Escherichia coli,210.0,,2022-04-26,Texas Commission on Environmental Quality
TCEQMAIN-15818,E. coli,Escherichia coli,11.0,,2022-02-14,Texas Commission on Environmental Quality
TCEQMAIN-20999,E. coli,Escherichia coli,450.0,,2022-11-08,Texas Commission on Environmental Quality
TCEQMAIN-13181,E. coli,Escherichia coli,160.0,,2022-08-23,Texas Commission on Environmental Quality
TCEQMAIN-16730,Total dissolved solids,Total dissolved solids,739.0,mg/L,2022-07-19,Texas Commission on Environmental Quality
TCEQMAIN-13103,Total dissolved solids,Total dissolved solids,7940.0,mg/L,2022-02-28,Texas Commission on Environmental Quality
TCEQMAIN-20449,E. coli,Escherichia coli,16.0,,2022-03-15,Texas Commission on Environmental Quality
TCEQMAIN-20999,E. coli,Escherichia coli,310.0,,2022-03-21,Texas Commission on Environmental Quality
TCEQMAIN-20930,E. coli,Escherichia coli,260.0,,2022-11-16,Texas Commission on Environmental Quality
TCEQMAIN-13177,E. coli,Escherichia coli,240.0,,2022-08-22,Texas Commission on Environmental Quality
TCEQMAIN-13079,E. coli,Escherichia coli,200.0,,2022-06-16,Texas Commission on Environmental Quality
TCEQMAIN-13664,Total dissolved solids,Total dissolved solids,1260.0,mg/L,2022-01-26,Texas Commission on Environmental Quality
TCEQMAIN-13079,E. coli,Escherichia coli,1600.0,,2022-10-26,Texas Commission on Environmental Quality
TCEQMAIN-21542,Total dissolved solids,Total dissolved solids,615.0,mg/L,2022-04-25,Texas Commission on Environmental Quality
TCEQMAIN-22170,Total dissolved solids,Total dissolved solids,38610.0,mg/L,2022-06-16,Texas Commission on Environmental Quality
TCEQMAIN-13239,E. coli,Escherichia coli,34.0,,2022-02-23,Texas Commission on Environmental Quality
TCEQMAIN-20449,Total dissolved solids,Total dissolved solids,1180.0,mg/L,2022-01-18,Texas Commission on Environmental Quality
TCEQMAIN-17407,Total dissolved solids,Total dissolved solids,1890.0,mg/L,2022-01-26,Texas Commission on Environmental Quality
TCEQMAIN-20999,Total dissolved solids,Total dissolved solids,575.0,mg/L,2022-04-11,Texas Commission on Environmental Quality
TCEQMAIN-22118,E. coli,Escherichia coli,1100.0,,2022-07-13,Texas Commission on Environmental Quality
TCEQMAIN-13104,E. coli,Escherichia coli,46000.0,,2022-04-27,Texas Commission on Environmental Quality
TCEQMAIN-13181,E. coli,Escherichia coli,57.0,,2022-02-23,Texas Commission on Environmental Quality
TCEQMAIN-13237,E. coli,Escherichia coli,4.0,,2022-12-06,Texas Commission on Environmental Quality
TCEQMAIN-20449,Total dissolved solids,Total dissolved solids,1080.0,mg/L,2022-06-07,Texas Commission on Environmental Quality
TCEQMAIN-13270,E. coli,Escherichia coli,75.0,,2022-01-24,Texas Commission on Environmental Quality
TCEQMAIN-13239,E. coli,Escherichia coli,77.0,,2022-10-19,Texas Commission on Environmental Quality
TCEQMAIN-15089,Total dissolved solids,Total dissolved solids,649.0,mg/L,2022-06-29,Texas Commission on Environmental Quality
TCEQMAIN-22267,E. coli,Escherichia coli,3.0,,2022-02-07,Texas Commission on Environmental Quality
TCEQMAIN-13079,Nitrate,Nitrate,6.9,mg/L,2022-10-26,Texas Commission on Environmental Quality
TCEQMAIN-15816,Total dissolved solids,Total dissolved solids,616.0,mg/L,2022-08-30,Texas Commission on Environmental Quality
TCEQMAIN-13079,Nitrate,Nitrate,5.01,mg/L,2022-04-06,Texas Commission on Environmental Quality
TCEQMAIN-13181,Total dissolved solids,Total dissolved solids,820.0,mg/L,2022-08-23,Texas Commission on Environmental Quality
TCEQMAIN-13228,E. coli,Escherichia coli,39.0,,2022-09-28,Texas Commission on Environmental Quality
TCEQMAIN-13116,Total dissolved solids,Total dissolved solids,7210.0,mg/L,2022-07-11,Texas Commission on Environmental Quality
TCEQMAIN-22268,E. coli,Escherichia coli,5.0,,2022-01-21,Texas Commission on Environmental Quality
TCEQMAIN-20999,Total dissolved solids,Total dissolved solids,565.0,mg/L,2022-08-08,Texas Commission on Environmental Quality
TCEQMAIN-20449,E. coli,Escherichia coli,24.0,,2022-09-14,Texas Commission on Environmental Quality
TCEQMAIN-20999,Total dissolved solids,Total dissolved solids,597.0,mg/L,2022-07-11,Texas Commission on Environmental Quality
TCEQMAIN-13272,E. coli,Escherichia coli,1700.0,,2022-09-20,Texas Commission on Environmental Quality
TCEQMAIN-18801,E. coli,Escherichia coli,46.0,,2022-10-25,Texas Commission on Environmental Quality
TCEQMAIN-13181,E. coli,Escherichia coli,1400.0,,2022-06-27,Texas Commission on Environmental Quality
TCEQMAIN-22170,Nitrate,Nitrate,2.0,mg/L,2022-10-26,Texas Commission on Environmental Quality
TCEQMAIN-13228,Total dissolved solids,Total dissolved solids,1910.0,mg/L,2022-05-24,Texas Commission on Environmental Quality
TCEQMAIN-20449,E. coli,Escherichia coli,20.0,,2022-02-01,Texas Commission on Environmental Quality
TCEQMAIN-20449,Total dissolved solids,Total dissolved solids,1200.0,mg/L,2022-02-01,Texas Commission on Environmental Quality
TCEQMAIN-13189,Total dissolved solids,Total dissolved solids,596.0,mg/L,2022-06-28,Texas Commission on Environmental Quality
TCEQMAIN-13109,E. coli,Escherichia coli,3.0,,2022-01-19,Texas Commission on Environmental Quality
TCEQMAIN-13664,Total dissolved solids,Total dissolved solids,711.0,mg/L,2022-09-27,Texas Commission on Environmental Quality
TCEQMAIN-13272,E. coli,Escherichia coli,190.0,,2022-07-19,Texas Commission on Environmental Quality
TCEQMAIN-13109,E. coli,Escherichia coli,20.0,,2022-10-25,Texas Commission on Environmental Quality
TCEQMAIN-15821,E. coli,Escherichia coli,31.0,,2022-02-22,Texas Commission on Environmental Quality
TCEQMAIN-13177,E. coli,Escherichia coli,730.0,,2022-09-26,Texas Commission on Environmental Quality
TCEQMAIN-13196,Total dissolved solids,Total dissolved solids,725.0,mg/L,2022-06-22,Texas Commission on Environmental Quality
TCEQMAIN-22121,E. coli,Escherichia coli,1700.0,,2022-05-03,Texas Commission on Environmental Quality
TCEQMAIN-13228,Total dissolved solids,Total dissolved solids,856.0,mg/L,2022-08-15,Texas Commission on Environmental Quality
TCEQMAIN-22269,E. coli,Escherichia coli,4.0,,2022-02-07,Texas Commission on Environmental Quality
TCEQMAIN-13177,Total dissolved solids,Total dissolved solids,1700.0,mg/L,2022-02-23,Texas Commission on Environmental Quality
TCEQMAIN-21012,E. coli,Escherichia coli,54.0,,2022-05-18,Texas Commission on Environmental Quality
TCEQMAIN-22269,E. coli,Escherichia coli,1600.0,,2022-04-26,Texas Commission on Environmental Quality
TCEQMAIN-13177,Total dissolved solids,Total dissolved solids,1270.0,mg/L,2022-03-30,Texas Commission on Environmental Quality
TCEQMAIN-14164,Total dissolved solids,Total dissolved solids,2730.0,mg/L,2022-09-21,Texas Commission on Environmental Quality
TCEQMAIN-13177,E. coli,Escherichia coli,120.0,,2022-06-27,Texas Commission on Environmental Quality
TCEQMAIN-13181,Total dissolved solids,Total dissolved solids,676.0,mg/L,2022-06-27,Texas Commission on Environmental Quality
TCEQMAIN-22269,E. coli,Escherichia coli,110.0,,2022-01-21,Texas Commission on Environmental Quality
TCEQMAIN-13079,Total dissolved solids,Total dissolved solids,2512.0,mg/L,2022-04-06,Texas Commission on Environmental Quality
TCEQMAIN-14164,Total dissolved solids,Total dissolved solids,11400.0,mg/L,2022-05-11,Texas Commission on Environmental Quality
TCEQMAIN-13272,E. coli,Escherichia coli,1100.0,,2022-10-31,Texas Commission on Environmental Quality
TCEQMAIN-13103,E. coli,Escherichia coli,35000.0,,2022-04-27,Texas Commission on Environmental Quality
TCEQMAIN-13079,E. coli,Escherichia coli,2400.0,,2022-04-06,Texas Commission on Environmental Quality
TCEQMAIN-13079,Total dissolved solids,Total dissolved solids,1822.0,mg/L,2022-02-08,Texas Commission on Environmental Quality
TCEQMAIN-13276,Total dissolved solids,Total dissolved solids,483.0,mg/L,2022-06-29,Texas Commission on Environmental Quality
TCEQMAIN-13081,E. coli,Escherichia coli,320.0,,2022-11-16,Texas Commission on Environmental Quality
TCEQMAIN-13664,E. coli,Escherichia coli,100.0,,2022-05-24,Texas Commission on Environmental Quality
TCEQMAIN-15274,E. coli,Escherichia coli,10.0,,2022-03-21,Texas Commission on Environmental Quality
TCEQMAIN-13271,E. coli,Escherichia coli,460.0,,2022-10-18,Texas Commission on Environmental Quality
TCEQMAIN-13181,E. coli,Escherichia coli,330.0,,2022-09-26,Texas Commission on Environmental Quality
TCEQMAIN-13664,Total dissolved solids,Total dissolved solids,858.0,mg/L,2022-05-24,Texas Commission on Environmental Quality
TCEQMAIN-13274,Total dissolved solids,Total dissolved solids,494.0,mg/L,2022-06-29,Texas Commission on Environmental Quality
TCEQMAIN-13079,Total dissolved solids,Total dissolved solids,2594.0,mg/L,2022-06-16,Texas Commission on Environmental Quality
TCEQMAIN-22267,E. coli,Escherichia coli,110.0,,2022-01-21,Texas Commission on Environmental Quality
TCEQMAIN-13177,Total dissolved solids,Total dissolved solids,850.0,mg/L,2022-08-22,Texas Commission on Environmental Quality
TCEQMAIN-22402,E. coli,Escherichia coli,25.0,,2022-11-16,Texas Commission on Environmental Quality
TCEQMAIN-13664,Total dissolved solids,Total dissolved solids,852.0,mg/L,2022-03-30,Texas Commission on Environmental Quality
TCEQMAIN-20449,E. coli,Escherichia coli,22.0,,2022-12-06,Texas Commission on Environmental Quality
TCEQMAIN-13189,Total dissolved solids,Total dissolved solids,652.0,mg/L,2022-01-03,Texas Commission on Environmental Quality
TCEQMAIN-13664,E. coli,Escherichia coli,30.0,,2022-08-23,Texas Commission on Environmental Quality
TCEQMAIN-14942,E. coli,Escherichia coli,52.0,,2022-10-19,Texas Commission on Environmental Quality
TCEQMAIN-15821,E. coli,Escherichia coli,64.0,,2022-10-18,Texas Commission on Environmental Quality
TCEQMAIN-13081,E. coli,Escherichia coli,150.0,,2022-05-18,Texas Commission on Environmental Quality
TCEQMAIN-22170,Total dissolved solids,Total dissolved solids,27538.0,mg/L,2022-10-26,Texas Commission on Environmental Quality
TCEQMAIN-18801,E. coli,Escherichia coli,23.0,,2022-01-18,Texas Commission on Environmental Quality
TCEQMAIN-13189,E. coli,Escherichia coli,4.0,,2022-01-03,Texas Commission on Environmental Quality
TCEQMAIN-15816,Total dissolved solids,Total dissolved solids,732.0,mg/L,2022-06-22,Texas Commission on Environmental Quality
TCEQMAIN-21542,E. coli,Escherichia coli,6600.0,,2022-04-25,Texas Commission on Environmental Quality
TCEQMAIN-13079,Nitrate,Nitrate,4.5,mg/L,2022-06-16,Texas Commission on Environmental Quality
TCEQMAIN-13103,Total dissolved solids,Total dissolved solids,779.0,mg/L,2022-04-27,Texas Commission on Environmental Quality
TCEQMAIN-22170,Total dissolved solids,Total dissolved solids,34684.0,mg/L,2022-04-06,Texas Commission on Environmental Quality
TCEQMAIN-22120,E. coli,Escherichia coli,2000.0,,2022-07-27,Texas Commission on Environmental Quality
TCEQMAIN-15274,E. coli,Escherichia coli,6.0,,2022-07-20,Texas Commission on Environmental Quality
TCEQMAIN-15340,E. coli,Escherichia coli,6.0,,2022-01-24,Texas Commission on Environmental Quality
TCEQMAIN-20449,E. coli,Escherichia coli,26.0,,2022-01-18,Texas Commission on Environmental Quality
TCEQMAIN-22170,Total dissolved solids,Total dissolved solids,8874.0,mg/L,2022-02-08,Texas Commission on Environmental Quality
TCEQMAIN-20999,E. coli,Escherichia coli,50.0,,2022-02-07,Texas Commission on Environmental Quality
TCEQMAIN-20449,Total dissolved solids,Total dissolved solids,820.0,mg/L,2022-10-25,Texas Commission on Environmental Quality
TCEQMAIN-21542,E. coli,Escherichia coli,170.0,,2022-08-30,Texas Commission on Environmental Quality
TCEQMAIN-13079,Total dissolved solids,Total dissolved solids,2564.0,mg/L,2022-10-26,Texas Commission on Environmental Quality
TCEQMAIN-13239,Total dissolved solids,Total dissolved solids,276.0,mg/L,2022-10-19,Texas Commission on Environmental Quality
TCEQMAIN-17407,Total dissolved solids,Total dissolved solids,3220.0,mg/L,2022-04-26,Texas Commission on Environmental Quality
TCEQMAIN-21542,Total dissolved solids,Total dissolved solids,633.0,mg/L,2022-08-30,Texas Commission on Environmental Quality
TCEQMAIN-13196,Total dissolved solids,Total dissolved solids,644.0,mg/L,2022-02-23,Texas Commission on Environmental Quality
TCEQMAIN-22268,E. coli,Escherichia coli,1300.0,,2022-04-26,Texas Commission on Environmental Quality
TCEQMAIN-13272,E. coli,Escherichia coli,870.0,,2022-12-13,Texas Commission on Environmental Quality
TCEQMAIN-13104,Total dissolved solids,Total dissolved solids,554.0,mg/L,2022-01-26,Texas Commission on Environmental Quality
TCEQMAIN-22170,Nitrate,Nitrate,1.02,mg/L,2022-02-08,Texas Commission on Environmental Quality
TCEQMAIN-13664,E. coli,Escherichia coli,8.0,,2022-07-19,Texas Commission on Environmental Quality
TCEQMAIN-20999,Total dissolved solids,Total dissolved solids,589.0,mg/L,2022-02-07,Texas Commission on Environmental Quality
TCEQMAIN-20999,E. coli,Escherichia coli,2600.0,,2022-04-11,Texas Commission on Environmental Quality
TCEQMAIN-13181,Total dissolved solids,Total dissolved solids,728.0,mg/L,2022-05-25,Texas Commission on Environmental Quality
TCEQMAIN-20999,E. coli,Escherichia coli,14000.0,,2022-01-24,Texas Commission on Environmental Quality
TCEQMAIN-16730,Total dissolved solids,Total dissolved solids,884.0,mg/L,2022-04-19,Texas Commission on Environmental Quality
TCEQMAIN-13230,Total dissolved solids,Total dissolved solids,2310.0,mg/L,2022-02-23,Texas Commission on Environmental Quality
TCEQMAIN-14942,Total dissolved solids,Total dissolved solids,294.0,mg/L,2022-10-19,Texas Commission on Environmental Quality
TCEQMAIN-13079,Nitrate,Nitrate,4.31,mg/L,2022-02-08,Texas Commission on Environmental Quality
TCEQMAIN-13179,Total dissolved solids,Total dissolved solids,1100.0,mg/L,2022-01-12,Texas Commission on Environmental Quality
TCEQMAIN-20449,Total dissolved solids,Total dissolved solids,1120.0,mg/L,2022-05-17,Texas Commission on Environmental Quality
TCEQMAIN-21542,E. coli,Escherichia coli,230.0,,2022-06-22,Texas Commission on Environmental Quality
TCEQMAIN-13228,Total dissolved solids,Total dissolved solids,2500.0,mg/L,2022-04-20,Texas Commission on Environmental Quality
TCEQMAIN-22267,E. coli,Escherichia coli,410.0,,2022-04-26,Texas Commission on Environmental Quality
TCEQMAIN-13664,Total dissolved solids,Total dissolved solids,682.0,mg/L,2022-07-19,Texas Commission on Environmental Quality
TCEQMAIN-20449,Total dissolved solids,Total dissolved solids,960.0,mg/L,2022-12-06,Texas Commission on Environmental Quality
TCEQMAIN-22120,E. coli,Escherichia coli,1400.0,,2022-05-03,Texas Commission on Environmental Quality
TCEQMAIN-21542,Total dissolved solids,Total dissolved solids,731.0,mg/L,2022-06-22,Texas Commission on Environmental Quality
TCEQMAIN-15816,Total dissolved solids,Total dissolved solids,648.0,mg/L,2022-02-23,Texas Commission on Environmental Quality
TCEQMAIN-21012,E. coli,Escherichia coli,19.0,,2022-11-16,Texas Commission on Environmental Quality
TCEQMAIN-13664,E. coli,Escherichia coli,36.0,,2022-03-30,Texas Commission on Environmental Quality
TCEQMAIN-15274,E. coli,Escherichia coli,5.0,,2022-11-08,Texas Commission on Environmental Quality
TCEQMAIN-13229,E. coli,Escherichia coli,1100.0,,2022-09-27,Texas Commission on Environmental Quality
TCEQMAIN-13181,E. coli,Escherichia coli,260.0,,2022-05-25,Texas Commission on Environmental Quality
TCEQMAIN-13177,E. coli,Escherichia coli,45.0,,2022-03-30,Texas Commission on Environmental Quality
TCEQMAIN-16379,E. coli,Escherichia coli,160.0,,2022-03-22,Texas Commission on Environmental Quality
ADVENTURESCIENTISTS-29.18.102.99,Total dissolved solids,Total dissolved solids,1.01,ppm,2022-02-08,Adventure Scientists (Volunteer)*
TCEQMAIN-16730,Total dissolved solids,Total dissolved solids,805.0,mg/L,2022-08-16,Texas Commission on Environmental Quality
TCEQMAIN-15818,E. coli,Escherichia coli,340.0,,2022-11-30,Texas Commission on Environmental Quality
TCEQMAIN-13176,Total dissolved solids,Total dissolved solids,4460.0,mg/L,2022-01-12,Texas Commission on Environmental Quality
TCEQMAIN-13084,E. coli,Escherichia coli,390.0,,2022-05-18,Texas Commission on Environmental Quality
TCEQMAIN-20449,Total dissolved solids,Total dissolved solids,1060.0,mg/L,2022-04-05,Texas Commission on Environmental Quality
TCEQMAIN-13181,Total dissolved solids,Total dissolved solids,809.0,mg/L,2022-03-30,Texas Commission on Environmental Quality
TCEQMAIN-20930,E. coli,Escherichia coli,150.0,,2022-05-18,Texas Commission on Environmental Quality
TCEQMAIN-20449,E. coli,Escherichia coli,6.0,,2022-06-07,Texas Commission on Environmental Quality
TCEQMAIN-13230,Total dissolved solids,Total dissolved solids,610.0,mg/L,2022-08-31,Texas Commission on Environmental Quality
TCEQMAIN-20999,Total dissolved solids,Total dissolved solids,582.0,mg/L,2022-01-24,Texas Commission on Environmental Quality
TCEQMAIN-13229,Total dissolved solids,Total dissolved solids,607.0,mg/L,2022-08-31,Texas Commission on Environmental Quality
TCEQMAIN-13104,E. coli,Escherichia coli,3100.0,,2022-01-26,Texas Commission on Environmental Quality
TCEQMAIN-13270,E. coli,Escherichia coli,440.0,,2022-12-06,Texas Commission on Environmental Quality
TCEQMAIN-13230,E. coli,Escherichia coli,52.0,,2022-12-05,Texas Commission on Environmental Quality
TCEQMAIN-13229,Total dissolved solids,Total dissolved solids,2390.0,mg/L,2022-02-23,Texas Commission on Environmental Quality
TCEQMAIN-13664,Total dissolved solids,Total dissolved solids,794.0,mg/L,2022-08-23,Texas Commission on Environmental Quality
TCEQMAIN-20999,Total dissolved solids,Total dissolved solids,593.0,mg/L,2022-05-10,Texas Commission on Environmental Quality
TCEQMAIN-15816,E. coli,Escherichia coli,5300.0,,2022-04-25,Texas Commission on Environmental Quality
TCEQMAIN-14942,E. coli,Escherichia coli,170.0,,2022-02-23,Texas Commission on Environmental Quality
TCEQMAIN-13229,Total dissolved solids,Total dissolved solids,2360.0,mg/L,2022-04-27,Texas Commission on Environmental Quality
TCEQMAIN-13664,E. coli,Escherichia coli,15.0,,2022-01-26,Texas Commission on Environmental Quality
TCEQMAIN-20449,E. coli,Escherichia coli,43.0,,2022-11-08,Texas Commission on Environmental Quality
TCEQMAIN-20449,E. coli,Escherichia coli,10.0,,2022-05-17,Texas Commission on Environmental Quality
TCEQMAIN-20449,E. coli,Escherichia coli,46.0,,2022-10-25,Texas Commission on Environmental Quality
TCEQMAIN-13230,E. coli,Escherichia coli,41.0,,2022-09-27,Texas Commission on Environmental Quality
TCEQMAIN-13177,Total dissolved solids,Total dissolved solids,857.0,mg/L,2022-09-26,Texas Commission on Environmental Quality
TCEQMAIN-13181,Total dissolved solids,Total dissolved solids,782.0,mg/L,2022-09-26,Texas Commission on Environmental Quality
TCEQMAIN-20999,E. coli,Escherichia coli,1300.0,,2022-07-11,Texas Commission on Environmental Quality
TCEQMAIN-20999,E. coli,Escherichia coli,19000.0,,2022-05-10,Texas Commission on Environmental Quality
TCEQMAIN-13177,Total dissolved solids,Total dissolved solids,957.0,mg/L,2022-06-27,Texas Commission on Environmental Quality
TCEQMAIN-20449,Total dissolved solids,Total dissolved solids,1040.0,mg/L,2022-11-08,Texas Commission on Environmental Quality
TCEQMAIN-15816,E. coli,Escherichia coli,330.0,,2022-06-22,Texas Commission on Environmental Quality
TCEQMAIN-13664,E. coli,Escherichia coli,40.0,,2022-09-27,Texas Commission on Environmental Quality
TCEQMAIN-13272,E. coli,Escherichia coli,520.0,,2022-08-30,Texas Commission on Environmental Quality
TCEQMAIN-13181,Total dissolved solids,Total dissolved solids,1290.0,mg/L,2022-02-23,Texas Commission on Environmental Quality
TCEQMAIN-15816,Total dissolved solids,Total dissolved solids,604.0,mg/L,2022-04-25,Texas Commission on Environmental Quality
TCEQMAIN-13228,Total dissolved solids,Total dissolved solids,1070.0,mg/L,2022-07-20,Texas Commission on Environmental Quality
TCEQMAIN-13228,E. coli,Escherichia coli,15.0,,2022-12-06,Texas Commission on Environmental Quality
TCEQMAIN-13103,Total dissolved solids,Total dissolved solids,8840.0,mg/L,2022-01-26,Texas Commission on Environmental Quality
TCEQMAIN-13229,E. coli,Escherichia coli,20.0,,2022-12-05,Texas Commission on Environmental Quality
TCEQMAIN-15089,E. coli,Escherichia coli,65000.0,,2022-01-12,Texas Commission on Environmental Quality
TCEQMAIN-13177,E. coli,Escherichia coli,1200.0,,2022-05-25,Texas Commission on Environmental Quality
TCEQMAIN-13104,Total dissolved solids,Total dissolved solids,403.0,mg/L,2022-04-27,Texas Commission on Environmental Quality
TCEQMAIN-22268,E. coli,Escherichia coli,6.0,,2022-02-07,Texas Commission on Environmental Quality
TCEQMAIN-13103,E. coli,Escherichia coli,290.0,,2022-01-26,Texas Commission on Environmental Quality
TCEQMAIN-15340,E. coli,Escherichia coli,4.0,,2022-03-22,Texas Commission on Environmental Quality
TCEQMAIN-22401,E. coli,Escherichia coli,52.0,,2022-11-16,Texas Commission on Environmental Quality
TCEQMAIN-20449,Total dissolved solids,Total dissolved solids,1240.0,mg/L,2022-09-14,Texas Commission on Environmental Quality
TCEQMAIN-15816,E. coli,Escherichia coli,86.0,,2022-08-30,Texas Commission on Environmental Quality
TCEQMAIN-13177,Total dissolved solids,Total dissolved solids,514.0,mg/L,2022-05-25,Texas Commission on Environmental Quality
TCEQMAIN-20999,E. coli,Escherichia coli,210.0,,2022-07-20,Texas Commission on Environmental Quality
TCEQMAIN-13196,E. coli,Escherichia coli,650.0,,2022-06-22,Texas Commission on Environmental Quality
TCEQMAIN-20449,Total dissolved solids,Total dissolved solids,1280.0,mg/L,2022-03-15,Texas Commission on Environmental Quality
TCEQMAIN-13181,E. coli,Escherichia coli,63.0,,2022-03-30,Texas Commission on Environmental Quality
TCEQMAIN-20449,E. coli,Escherichia coli,10.0,,2022-04-05,Texas Commission on Environmental Quality
TCEQMAIN-13237,E. coli,Escherichia coli,3.0,,2022-01-25,Texas Commission on Environmental Quality
TCEQMAIN-13103,E. coli,Escherichia coli,41.0,,2022-02-28,Texas Commission on Environmental Quality
TCEQMAIN-13275,Total dissolved solids,Total dissolved solids,484.0,mg/L,2022-06-29,Texas Commission on Environmental Quality
TCEQMAIN-13223,E. coli,Escherichia coli,10.0,,2022-03-22,Texas Commission on Environmental Quality
TCEQMAIN-13272,E. coli,Escherichia coli,140.0,,2022-06-14,Texas Commission on Environmental Quality
TCEQMAIN-13079,E. coli,Escherichia coli,160.0,,2023-08-08,Texas Commission on Environmental Quality
TCEQMAIN-18801,E. coli,Escherichia coli,41.0,,2023-08-29,Texas Commission on Environmental Quality
TCEQMAIN-13079,Nitrate,Nitrate,5.73,mg/L,2023-08-08,Texas Commission on Environmental Quality
TCEQMAIN-13176,Total dissolved solids,Total dissolved solids,27500.0,mg/L,2023-10-25,Texas Commission on Environmental Quality
TCEQMAIN-13176,Total dissolved solids,Total dissolved solids,12400.0,mg/L,2023-08-15,Texas Commission on Environmental Quality
TCEQMAIN-13271,E. coli,Escherichia coli,18.0,,2023-02-21,Texas Commission on Environmental Quality
TCEQMAIN-20449,E. coli,Escherichia coli,11.0,,2023-07-13,Texas Commission on Environmental Quality
TCEQMAIN-15816,E. coli,Escherichia coli,11000.0,,2023-12-19,Texas Commission on Environmental Quality
TCEQMAIN-13179,E. coli,Escherichia coli,150.0,,2023-08-15,Texas Commission on Environmental Quality
TCEQMAIN-13275,E. coli,Escherichia coli,190.0,,2023-09-20,Texas Commission on Environmental Quality
TCEQMAIN-18441,Total dissolved solids,Total dissolved solids,1970.0,mg/L,2023-11-14,Texas Commission on Environmental Quality
TCEQMAIN-16730,Total dissolved solids,Total dissolved solids,1660.0,mg/L,2023-04-17,Texas Commission on Environmental Quality
TCEQMAIN-22170,Nitrate,Nitrate,2.3,mg/L,2023-02-14,Texas Commission on Environmental Quality
TCEQMAIN-15893,E. coli,Escherichia coli,2.0,,2023-01-18,Texas Commission on Environmental Quality
TCEQMAIN-13276,E. coli,Escherichia coli,58.0,,2023-07-18,Texas Commission on Environmental Quality
TCEQMAIN-15089,Total dissolved solids,Total dissolved solids,639.0,mg/L,2023-09-20,Texas Commission on Environmental Quality
TCEQMAIN-13272,E. coli,Escherichia coli,210.0,,2023-12-12,Texas Commission on Environmental Quality
TCEQMAIN-13272,E. coli,Escherichia coli,410.0,,2023-10-30,Texas Commission on Environmental Quality
TCEQMAIN-13272,E. coli,Escherichia coli,210.0,,2023-02-28,Texas Commission on Environmental Quality
TCEQMAIN-21542,E. coli,Escherichia coli,3800.0,,2023-09-19,Texas Commission on Environmental Quality
TCEQMAIN-13275,Total dissolved solids,Total dissolved solids,373.0,mg/L,2023-09-20,Texas Commission on Environmental Quality
TCEQMAIN-20449,Total dissolved solids,Total dissolved solids,590.0,mg/L,2023-03-09,Texas Commission on Environmental Quality
TCEQMAIN-13196,Total dissolved solids,Total dissolved solids,619.0,mg/L,2023-12-19,Texas Commission on Environmental Quality
TCEQMAIN-13228,E. coli,Escherichia coli,10.0,,2023-03-21,Texas Commission on Environmental Quality
TCEQMAIN-15274,E. coli,Escherichia coli,12.0,,2023-01-17,Texas Commission on Environmental Quality
TCEQMAIN-13079,Total dissolved solids,Total dissolved solids,2800.0,mg/L,2023-08-08,Texas Commission on Environmental Quality
TCEQMAIN-20449,E. coli,Escherichia coli,26.0,,2023-11-15,Texas Commission on Environmental Quality
TCEQMAIN-18441,Total dissolved solids,Total dissolved solids,2480.0,mg/L,2023-05-03,Texas Commission on Environmental Quality
TCEQMAIN-18801,E. coli,Escherichia coli,75.0,,2023-07-25,Texas Commission on Environmental Quality
TCEQMAIN-13664,Total dissolved solids,Total dissolved solids,1070.0,mg/L,2023-05-16,Texas Commission on Environmental Quality
TCEQMAIN-13196,Total dissolved solids,Total dissolved solids,591.0,mg/L,2023-09-19,Texas Commission on Environmental Quality
TCEQMAIN-20449,Total dissolved solids,Total dissolved solids,1080.0,mg/L,2023-09-12,Texas Commission on Environmental Quality
TCEQMAIN-14942,E. coli,Escherichia coli,6.0,,2023-02-22,Texas Commission on Environmental Quality
TCEQMAIN-15816,E. coli,Escherichia coli,4600.0,,2023-09-19,Texas Commission on Environmental Quality
TCEQMAIN-15816,E. coli,Escherichia coli,1600.0,,2023-10-24,Texas Commission on Environmental Quality
TCEQMAIN-20449,Total dissolved solids,Total dissolved solids,1020.0,mg/L,2023-04-25,Texas Commission on Environmental Quality
TCEQMAIN-13239,E. coli,Escherichia coli,47.0,,2023-05-17,Texas Commission on Environmental Quality
TCEQMAIN-13664,E. coli,Escherichia coli,20.0,,2023-05-16,Texas Commission on Environmental Quality
TCEQMAIN-13177,E. coli,Escherichia coli,1700.0,,2023-05-16,Texas Commission on Environmental Quality
TCEQMAIN-13276,Total dissolved solids,Total dissolved solids,378.0,mg/L,2023-09-20,Texas Commission on Environmental Quality
TCEQMAIN-15816,E. coli,Escherichia coli,2000.0,,2023-10-24,Texas Commission on Environmental Quality
TCEQMAIN-13274,Total dissolved solids,Total dissolved solids,382.0,mg/L,2023-09-20,Texas Commission on Environmental Quality
TCEQMAIN-13196,E. coli,Escherichia coli,2000.0,,2023-06-13,Texas Commission on Environmental Quality
TCEQMAIN-13835,E. coli,Escherichia coli,6.0,,2023-04-26,Texas Commission on Environmental Quality
TCEQMAIN-13177,Total dissolved solids,Total dissolved solids,947.0,mg/L,2023-05-16,Texas Commission on Environmental Quality
TCEQMAIN-15089,E. coli,Escherichia coli,440.0,,2023-12-18,Texas Commission on Environmental Quality
TCEQMAIN-13272,E. coli,Escherichia coli,100.0,,2023-05-09,Texas Commission on Environmental Quality
TCEQMAIN-13103,Total dissolved solids,Total dissolved solids,562.0,mg/L,2023-04-26,Texas Commission on Environmental Quality
TCEQMAIN-14164,Total dissolved solids,Total dissolved solids,3340.0,mg/L,2023-06-20,Texas Commission on Environmental Quality
TCEQMAIN-22170,Nitrate,Nitrate,14.9,mg/L,2023-08-08,Texas Commission on Environmental Quality
TCEQMAIN-13109,E. coli,Escherichia coli,17.0,,2023-07-25,Texas Commission on Environmental Quality
TCEQMAIN-13272,E. coli,Escherichia coli,110.0,,2023-07-11,Texas Commission on Environmental Quality
TCEQMAIN-20449,Total dissolved solids,Total dissolved solids,1150.0,mg/L,2023-05-24,Texas Commission on Environmental Quality
TCEQMAIN-20449,E. coli,Escherichia coli,3.0,,2023-05-24,Texas Commission on Environmental Quality
TCEQMAIN-13272,E. coli,Escherichia coli,130.0,,2023-06-13,Texas Commission on Environmental Quality
TCEQMAIN-13271,E. coli,Escherichia coli,690.0,,2023-05-16,Texas Commission on Environmental Quality
TCEQMAIN-13109,E. coli,Escherichia coli,140.0,,2023-08-29,Texas Commission on Environmental Quality
TCEQMAIN-13103,E. coli,Escherichia coli,2400.0,,2023-04-26,Texas Commission on Environmental Quality
TCEQMAIN-20449,E. coli,Escherichia coli,7.0,,2023-02-23,Texas Commission on Environmental Quality
TCEQMAIN-14942,E. coli,Escherichia coli,58.0,,2023-10-18,Texas Commission on Environmental Quality
TCEQMAIN-13272,E. coli,Escherichia coli,370.0,,2023-01-17,Texas Commission on Environmental Quality
TCEQMAIN-15340,E. coli,Escherichia coli,26.0,,2023-03-22,Texas Commission on Environmental Quality
TCEQMAIN-21542,Total dissolved solids,Total dissolved solids,563.0,mg/L,2023-04-19,Texas Commission on Environmental Quality
NARS_WQX-NRS_TX-10324,Nitrate,Nitrate,5.13,mg/L,2023-09-12,EPA National Aquatic Resources Survey (NARS)
TCEQMAIN-21542,Total dissolved solids,Total dissolved solids,610.0,mg/L,2023-09-19,Texas Commission on Environmental Quality
TCEQMAIN-13081,E. coli,Escherichia coli,260.0,,2023-07-31,Texas Commission on Environmental Quality
TCEQMAIN-13239,E. coli,Escherichia coli,16.0,,2023-10-18,Texas Commission on Environmental Quality
TCEQMAIN-20449,E. coli,Escherichia coli,11.0,,2023-12-20,Texas Commission on Environmental Quality
TCEQMAIN-15816,Total dissolved solids,Total dissolved solids,577.0,mg/L,2023-10-24,Texas Commission on Environmental Quality
TCEQMAIN-14164,Total dissolved solids,Total dissolved solids,3720.0,mg/L,2023-08-16,Texas Commission on Environmental Quality
TCEQMAIN-20930,E. coli,Escherichia coli,200.0,,2023-07-31,Texas Commission on Environmental Quality
TCEQMAIN-13081,E. coli,Escherichia coli,63.0,,2023-02-14,Texas Commission on Environmental Quality
TCEQMAIN-21012,E. coli,Escherichia coli,230.0,,2023-07-31,Texas Commission on Environmental Quality
TCEQMAIN-20999,E. coli,Escherichia coli,55.0,,2023-04-12,Texas Commission on Environmental Quality
TCEQMAIN-21542,E. coli,Escherichia coli,4900.0,,2023-10-24,Texas Commission on Environmental Quality
TCEQMAIN-20449,Total dissolved solids,Total dissolved solids,740.0,mg/L,2023-11-15,Texas Commission on Environmental Quality
TCEQMAIN-15816,E. coli,Escherichia coli,650.0,,2023-06-13,Texas Commission on Environmental Quality
TCEQMAIN-15821,E. coli,Escherichia coli,390.0,,2023-05-16,Texas Commission on Environmental Quality
TCEQMAIN-21542,E. coli,Escherichia coli,20.0,,2023-04-19,Texas Commission on Environmental Quality
TCEQMAIN-20449,Total dissolved solids,Total dissolved solids,1465.0,mg/L,2023-07-13,Texas Commission on Environmental Quality
TCEQMAIN-13196,E. coli,Escherichia coli,3500.0,,2023-09-19,Texas Commission on Environmental Quality
TCEQMAIN-13239,E. coli,Escherichia coli,60.0,,2023-02-22,Texas Commission on Environmental Quality
TCEQMAIN-15816,Total dissolved solids,Total dissolved solids,555.0,mg/L,2023-10-24,Texas Commission on Environmental Quality
TCEQMAIN-13228,Total dissolved solids,Total dissolved solids,2340.0,mg/L,2023-08-08,Texas Commission on Environmental Quality
TCEQMAIN-13270,E. coli,Escherichia coli,100.0,,2023-03-21,Texas Commission on Environmental Quality
TCEQMAIN-13109,E. coli,Escherichia coli,240.0,,2023-04-10,Texas Commission on Environmental Quality
TCEQMAIN-13272,E. coli,Escherichia coli,170.0,,2023-01-31,Texas Commission on Environmental Quality
TCEQMAIN-20449,Total dissolved solids,Total dissolved solids,1465.0,mg/L,2023-06-14,Texas Commission on Environmental Quality
TCEQMAIN-13239,Total dissolved solids,Total dissolved solids,284.0,mg/L,2023-05-17,Texas Commission on Environmental Quality
TCEQMAIN-13084,E. coli,Escherichia coli,340.0,,2023-02-14,Texas Commission on Environmental Quality
TCEQMAIN-13272,E. coli,Escherichia coli,210.0,,2023-08-08,Texas Commission on Environmental Quality
TCEQMAIN-18441,E. coli,Escherichia coli,17.0,,2023-08-22,Texas Commission on Environmental Quality
TCEQMAIN-18801,E. coli,Escherichia coli,20.0,,2023-04-10,Texas Commission on Environmental Quality
TCEQMAIN-15816,Total dissolved solids,Total dissolved solids,645.0,mg/L,2023-12-19,Texas Commission on Environmental Quality
TCEQMAIN-15816,E. coli,Escherichia coli,140000.0,,2023-04-19,Texas Commission on Environmental Quality
TCEQMAIN-20999,Total dissolved solids,Total dissolved solids,549.0,mg/L,2023-04-12,Texas Commission on Environmental Quality
TCEQMAIN-20930,E. coli,Escherichia coli,110.0,,2023-02-14,Texas Commission on Environmental Quality
TCEQMAIN-20449,E. coli,Escherichia coli,26.0,,2023-09-12,Texas Commission on Environmental Quality
TCEQMAIN-15821,E. coli,Escherichia coli,8.0,,2023-02-21,Texas Commission on Environmental Quality
TCEQMAIN-20449,E. coli,Escherichia coli,4.0,,2023-03-09,Texas Commission on Environmental Quality
TCEQMAIN-13274,E. coli,Escherichia coli,110.0,,2023-09-20,Texas Commission on Environmental Quality
TCEQMAIN-13196,E. coli,Escherichia coli,18000.0,,2023-12-19,Texas Commission on Environmental Quality
TCEQMAIN-21012,E. coli,Escherichia coli,6.0,,2023-02-14,Texas Commission on Environmental Quality
TCEQMAIN-22170,Total dissolved solids,Total dissolved solids,35198.0,mg/L,2023-02-14,Texas Commission on Environmental Quality
TCEQMAIN-20449,Total dissolved solids,Total dissolved solids,870.0,mg/L,2023-08-16,Texas Commission on Environmental Quality
TCEQMAIN-13104,E. coli,Escherichia coli,1500.0,,2023-04-26,Texas Commission on Environmental Quality
TCEQMAIN-15089,Total dissolved solids,Total dissolved solids,1900.0,mg/L,2023-12-18,Texas Commission on Environmental Quality
TCEQMAIN-14942,Total dissolved solids,Total dissolved solids,310.0,mg/L,2023-05-17,Texas Commission on Environmental Quality
TCEQMAIN-13229,E. coli,Escherichia coli,8.0,,2023-10-02,Texas Commission on Environmental Quality
TCEQMAIN-20449,Total dissolved solids,Total dissolved solids,900.0,mg/L,2023-10-19,Texas Commission on Environmental Quality
TCEQMAIN-13196,Total dissolved solids,Total dissolved solids,608.0,mg/L,2023-06-13,Texas Commission on Environmental Quality
TCEQMAIN-21542,Total dissolved solids,Total dissolved solids,639.0,mg/L,2023-12-19,Texas Commission on Environmental Quality
TCEQMAIN-20449,E. coli,Escherichia coli,30.0,,2023-01-12,Texas Commission on Environmental Quality
TCEQMAIN-21542,E. coli,Escherichia coli,1100.0,,2023-06-13,Texas Commission on Environmental Quality
TCEQMAIN-13272,E. coli,Escherichia coli,440.0,,2023-09-12,Texas Commission on Environmental Quality
TCEQMAIN-13272,E. coli,Escherichia coli,220.0,,2023-04-26,Texas Commission on Environmental Quality
TCEQMAIN-13230,E. coli,Escherichia coli,170.0,,2023-03-20,Texas Commission on Environmental Quality
TCEQMAIN-13084,E. coli,Escherichia coli,320.0,,2023-07-31,Texas Commission on Environmental Quality
TCEQMAIN-18441,Total dissolved solids,Total dissolved solids,2100.0,mg/L,2023-08-22,Texas Commission on Environmental Quality
TCEQMAIN-20449,E. coli,Escherichia coli,46.0,,2023-10-19,Texas Commission on Environmental Quality
TCEQMAIN-13181,E. coli,Escherichia coli,820.0,,2023-05-16,Texas Commission on Environmental Quality
TCEQMAIN-13230,Total dissolved solids,Total dissolved solids,1490.0,mg/L,2023-04-26,Texas Commission on Environmental Quality
TCEQMAIN-13230,E. coli,Escherichia coli,71.0,,2023-06-06,Texas Commission on Environmental Quality
TCEQMAIN-20449,Total dissolved solids,Total dissolved solids,870.0,mg/L,2023-02-23,Texas Commission on Environmental Quality
TCEQMAIN-21542,Total dissolved solids,Total dissolved solids,601.0,mg/L,2023-06-13,Texas Commission on Environmental Quality
TCEQMAIN-13104,Total dissolved solids,Total dissolved solids,281.0,mg/L,2023-04-26,Texas Commission on Environmental Quality
TCEQMAIN-13272,E. coli,Escherichia coli,350.0,,2023-04-18,Texas Commission on Environmental Quality
TCEQMAIN-15816,Total dissolved solids,Total dissolved solids,562.0,mg/L,2023-04-19,Texas Commission on Environmental Quality
TCEQMAIN-13116,Total dissolved solids,Total dissolved solids,2000.0,mg/L,2023-04-12,Texas Commission on Environmental Quality
TCEQMAIN-13079,Total dissolved solids,Total dissolved solids,2448.0,mg/L,2023-02-14,Texas Commission on Environmental Quality
TCEQMAIN-15818,E. coli,Escherichia coli,820.0,,2023-02-14,Texas Commission on Environmental Quality
NARS_WQX-NRS_TX-10350,Nitrate,Nitrate,5.68,mg/L,2023-09-14,EPA National Aquatic Resources Survey (NARS)
TCEQMAIN-20449,E. coli,Escherichia coli,8.0,,2023-04-25,Texas Commission on Environmental Quality
TCEQMAIN-20449,Total dissolved solids,Total dissolved solids,1180.0,mg/L,2023-12-20,Texas Commission on Environmental Quality
TCEQMAIN-15821,E. coli,Escherichia coli,90.0,,2023-10-17,Texas Commission on Environmental Quality
TCEQMAIN-13229,Total dissolved solids,Total dissolved solids,2250.0,mg/L,2023-04-26,Texas Commission on Environmental Quality
TCEQMAIN-13272,E. coli,Escherichia coli,340.0,,2023-03-28,Texas Commission on Environmental Quality
TCEQMAIN-20449,Total dissolved solids,Total dissolved solids,830.0,mg/L,2023-01-12,Texas Commission on Environmental Quality
TCEQMAIN-20449,E. coli,Escherichia coli,6.0,,2023-06-14,Texas Commission on Environmental Quality
TCEQMAIN-15816,Total dissolved solids,Total dissolved solids,662.0,mg/L,2023-06-13,Texas Commission on Environmental Quality
TCEQMAIN-20449,E. coli,Escherichia coli,30.0,,2023-08-16,Texas Commission on Environmental Quality
TCEQMAIN-13179,Total dissolved solids,Total dissolved solids,697.0,mg/L,2023-08-15,Texas Commission on Environmental Quality
TCEQMAIN-21542,E. coli,Escherichia coli,16000.0,,2023-12-19,Texas Commission on Environmental Quality
TCEQMAIN-13229,E. coli,Escherichia coli,28.0,,2023-03-20,Texas Commission on Environmental Quality
TCEQMAIN-13181,Total dissolved solids,Total dissolved solids,1160.0,mg/L,2023-05-16,Texas Commission on Environmental Quality
TCEQMAIN-15892,E. coli,Escherichia coli,2.0,,2023-04-26,Texas Commission on Environmental Quality
TCEQMAIN-13179,Total dissolved solids,Total dissolved solids,782.0,mg/L,2023-10-25,Texas Commission on Environmental Quality
TCEQMAIN-20999,Total dissolved solids,Total dissolved solids,550.0,mg/L,2023-05-08,Texas Commission on Environmental Quality
TCEQMAIN-21542,Total dissolved solids,Total dissolved solids,595.0,mg/L,2023-10-24,Texas Commission on Environmental Quality
TCEQMAIN-13272,E. coli,Escherichia coli,95.0,,2023-07-18,Texas Commission on Environmental Quality
TCEQMAIN-15816,Total dissolved solids,Total dissolved solids,608.0,mg/L,2023-09-19,Texas Commission on Environmental Quality
TCEQMAIN-13116,Total dissolved solids,Total dissolved solids,2580.0,mg/L,2023-10-18,Texas Commission on Environmental Quality
TCEQMAIN-14942,E. coli,Escherichia coli,12.0,,2023-05-17,Texas Commission on Environmental Quality
TCEQMAIN-13079,Nitrate,Nitrate,6.94,mg/L,2023-02-14,Texas Commission on Environmental Quality
TCEQMAIN-13272,E. coli,Escherichia coli,200.0,,2023-10-10,Texas Commission on Environmental Quality
TCEQMAIN-13276,E. coli,Escherichia coli,300.0,,2023-09-20,Texas Commission on Environmental Quality
TCEQMAIN-20999,E. coli,Escherichia coli,1200.0,,2023-01-17,Texas Commission on Environmental Quality
TCEQMAIN-21542,Total dissolved solids,Total dissolved solids,557.0,mg/L,2024-06-26,Texas Commission on Environmental Quality
TCEQMAIN-13196,E. coli,Escherichia coli,2600.0,,2024-02-27,Texas Commission on Environmental Quality
TCEQMAIN-13272,E. coli,Escherichia coli,250.0,,2024-02-13,Texas Commission on Environmental Quality
TCEQMAIN-13179,Total dissolved solids,Total dissolved solids,924.0,mg/L,2024-03-11,Texas Commission on Environmental Quality
TCEQMAIN-13229,E. coli,Escherichia coli,29.0,,2024-08-30,Texas Commission on Environmental Quality
TCEQMAIN-13272,E. coli,Escherichia coli,230.0,,2024-01-30,Texas Commission on Environmental Quality
TCEQMAIN-20449,E. coli,Escherichia coli,60.0,,2024-08-14,Texas Commission on Environmental Quality
TCEQMAIN-20449,E. coli,Escherichia coli,44.0,,2024-05-08,Texas Commission on Environmental Quality
TCEQMAIN-16379,E. coli,Escherichia coli,17.0,,2024-03-27,Texas Commission on Environmental Quality
TCEQMAIN-13116,Total dissolved solids,Total dissolved solids,2900.0,mg/L,2024-04-09,Texas Commission on Environmental Quality
TCEQMAIN-21542,Total dissolved solids,Total dissolved solids,585.0,mg/L,2024-02-27,Texas Commission on Environmental Quality
TCEQMAIN-13272,E. coli,Escherichia coli,410.0,,2024-11-12,Texas Commission on Environmental Quality
TCEQMAIN-21542,E. coli,Escherichia coli,7700.0,,2024-06-26,Texas Commission on Environmental Quality
TCEQMAIN-20449,Total dissolved solids,Total dissolved solids,770.0,mg/L,2024-01-11,Texas Commission on Environmental Quality
TCEQMAIN-13176,Total dissolved solids,Total dissolved solids,8340.0,mg/L,2024-03-11,Texas Commission on Environmental Quality
TCEQMAIN-13230,E. coli,Escherichia coli,160.0,,2024-08-30,Texas Commission on Environmental Quality
TCEQMAIN-20930,E. coli,Escherichia coli,120.0,,2024-01-31,Texas Commission on Environmental Quality
TCEQMAIN-13275,E. coli,Escherichia coli,29.0,,2024-04-30,Texas Commission on Environmental Quality
TCEQMAIN-20449,E. coli,Escherichia coli,63.0,,2024-07-31,Texas Commission on Environmental Quality
TCEQMAIN-13276,E. coli,Escherichia coli,650.0,,2024-07-23,Texas Commission on Environmental Quality
TCEQMAIN-13272,E. coli,Escherichia coli,120.0,,2024-07-09,Texas Commission on Environmental Quality
TCEQMAIN-15816,Total dissolved solids,Total dissolved solids,676.0,mg/L,2024-04-24,Texas Commission on Environmental Quality
TCEQMAIN-21542,E. coli,Escherichia coli,9300.0,,2024-04-24,Texas Commission on Environmental Quality
TCEQMAIN-20930,E. coli,Escherichia coli,360.0,,2024-07-31,Texas Commission on Environmental Quality
TCEQMAIN-13272,E. coli,Escherichia coli,370.0,,2024-06-11,Texas Commission on Environmental Quality
TCEQMAIN-15816,E. coli,Escherichia coli,5600.0,,2024-02-27,Texas Commission on Environmental Quality
TCEQMAIN-18441,E. coli,Escherichia coli,6.0,,2024-02-21,Texas Commission on Environmental Quality
TCEQMAIN-20449,Total dissolved solids,Total dissolved solids,890.0,mg/L,2024-02-07,Texas Commission on Environmental Quality
TCEQMAIN-13285,E. coli,Escherichia coli,97.0,,2024-12-17,Texas Commission on Environmental Quality
TCEQMAIN-13116,E. coli,Escherichia coli,60.0,,2024-04-09,Texas Commission on Environmental Quality
TCEQMAIN-20449,Total dissolved solids,Total dissolved solids,900.0,mg/L,2024-11-14,Texas Commission on Environmental Quality
TCEQMAIN-13272,E. coli,Escherichia coli,310.0,,2024-10-08,Texas Commission on Environmental Quality
TCEQMAIN-20449,Total dissolved solids,Total dissolved solids,870.0,mg/L,2024-09-17,Texas Commission on Environmental Quality
TCEQMAIN-13272,E. coli,Escherichia coli,820.0,,2024-12-10,Texas Commission on Environmental Quality
TCEQMAIN-13272,E. coli,Escherichia coli,820.0,,2024-03-12,Texas Commission on Environmental Quality
TCEQMAIN-13272,E. coli,Escherichia coli,130.0,,2024-09-10,Texas Commission on Environmental Quality
TCEQMAIN-13276,E. coli,Escherichia coli,27.0,,2024-04-30,Texas Commission on Environmental Quality
TCEQMAIN-15089,E. coli,Escherichia coli,1000.0,,2024-08-19,Texas Commission on Environmental Quality
TCEQMAIN-15089,Total dissolved solids,Total dissolved solids,423.0,mg/L,2024-04-30,Texas Commission on Environmental Quality
TCEQMAIN-13228,E. coli,Escherichia coli,27.0,,2024-08-30,Texas Commission on Environmental Quality
TCEQMAIN-13196,E. coli,Escherichia coli,17000.0,,2024-06-26,Texas Commission on Environmental Quality
TCEQMAIN-13272,E. coli,Escherichia coli,210.0,,2024-01-16,Texas Commission on Environmental Quality
TCEQMAIN-15816,Total dissolved solids,Total dissolved solids,576.0,mg/L,2024-02-27,Texas Commission on Environmental Quality
TCEQMAIN-20449,E. coli,Escherichia coli,18.0,,2024-02-07,Texas Commission on Environmental Quality
TCEQMAIN-15089,Total dissolved solids,Total dissolved solids,379.0,mg/L,2024-08-19,Texas Commission on Environmental Quality
TCEQMAIN-21542,Total dissolved solids,Total dissolved solids,679.0,mg/L,2024-04-24,Texas Commission on Environmental Quality
TCEQMAIN-15816,Total dissolved solids,Total dissolved solids,572.0,mg/L,2024-06-26,Texas Commission on Environmental Quality
TCEQMAIN-20449,Total dissolved solids,Total dissolved solids,1220.0,mg/L,2024-07-31,Texas Commission on Environmental Quality
TCEQMAIN-13272,E. coli,Escherichia coli,70.0,,2024-04-09,Texas Commission on Environmental Quality
TCEQMAIN-13276,Total dissolved solids,Total dissolved solids,395.0,mg/L,2024-08-19,Texas Commission on Environmental Quality
TCEQMAIN-20449,E. coli,Escherichia coli,55.0,,2024-04-17,Texas Commission on Environmental Quality
TCEQMAIN-21542,E. coli,Escherichia coli,5100.0,,2024-02-27,Texas Commission on Environmental Quality
TCEQMAIN-13116,Total dissolved solids,Total dissolved solids,2220.0,mg/L,2024-01-29,Texas Commission on Environmental Quality
TCEQMAIN-13084,E. coli,Escherichia coli,630.0,,2024-07-31,Texas Commission on Environmental Quality
TCEQMAIN-13272,E. coli,Escherichia coli,220.0,,2024-07-23,Texas Commission on Environmental Quality
TCEQMAIN-13275,E. coli,Escherichia coli,230.0,,2024-08-19,Texas Commission on Environmental Quality
TCEQMAIN-20449,Total dissolved solids,Total dissolved solids,790.0,mg/L,2024-06-04,Texas Commission on Environmental Quality
TCEQMAIN-20449,Total dissolved solids,Total dissolved solids,620.0,mg/L,2024-05-08,Texas Commission on Environmental Quality
TCEQMAIN-15821,E. coli,Escherichia coli,44.0,,2024-03-26,Texas Commission on Environmental Quality
TCEQMAIN-20449,E. coli,Escherichia coli,16.0,,2024-03-14,Texas Commission on Environmental Quality
TCEQMAIN-13237,E. coli,Escherichia coli,23.0,,2024-03-27,Texas Commission on Environmental Quality
TCEQMAIN-13081,E. coli,Escherichia coli,300.0,,2024-07-31,Texas Commission on Environmental Quality
TCEQMAIN-13274,E. coli,Escherichia coli,410.0,,2024-08-19,Texas Commission on Environmental Quality
TCEQMAIN-20449,Total dissolved solids,Total dissolved solids,1020.0,mg/L,2024-12-10,Texas Commission on Environmental Quality
TCEQMAIN-15816,E. coli,Escherichia coli,5000.0,,2024-06-26,Texas Commission on Environmental Quality
TCEQMAIN-13228,E. coli,Escherichia coli,11.0,,2024-01-03,Texas Commission on Environmental Quality
TCEQMAIN-13272,E. coli,Escherichia coli,110.0,,2024-08-13,Texas Commission on Environmental Quality
TCEQMAIN-13196,Total dissolved solids,Total dissolved solids,562.0,mg/L,2024-06-26,Texas Commission on Environmental Quality
TCEQMAIN-15089,E. coli,Escherichia coli,34.0,,2024-04-30,Texas Commission on Environmental Quality
TCEQMAIN-20449,E. coli,Escherichia coli,63.0,,2024-12-10,Texas Commission on Environmental Quality
TCEQMAIN-13271,E. coli,Escherichia coli,140.0,,2024-03-26,Texas Commission on Environmental Quality
TCEQMAIN-20449,Total dissolved solids,Total dissolved solids,960.0,mg/L,2024-03-14,Texas Commission on Environmental Quality
TCEQMAIN-20449,E. coli,Escherichia coli,31.0,,2024-10-16,Texas Commission on Environmental Quality
TCEQMAIN-20449,E. coli,Escherichia coli,240.0,,2024-09-17,Texas Commission on Environmental Quality
TCEQMAIN-13272,E. coli,Escherichia coli,290.0,,2024-05-14,Texas Commission on Environmental Quality
TCEQMAIN-13275,Total dissolved solids,Total dissolved solids,397.0,mg/L,2024-08-19,Texas Commission on Environmental Quality
TCEQMAIN-13274,E. coli,Escherichia coli,21.0,,2024-04-30,Texas Commission on Environmental Quality
TCEQMAIN-13275,Total dissolved solids,Total dissolved solids,402.0,mg/L,2024-04-30,Texas Commission on Environmental Quality
TCEQMAIN-21542,E. coli,Escherichia coli,170000.0,,2024-08-28,Texas Commission on Environmental Quality
TCEQMAIN-14942,E. coli,Escherichia coli,19.0,,2024-12-18,Texas Commission on Environmental Quality
TCEQMAIN-13081,E. coli,Escherichia coli,220.0,,2024-01-31,Texas Commission on Environmental Quality
TCEQMAIN-13196,Total dissolved solids,Total dissolved solids,589.0,mg/L,2024-02-27,Texas Commission on Environmental Quality
TCEQMAIN-13274,Total dissolved solids,Total dissolved solids,391.0,mg/L,2024-04-30,Texas Commission on Environmental Quality
TCEQMAIN-13084,E. coli,Escherichia coli,210.0,,2024-01-31,Texas Commission on Environmental Quality
TCEQMAIN-20449,E. coli,Escherichia coli,19.0,,2024-11-14,Texas Commission on Environmental Quality
TCEQMAIN-13274,Total dissolved solids,Total dissolved solids,404.0,mg/L,2024-08-19,Texas Commission on Environmental Quality
TCEQMAIN-18441,Total dissolved solids,Total dissolved solids,1780.0,mg/L,2024-02-21,Texas Commission on Environmental Quality
TCEQMAIN-20449,Total dissolved solids,Total dissolved solids,970.0,mg/L,2024-08-14,Texas Commission on Environmental Quality
TCEQMAIN-13272,E. coli,Escherichia coli,37.0,,2024-05-07,Texas Commission on Environmental Quality
TCEQMAIN-13276,E. coli,Escherichia coli,220.0,,2024-08-19,Texas Commission on Environmental Quality
TCEQMAIN-13276,Total dissolved solids,Total dissolved solids,400.0,mg/L,2024-04-30,Texas Commission on Environmental Quality
TCEQMAIN-20449,Total dissolved solids,Total dissolved solids,820.0,mg/L,2024-10-16,Texas Commission on Environmental Quality
TCEQMAIN-13074,E. coli,Escherichia coli,820.0,,2024-12-16,Texas Commission on Environmental Quality
TCEQMAIN-20449,E. coli,Escherichia coli,41.0,,2024-06-04,Texas Commission on Environmental Quality
TCEQMAIN-20449,E. coli,Escherichia coli,22.0,,2024-01-11,Texas Commission on Environmental Quality
TCEQMAIN-21542,Total dissolved solids,Total dissolved solids,629.0,mg/L,2024-08-28,Texas Commission on Environmental Quality
TCEQMAIN-15816,E. coli,Escherichia coli,6100.0,,2024-04-24,Texas Commission on Environmental Quality
TCEQMAIN-21012,E. coli,Escherichia coli,6.0,,2024-07-31,Texas Commission on Environmental Quality
TCEQMAIN-20449,Total dissolved solids,Total dissolved solids,860.0,mg/L,2024-04-17,Texas Commission on Environmental Quality
TCEQMAIN-13272,E. coli,Escherichia coli,140.0,,2025-01-14,Texas Commission on Environmental Quality
TCEQMAIN-20449,E. coli,Escherichia coli,16.0,,2025-02-19,Texas Commission on Environmental Quality
TCEQMAIN-20449,Total dissolved solids,Total dissolved solids,1400.0,mg/L,2025-01-16,Texas Commission on Environmental Quality
TCEQMAIN-13272,E. coli,Escherichia coli,730.0,,2025-03-11,Texas Commission on Environmental Quality
TCEQMAIN-20449,E. coli,Escherichia coli,22.0,,2025-01-16,Texas Commission on Environmental Quality
TCEQMAIN-20449,Total dissolved solids,Total dissolved solids,950.0,mg/L,2025-03-25,Texas Commission on Environmental Quality
TCEQMAIN-20449,Total dissolved solids,Total dissolved solids,1110.0,mg/L,2025-02-19,Texas Commission on Environmental Quality
TCEQMAIN-13074,E. coli,Escherichia coli,660.0,,2025-03-04,Texas Commission on Environmental Quality
TCEQMAIN-13272,E. coli,Escherichia coli,1600.0,,2025-01-28,Texas Commission on Environmental Quality
TCEQMAIN-13272,E. coli,Escherichia coli,770.0,,2025-02-11,Texas Commission on Environmental Quality
TCEQMAIN-20449,E. coli,Escherichia coli,24.0,,2025-03-25,Texas Commission on Environmental Quality
TCEQMAIN-13272,E. coli,Escherichia coli,690.0,,2025-05-13,Texas Commission on Environmental Quality
TCEQMAIN-20449,E. coli,Escherichia coli,22.0,,2025-04-16,Texas Commission on Environmental Quality
TCEQMAIN-20449,Total dissolved solids,Total dissolved solids,980.0,mg/L,2025-05-13,Texas Commission on Environmental Quality
TCEQMAIN-20449,E. coli,Escherichia coli,13.0,,2025-05-13,Texas Commission on Environmental Quality
TCEQMAIN-18801,E. coli,Escherichia coli,86.0,,2025-04-28,Texas Commission on Environmental Quality
TCEQMAIN-13272,E. coli,Escherichia coli,160.0,,2025-06-10,Texas Commission on Environmental Quality
TCEQMAIN-20449,Total dissolved solids,Total dissolved solids,750.0,mg/L,2025-04-16,Texas Commission on Environmental Quality
TCEQMAIN-13109,E. coli,Escherichia coli,81.0,,2025-04-28,Texas Commission on Environmental Quality
TCEQMAIN-13285,E. coli,Escherichia coli,140.0,,2025-04-15,Texas Commission on Environmental Quality
TCEQMAIN-13272,E. coli,Escherichia coli,350.0,,2025-04-08,Texas Commission on Environmental Quality
TCEQMAIN-20930,E. coli,Escherichia coli,200.0,,2025-07-15,Texas Commission on Environmental Quality
TCEQMAIN-13109,E. coli,Escherichia coli,9.0,,2025-07-30,Texas Commission on Environmental Quality
TCEQMAIN-13109,E. coli,Escherichia coli,12.0,,2025-09-16,Texas Commission on Environmental Quality
TCEQMAIN-21012,E. coli,Escherichia coli,17.0,,2025-07-15,Texas Commission on Environmental Quality
TCEQMAIN-13081,E. coli,Escherichia coli,270.0,,2025-07-15,Texas Commission on Environmental Quality
TCEQMAIN-13276,E. coli,Escherichia coli,140.0,,2025-07-14,Texas Commission on Environmental Quality
TCEQMAIN-13272,E. coli,Escherichia coli,2400.0,,2025-09-09,Texas Commission on Environmental Quality
TCEQMAIN-13074,E. coli,Escherichia coli,85.0,,2025-07-28,Texas Commission on Environmental Quality
TCEQMAIN-13084,E. coli,Escherichia coli,290.0,,2025-07-15,Texas Commission on Environmental Quality
TCEQMAIN-13272,E. coli,Escherichia coli,85.0,,2025-07-14,Texas Commission on Environmental Quality
TCEQMAIN-13272,E. coli,Escherichia coli,230.0,,2025-07-08,Texas Commission on Environmental Quality
TCEQMAIN-13272,E. coli,Escherichia coli,61.0,,2025-08-12,Texas Commission on Environmental Quality
TCEQMAIN-13272,E. coli,Escherichia coli,120.0,,2025-12-09,Texas Commission on Environmental Quality
TCEQMAIN-13081,E. coli,Escherichia coli,360.0,,2025-10-29,Texas Commission on Environmental Quality
TCEQMAIN-13285,E. coli,Escherichia coli,63.0,,2025-10-22,Texas Commission on Environmental Quality
TCEQMAIN-13271,E. coli,Escherichia coli,68.0,,2025-12-01,Texas Commission on Environmental Quality
TCEQMAIN-21012,E. coli,Escherichia coli,11.0,,2025-10-29,Texas Commission on Environmental Quality
TCEQMAIN-20930,E. coli,Escherichia coli,86.0,,2025-10-29,Texas Commission on Environmental Quality
TCEQMAIN-15821,E. coli,Escherichia coli,36.0,,2025-12-01,Texas Commission on Environmental Quality
TCEQMAIN-13237,E. coli,Escherichia coli,4.0,,2025-12-02,Texas Commission on Environmental Quality
TCEQMAIN-16379,E. coli,Escherichia coli,22.0,,2025-12-02,Texas Commission on Environmental Quality
TCEQMAIN-13074,E. coli,Escherichia coli,200.0,,2025-10-21,Texas Commission on Environmental Quality
TCEQMAIN-13270,E. coli,Escherichia coli,350.0,,2026-03-31,Texas Commission on Environmental Quality
TCEQMAIN-15340,E. coli,Escherichia coli,2.0,,2026-02-03,Texas Commission on Environmental Quality
TCEQMAIN-13223,E. coli,Escherichia coli,20.0,,2026-02-03,Texas Commission on Environmental Quality
TCEQMAIN-13271,E. coli,Escherichia coli,40.0,,2026-03-31,Texas Commission on Environmental Quality
TCEQMAIN-15821,E. coli,Escherichia coli,26.0,,2026-03-31,Texas Commission on Environmental Quality
TCEQMAIN-15274,E. coli,Escherichia coli,14.0,,2026-02-02,Texas Commission on Environmental Quality
TCEQMAIN-14942,E. coli,Escherichia coli,20.0,,2026-04-01,Texas Commission on Environmental Quality
TCEQMAIN-13237,E. coli,Escherichia coli,10.0,,2026-04-28,Texas Commission on Environmental Quality
TCEQMAIN-15274,E. coli,Escherichia coli,34.0,,2026-04-27,Texas Commission on Environmental Quality
TCEQMAIN-13109,E. coli,Escherichia coli,7.0,,2026-06-17,Texas Commission on Environmental Quality
TCEQMAIN-13239,E. coli,Escherichia coli,19.0,,2026-04-01,Texas Commission on Environmental Quality
TCEQMAIN-16379,E. coli,Escherichia coli,27.0,,2026-04-28,Texas Commission on Environmental Quality
USGS-08475000,Total dissolved solids,Total dissolved solids,600.0,mg/L,2023-07-11,U.S. Geological Survey
